This is pdfTeX, Version 3.141592653-2.6-1.40.26 (TeX Live 2025/dev/Debian) (preloaded format=pdflatex 2026.5.1)  1 SEP 2026 13:03
entering extended mode
 restricted \write18 enabled.
 %&-line parsing enabled.
**inferencia.tex
(./inferencia.tex
LaTeX2e <2024-11-01> patch level 2
L3 programming layer <2025-01-18>
! Undefined control sequence.
l.4 \chapter
            {Inferência}
The control sequence at the end of the top line
of your error message was never \def'ed. If you have
misspelled it (e.g., `\hobx'), type `I' and the correct
spelling (e.g., `I\hbox'). Otherwise just continue,
and I'll forget about whatever was undefined.


! LaTeX Error: Missing \begin{document}.

See the LaTeX manual or LaTeX Companion for explanation.
Type  H <return>  for immediate help.
 ...                                              
                                                  
l.4 \chapter{I
              nferência}
You're in trouble here.  Try typing  <return>  to proceed.
If that doesn't work, type  X <return>  to quit.

Missing character: There is no I in font nullfont!
Missing character: There is no n in font nullfont!
Missing character: There is no f in font nullfont!
Missing character: There is no e in font nullfont!
Missing character: There is no r in font nullfont!
LaTeX Font Info:    Trying to load font information for +cmr on input line 4.
LaTeX Font Info:    No file cmr.fd. on input line 4.

LaTeX Font Warning: Font shape `/cmr/m/n' undefined
(Font)              using `/cmr/m/n' instead on input line 4.

! Corrupted NFSS tables.
wrong@fontshape ...message {Corrupted NFSS tables}
                                                  error@fontshape else let f...
l.4 \chapter{Inferê
                    ncia}
This error message was generated by an \errmessage
command, so I can't give any explicit help.
Pretend that you're Hercule Poirot: Examine all clues,
and deduce the truth by order and method.


LaTeX Font Warning: Font shape `/cmr/m/n' undefined
(Font)              using `OT1/cmr/m/n' instead on input line 4.

Missing character: There is no n in font nullfont!
Missing character: There is no c in font nullfont!
Missing character: There is no i in font nullfont!
Missing character: There is no a in font nullfont!

Overfull \hbox (29.44446pt too wide) in paragraph at lines 4--5
[]\/cmr/m/n/10 ^e 
 []

! Undefined control sequence.
l.7 \section
            {Distribuições amostrais}
The control sequence at the end of the top line
of your error message was never \def'ed. If you have
misspelled it (e.g., `\hobx'), type `I' and the correct
spelling (e.g., `I\hbox'). Otherwise just continue,
and I'll forget about whatever was undefined.


! LaTeX Error: Missing \begin{document}.

See the LaTeX manual or LaTeX Companion for explanation.
Type  H <return>  for immediate help.
 ...                                              
                                                  
l.7 \section{D
              istribuições amostrais}
You're in trouble here.  Try typing  <return>  to proceed.
If that doesn't work, type  X <return>  to quit.

Missing character: There is no D in font nullfont!
Missing character: There is no i in font nullfont!
Missing character: There is no s in font nullfont!
Missing character: There is no t in font nullfont!
Missing character: There is no r in font nullfont!
Missing character: There is no i in font nullfont!
Missing character: There is no b in font nullfont!
Missing character: There is no u in font nullfont!
Missing character: There is no i in font nullfont!
Missing character: There is no e in font nullfont!
Missing character: There is no s in font nullfont!
Missing character: There is no a in font nullfont!
Missing character: There is no m in font nullfont!
Missing character: There is no o in font nullfont!
Missing character: There is no s in font nullfont!
Missing character: There is no t in font nullfont!
Missing character: There is no r in font nullfont!
Missing character: There is no a in font nullfont!
Missing character: There is no i in font nullfont!
Missing character: There is no s in font nullfont!

Overfull \hbox (29.44446pt too wide) in paragraph at lines 7--8
[]\/cmr/m/n/10 ^^Xc~o
 []


! LaTeX Error: Environment theorem undefined.

See the LaTeX manual or LaTeX Companion for explanation.
Type  H <return>  for immediate help.
 ...                                              
                                                  
l.9 \begin{theorem}
                   
Your command was ignored.
Type  I <command> <return>  to replace it with another command,
or  <return>  to continue without it.


! LaTeX Error: Missing \begin{document}.

See the LaTeX manual or LaTeX Companion for explanation.
Type  H <return>  for immediate help.
 ...                                              
                                                  
l.10 	S
       ejam $X_1, X_2, \ldots, X_n$ uma A.A. e seja $g$ uma função real ta...

You're in trouble here.  Try typing  <return>  to proceed.
If that doesn't work, type  X <return>  to quit.

Missing character: There is no S in font nullfont!
Missing character: There is no e in font nullfont!
Missing character: There is no j in font nullfont!
Missing character: There is no a in font nullfont!
Missing character: There is no m in font nullfont!
LaTeX Font Info:    External font `cmex10' loaded for size
(Font)              <7> on input line 10.
LaTeX Font Info:    External font `cmex10' loaded for size
(Font)              <5> on input line 10.
Missing character: There is no u in font nullfont!
Missing character: There is no m in font nullfont!
Missing character: There is no a in font nullfont!
Missing character: There is no A in font nullfont!
Missing character: There is no . in font nullfont!
Missing character: There is no A in font nullfont!
Missing character: There is no . in font nullfont!
Missing character: There is no e in font nullfont!
Missing character: There is no s in font nullfont!
Missing character: There is no e in font nullfont!
Missing character: There is no j in font nullfont!
Missing character: There is no a in font nullfont!
Missing character: There is no u in font nullfont!
Missing character: There is no m in font nullfont!
Missing character: There is no a in font nullfont!
Missing character: There is no f in font nullfont!
Missing character: There is no u in font nullfont!
Missing character: There is no n in font nullfont!
Missing character: There is no o in font nullfont!
Missing character: There is no r in font nullfont!
Missing character: There is no e in font nullfont!
Missing character: There is no a in font nullfont!
Missing character: There is no l in font nullfont!
Missing character: There is no t in font nullfont!
Missing character: There is no a in font nullfont!
Missing character: There is no l in font nullfont!
Missing character: There is no q in font nullfont!
Missing character: There is no u in font nullfont!
Missing character: There is no e in font nullfont!
! Undefined control sequence.
<recently read> \E 
                   
l.10 .... e seja $g$ uma função real tal que $\E
                                                  [g(X)]$ e $\Var[g(X)]$ exi...
The control sequence at the end of the top line
of your error message was never \def'ed. If you have
misspelled it (e.g., `\hobx'), type `I' and the correct
spelling (e.g., `I\hbox'). Otherwise just continue,
and I'll forget about whatever was undefined.

Missing character: There is no e in font nullfont!
! Undefined control sequence.
<recently read> \Var 
                     
l.10 ...a função real tal que $\E[g(X)]$ e $\Var
                                                  [g(X)]$ existam. Nesse caso,
The control sequence at the end of the top line
of your error message was never \def'ed. If you have
misspelled it (e.g., `\hobx'), type `I' and the correct
spelling (e.g., `I\hbox'). Otherwise just continue,
and I'll forget about whatever was undefined.

Missing character: There is no e in font nullfont!
Missing character: There is no x in font nullfont!
Missing character: There is no i in font nullfont!
Missing character: There is no s in font nullfont!
Missing character: There is no t in font nullfont!
Missing character: There is no a in font nullfont!
Missing character: There is no m in font nullfont!
Missing character: There is no . in font nullfont!
Missing character: There is no N in font nullfont!
Missing character: There is no e in font nullfont!
Missing character: There is no s in font nullfont!
Missing character: There is no s in font nullfont!
Missing character: There is no e in font nullfont!
Missing character: There is no c in font nullfont!
Missing character: There is no a in font nullfont!
Missing character: There is no s in font nullfont!
Missing character: There is no o in font nullfont!
Missing character: There is no , in font nullfont!

Overfull \hbox (20.0pt too wide) in paragraph at lines 10--11
[]
 []


Overfull \hbox (65.93625pt too wide) in paragraph at lines 10--11
\OML/cmm/m/it/10 X[]; X[]; [] ; X[]$
 []


Overfull \hbox (5.12846pt too wide) in paragraph at lines 10--11
\OML/cmm/m/it/10 g$
 []


Overfull \hbox (9.44446pt too wide) in paragraph at lines 10--11
\/cmr/m/n/10 ^^Xc~a
 []


Overfull \hbox (27.53127pt too wide) in paragraph at lines 10--11
\/cmr/m/n/10 [\OML/cmm/m/it/10 g\/cmr/m/n/10 (\OML/cmm/m/it/10 X\/cmr/m/n/10 )]
$
 []


Overfull \hbox (27.53127pt too wide) in paragraph at lines 10--11
\/cmr/m/n/10 [\OML/cmm/m/it/10 g\/cmr/m/n/10 (\OML/cmm/m/it/10 X\/cmr/m/n/10 )]
$
 []

! Undefined control sequence.
l.12 	\E
        \left[\sum_{i=1}^{n} g(X_i)\right] = n\E[g(X)],
The control sequence at the end of the top line
of your error message was never \def'ed. If you have
misspelled it (e.g., `\hobx'), type `I' and the correct
spelling (e.g., `I\hbox'). Otherwise just continue,
and I'll forget about whatever was undefined.

! Undefined control sequence.
l.12 	\E\left[\sum_{i=1}^{n} g(X_i)\right] = n\E
                                                [g(X)],
The control sequence at the end of the top line
of your error message was never \def'ed. If you have
misspelled it (e.g., `\hobx'), type `I' and the correct
spelling (e.g., `I\hbox'). Otherwise just continue,
and I'll forget about whatever was undefined.


Overfull \hbox (101.94272pt too wide) detected at line 13
[] \/cmr/m/n/10 = \OML/cmm/m/it/10 n\/cmr/m/n/10 [\OML/cmm/m/it/10 g\/cmr/m/n/1
0 (\OML/cmm/m/it/10 X\/cmr/m/n/10 )]\OML/cmm/m/it/10 ;
 []

Missing character: There is no e in font nullfont!
! Undefined control sequence.
l.16 	\Var
          \left[\sum_{i=1}^{n} g(X_i)\right] = n\Var[g(X)].
The control sequence at the end of the top line
of your error message was never \def'ed. If you have
misspelled it (e.g., `\hobx'), type `I' and the correct
spelling (e.g., `I\hbox'). Otherwise just continue,
and I'll forget about whatever was undefined.

! Undefined control sequence.
l.16 ...\left[\sum_{i=1}^{n} g(X_i)\right] = n\Var
                                                  [g(X)].
The control sequence at the end of the top line
of your error message was never \def'ed. If you have
misspelled it (e.g., `\hobx'), type `I' and the correct
spelling (e.g., `I\hbox'). Otherwise just continue,
and I'll forget about whatever was undefined.


Overfull \hbox (101.94272pt too wide) detected at line 17
[] \/cmr/m/n/10 = \OML/cmm/m/it/10 n\/cmr/m/n/10 [\OML/cmm/m/it/10 g\/cmr/m/n/1
0 (\OML/cmm/m/it/10 X\/cmr/m/n/10 )]\OML/cmm/m/it/10 :
 []


! LaTeX Error: \begin{document} ended by \end{theorem}.

See the LaTeX manual or LaTeX Companion for explanation.
Type  H <return>  for immediate help.
 ...                                              
                                                  
l.18 \end{theorem}
                  
Your command was ignored.
Type  I <command> <return>  to replace it with another command,
or  <return>  to continue without it.


! LaTeX Error: Environment theorem undefined.

See the LaTeX manual or LaTeX Companion for explanation.
Type  H <return>  for immediate help.
 ...                                              
                                                  
l.20 \begin{theorem}
                    
Your command was ignored.
Type  I <command> <return>  to replace it with another command,
or  <return>  to continue without it.


! LaTeX Error: Missing \begin{document}.

See the LaTeX manual or LaTeX Companion for explanation.
Type  H <return>  for immediate help.
 ...                                              
                                                  
l.21 	S
       ejam $X_1, X_2, \ldots, X_n$ uma A.A. de uma população com média $...

You're in trouble here.  Try typing  <return>  to proceed.
If that doesn't work, type  X <return>  to quit.

Missing character: There is no S in font nullfont!
Missing character: There is no e in font nullfont!
Missing character: There is no j in font nullfont!
Missing character: There is no a in font nullfont!
Missing character: There is no m in font nullfont!
Missing character: There is no u in font nullfont!
Missing character: There is no m in font nullfont!
Missing character: There is no a in font nullfont!
Missing character: There is no A in font nullfont!
Missing character: There is no . in font nullfont!
Missing character: There is no A in font nullfont!
Missing character: There is no . in font nullfont!
Missing character: There is no d in font nullfont!
Missing character: There is no e in font nullfont!
Missing character: There is no u in font nullfont!
Missing character: There is no m in font nullfont!
Missing character: There is no a in font nullfont!
Missing character: There is no p in font nullfont!
Missing character: There is no o in font nullfont!
Missing character: There is no p in font nullfont!
Missing character: There is no u in font nullfont!
Missing character: There is no l in font nullfont!
Missing character: There is no a in font nullfont!
Missing character: There is no o in font nullfont!
Missing character: There is no c in font nullfont!
Missing character: There is no o in font nullfont!
Missing character: There is no m in font nullfont!
Missing character: There is no m in font nullfont!
Missing character: There is no d in font nullfont!
Missing character: There is no i in font nullfont!
Missing character: There is no a in font nullfont!
Missing character: There is no e in font nullfont!
Missing character: There is no v in font nullfont!
Missing character: There is no a in font nullfont!
Missing character: There is no r in font nullfont!
Missing character: There is no i in font nullfont!
Missing character: There is no n in font nullfont!
Missing character: There is no c in font nullfont!
Missing character: There is no i in font nullfont!
Missing character: There is no a in font nullfont!
Missing character: There is no . in font nullfont!
Missing character: There is no E in font nullfont!
Missing character: There is no n in font nullfont!
Missing character: There is no t in font nullfont!
Missing character: There is no o in font nullfont!
Missing character: There is no , in font nullfont!

! LaTeX Error: Environment outline undefined.

See the LaTeX manual or LaTeX Companion for explanation.
Type  H <return>  for immediate help.
 ...                                              
                                                  
l.22 	\begin{outline}
                     [enumerate]
Your command was ignored.
Type  I <command> <return>  to replace it with another command,
or  <return>  to continue without it.

Missing character: There is no [ in font nullfont!
Missing character: There is no e in font nullfont!
Missing character: There is no n in font nullfont!
Missing character: There is no u in font nullfont!
Missing character: There is no m in font nullfont!
Missing character: There is no e in font nullfont!
Missing character: There is no r in font nullfont!
Missing character: There is no a in font nullfont!
Missing character: There is no t in font nullfont!
Missing character: There is no e in font nullfont!
Missing character: There is no ] in font nullfont!
! Undefined control sequence.
l.23 		\1
          $\E(\bar{X}) = \mu$;
The control sequence at the end of the top line
of your error message was never \def'ed. If you have
misspelled it (e.g., `\hobx'), type `I' and the correct
spelling (e.g., `I\hbox'). Otherwise just continue,
and I'll forget about whatever was undefined.

! Undefined control sequence.
<recently read> \E 
                   
l.23 		\1 $\E
             (\bar{X}) = \mu$;
The control sequence at the end of the top line
of your error message was never \def'ed. If you have
misspelled it (e.g., `\hobx'), type `I' and the correct
spelling (e.g., `I\hbox'). Otherwise just continue,
and I'll forget about whatever was undefined.

Missing character: There is no ; in font nullfont!

Overfull \hbox (20.0pt too wide) in paragraph at lines 21--24
[]
 []


Overfull \hbox (65.93625pt too wide) in paragraph at lines 21--24
\OML/cmm/m/it/10 X[]; X[]; [] ; X[]$
 []


Overfull \hbox (9.44446pt too wide) in paragraph at lines 21--24
\/cmr/m/n/10 ^^Xc~a
 []


Overfull \hbox (4.44444pt too wide) in paragraph at lines 21--24
\/cmr/m/n/10 ^^Se
 []


Overfull \hbox (6.02548pt too wide) in paragraph at lines 21--24
\OML/cmm/m/it/10 ^^V$
 []


Overfull \hbox (5.00002pt too wide) in paragraph at lines 21--24
\/cmr/m/n/10 ^a
 []


Overfull \hbox (21.11455pt too wide) in paragraph at lines 21--24
\OML/cmm/m/it/10 ^^[[] <
 []


Overfull \hbox (10.00002pt too wide) in paragraph at lines 21--24
\OMS/cmsy/m/n/10 1$
 []


Overfull \hbox (5.00002pt too wide) in paragraph at lines 21--24
\/cmr/m/n/10 ~a
 []


Overfull \hbox (27.40274pt too wide) in paragraph at lines 21--24
\/cmr/m/n/10 ([]) =
 []


Overfull \hbox (6.02548pt too wide) in paragraph at lines 21--24
\OML/cmm/m/it/10 ^^V$ 
 []

! Undefined control sequence.
l.25 		\1
          $\Var(\bar{X}) = \sigma^2/n$;
The control sequence at the end of the top line
of your error message was never \def'ed. If you have
misspelled it (e.g., `\hobx'), type `I' and the correct
spelling (e.g., `I\hbox'). Otherwise just continue,
and I'll forget about whatever was undefined.


! LaTeX Error: Missing \begin{document}.

See the LaTeX manual or LaTeX Companion for explanation.
Type  H <return>  for immediate help.
 ...                                              
                                                  
l.25 		\1 $
           \Var(\bar{X}) = \sigma^2/n$;
You're in trouble here.  Try typing  <return>  to proceed.
If that doesn't work, type  X <return>  to quit.

! Undefined control sequence.
<recently read> \Var 
                     
l.25 		\1 $\Var
               (\bar{X}) = \sigma^2/n$;
The control sequence at the end of the top line
of your error message was never \def'ed. If you have
misspelled it (e.g., `\hobx'), type `I' and the correct
spelling (e.g., `I\hbox'). Otherwise just continue,
and I'll forget about whatever was undefined.

Missing character: There is no ; in font nullfont!

Overfull \hbox (47.40274pt too wide) in paragraph at lines 25--26
[]$\/cmr/m/n/10 ([]) =
 []


Overfull \hbox (21.5614pt too wide) in paragraph at lines 25--26
\OML/cmm/m/it/10 ^^[[]=n$ 
 []

! Undefined control sequence.
l.27 		\1
          $\E(S^2) = \sigma^2$.
The control sequence at the end of the top line
of your error message was never \def'ed. If you have
misspelled it (e.g., `\hobx'), type `I' and the correct
spelling (e.g., `I\hbox'). Otherwise just continue,
and I'll forget about whatever was undefined.


! LaTeX Error: Missing \begin{document}.

See the LaTeX manual or LaTeX Companion for explanation.
Type  H <return>  for immediate help.
 ...                                              
                                                  
l.27 		\1 $
           \E(S^2) = \sigma^2$.
You're in trouble here.  Try typing  <return>  to proceed.
If that doesn't work, type  X <return>  to quit.

! Undefined control sequence.
<recently read> \E 
                   
l.27 		\1 $\E
             (S^2) = \sigma^2$.
The control sequence at the end of the top line
of your error message was never \def'ed. If you have
misspelled it (e.g., `\hobx'), type `I' and the correct
spelling (e.g., `I\hbox'). Otherwise just continue,
and I'll forget about whatever was undefined.

Missing character: There is no . in font nullfont!

! LaTeX Error: \begin{document} ended by \end{outline}.

See the LaTeX manual or LaTeX Companion for explanation.
Type  H <return>  for immediate help.
 ...                                              
                                                  
l.28 	\end{outline}
                   
Your command was ignored.
Type  I <command> <return>  to replace it with another command,
or  <return>  to continue without it.


! LaTeX Error: \begin{document} ended by \end{theorem}.

See the LaTeX manual or LaTeX Companion for explanation.
Type  H <return>  for immediate help.
 ...                                              
                                                  
l.29 \end{theorem}
                  
Your command was ignored.
Type  I <command> <return>  to replace it with another command,
or  <return>  to continue without it.


Overfull \hbox (49.52776pt too wide) in paragraph at lines 27--30
[]$\/cmr/m/n/10 (\OML/cmm/m/it/10 S[]\/cmr/m/n/10 ) =
 []


Overfull \hbox (10.55904pt too wide) in paragraph at lines 27--30
\OML/cmm/m/it/10 ^^[[]$
 []


! LaTeX Error: Environment theorem undefined.

See the LaTeX manual or LaTeX Companion for explanation.
Type  H <return>  for immediate help.
 ...                                              
                                                  
l.31 \begin{theorem}
                    [Distribuição amostral da média]
Your command was ignored.
Type  I <command> <return>  to replace it with another command,
or  <return>  to continue without it.


! LaTeX Error: Missing \begin{document}.

See the LaTeX manual or LaTeX Companion for explanation.
Type  H <return>  for immediate help.
 ...                                              
                                                  
l.31 \begin{theorem}[
                     Distribuição amostral da média]
You're in trouble here.  Try typing  <return>  to proceed.
If that doesn't work, type  X <return>  to quit.

Missing character: There is no [ in font nullfont!
Missing character: There is no D in font nullfont!
Missing character: There is no i in font nullfont!
Missing character: There is no s in font nullfont!
Missing character: There is no t in font nullfont!
Missing character: There is no r in font nullfont!
Missing character: There is no i in font nullfont!
Missing character: There is no b in font nullfont!
Missing character: There is no u in font nullfont!
Missing character: There is no i in font nullfont!
Missing character: There is no o in font nullfont!
Missing character: There is no a in font nullfont!
Missing character: There is no m in font nullfont!
Missing character: There is no o in font nullfont!
Missing character: There is no s in font nullfont!
Missing character: There is no t in font nullfont!
Missing character: There is no r in font nullfont!
Missing character: There is no a in font nullfont!
Missing character: There is no l in font nullfont!
Missing character: There is no d in font nullfont!
Missing character: There is no a in font nullfont!
Missing character: There is no m in font nullfont!
Missing character: There is no d in font nullfont!
Missing character: There is no i in font nullfont!
Missing character: There is no a in font nullfont!
Missing character: There is no ] in font nullfont!
Missing character: There is no S in font nullfont!
Missing character: There is no e in font nullfont!
Missing character: There is no j in font nullfont!
Missing character: There is no a in font nullfont!
Missing character: There is no m in font nullfont!
Missing character: There is no u in font nullfont!
Missing character: There is no m in font nullfont!
Missing character: There is no a in font nullfont!
Missing character: There is no A in font nullfont!
Missing character: There is no . in font nullfont!
Missing character: There is no A in font nullfont!
Missing character: There is no . in font nullfont!
Missing character: There is no d in font nullfont!
Missing character: There is no e in font nullfont!
Missing character: There is no u in font nullfont!
Missing character: There is no m in font nullfont!
Missing character: There is no a in font nullfont!
Missing character: There is no p in font nullfont!
Missing character: There is no o in font nullfont!
Missing character: There is no p in font nullfont!
Missing character: There is no u in font nullfont!
Missing character: There is no l in font nullfont!
Missing character: There is no a in font nullfont!
Missing character: There is no o in font nullfont!
Missing character: There is no c in font nullfont!
Missing character: There is no o in font nullfont!
Missing character: There is no m in font nullfont!
Missing character: There is no f in font nullfont!
Missing character: There is no u in font nullfont!
Missing character: There is no n in font nullfont!
Missing character: There is no o in font nullfont!
Missing character: There is no g in font nullfont!
Missing character: There is no e in font nullfont!
Missing character: There is no r in font nullfont!
Missing character: There is no a in font nullfont!
Missing character: There is no d in font nullfont!
Missing character: There is no o in font nullfont!
Missing character: There is no r in font nullfont!
Missing character: There is no a in font nullfont!
Missing character: There is no d in font nullfont!
Missing character: There is no e in font nullfont!
Missing character: There is no m in font nullfont!
Missing character: There is no o in font nullfont!
Missing character: There is no m in font nullfont!
Missing character: There is no e in font nullfont!
Missing character: There is no n in font nullfont!
Missing character: There is no t in font nullfont!
Missing character: There is no o in font nullfont!
Missing character: There is no s in font nullfont!
Missing character: There is no . in font nullfont!
Missing character: There is no E in font nullfont!
Missing character: There is no n in font nullfont!
Missing character: There is no t in font nullfont!
Missing character: There is no o in font nullfont!
Missing character: There is no , in font nullfont!
Missing character: There is no a in font nullfont!
Missing character: There is no F in font nullfont!
Missing character: There is no G in font nullfont!
Missing character: There is no M in font nullfont!
Missing character: There is no d in font nullfont!
Missing character: There is no a in font nullfont!
Missing character: There is no m in font nullfont!
Missing character: There is no d in font nullfont!
Missing character: There is no i in font nullfont!
Missing character: There is no a in font nullfont!
Missing character: There is no a in font nullfont!
Missing character: There is no m in font nullfont!
Missing character: There is no o in font nullfont!
Missing character: There is no s in font nullfont!
Missing character: There is no t in font nullfont!
Missing character: There is no r in font nullfont!
Missing character: There is no a in font nullfont!
Missing character: There is no l in font nullfont!
Missing character: There is no s in font nullfont!
Missing character: There is no e in font nullfont!
Missing character: There is no r in font nullfont!

Overfull \hbox (29.44446pt too wide) in paragraph at lines 31--33
[]\/cmr/m/n/10 ^^Xc~a
 []


Overfull \hbox (4.44444pt too wide) in paragraph at lines 31--33
\/cmr/m/n/10 ^^Se
 []


Overfull \hbox (65.93625pt too wide) in paragraph at lines 31--33
\OML/cmm/m/it/10 X[]; X[]; [] ; X[]$
 []


Overfull \hbox (9.44446pt too wide) in paragraph at lines 31--33
\/cmr/m/n/10 ^^Xc~a
 []


Overfull \hbox (9.44446pt too wide) in paragraph at lines 31--33
\/cmr/m/n/10 ^^Xc~a
 []


Overfull \hbox (28.69243pt too wide) in paragraph at lines 31--33
\OML/cmm/m/it/10 M[]\/cmr/m/n/10 (\OML/cmm/m/it/10 t\/cmr/m/n/10 )$
 []


Overfull \hbox (5.00002pt too wide) in paragraph at lines 31--33
\/cmr/m/n/10 ~a
 []


Overfull \hbox (4.44444pt too wide) in paragraph at lines 31--33
\/cmr/m/n/10 ^^Se
 []


Overfull \hbox (5.00002pt too wide) in paragraph at lines 31--33
\/cmr/m/n/10 ^^Sa 
 []


Overfull \hbox (95.49713pt too wide) detected at line 35
\OML/cmm/m/it/10 M[]\/cmr/m/n/10 (\OML/cmm/m/it/10 t\/cmr/m/n/10 ) = [\OML/cmm/
m/it/10 M[]\/cmr/m/n/10 (\OML/cmm/m/it/10 t=n\/cmr/m/n/10 )][]\OML/cmm/m/it/10 
:
 []


! LaTeX Error: \begin{document} ended by \end{theorem}.

See the LaTeX manual or LaTeX Companion for explanation.
Type  H <return>  for immediate help.
 ...                                              
                                                  
l.36 \end{theorem}
                  
Your command was ignored.
Type  I <command> <return>  to replace it with another command,
or  <return>  to continue without it.


! LaTeX Error: Environment theorem undefined.

See the LaTeX manual or LaTeX Companion for explanation.
Type  H <return>  for immediate help.
 ...                                              
                                                  
l.38 \begin{theorem}
                    [A.A. da Normal]
Your command was ignored.
Type  I <command> <return>  to replace it with another command,
or  <return>  to continue without it.


! LaTeX Error: Missing \begin{document}.

See the LaTeX manual or LaTeX Companion for explanation.
Type  H <return>  for immediate help.
 ...                                              
                                                  
l.38 \begin{theorem}[
                     A.A. da Normal]
You're in trouble here.  Try typing  <return>  to proceed.
If that doesn't work, type  X <return>  to quit.

Missing character: There is no [ in font nullfont!
Missing character: There is no A in font nullfont!
Missing character: There is no . in font nullfont!
Missing character: There is no A in font nullfont!
Missing character: There is no . in font nullfont!
Missing character: There is no d in font nullfont!
Missing character: There is no a in font nullfont!
Missing character: There is no N in font nullfont!
Missing character: There is no o in font nullfont!
Missing character: There is no r in font nullfont!
Missing character: There is no m in font nullfont!
Missing character: There is no a in font nullfont!
Missing character: There is no l in font nullfont!
Missing character: There is no ] in font nullfont!
Missing character: There is no S in font nullfont!
Missing character: There is no e in font nullfont!
Missing character: There is no j in font nullfont!
Missing character: There is no a in font nullfont!
Missing character: There is no m in font nullfont!
Missing character: There is no u in font nullfont!
Missing character: There is no m in font nullfont!
Missing character: There is no a in font nullfont!
Missing character: There is no A in font nullfont!
Missing character: There is no . in font nullfont!
Missing character: There is no A in font nullfont!
Missing character: There is no . in font nullfont!
Missing character: There is no d in font nullfont!
Missing character: There is no e in font nullfont!
Missing character: There is no u in font nullfont!
Missing character: There is no m in font nullfont!
Missing character: There is no a in font nullfont!
Missing character: There is no p in font nullfont!
Missing character: There is no o in font nullfont!
Missing character: There is no p in font nullfont!
Missing character: There is no u in font nullfont!
Missing character: There is no l in font nullfont!
Missing character: There is no a in font nullfont!
Missing character: There is no o in font nullfont!
Missing character: There is no c in font nullfont!
Missing character: There is no o in font nullfont!
Missing character: There is no m in font nullfont!
Missing character: There is no d in font nullfont!
Missing character: There is no i in font nullfont!
Missing character: There is no s in font nullfont!
Missing character: There is no t in font nullfont!
Missing character: There is no r in font nullfont!
Missing character: There is no i in font nullfont!
Missing character: There is no b in font nullfont!
Missing character: There is no u in font nullfont!
Missing character: There is no i in font nullfont!
Missing character: There is no o in font nullfont!
! Undefined control sequence.
<recently read> \normdist 
                          
l.39 ... população com distribuição $\normdist
                                                  {\mu, \sigma^2}$. Então,
The control sequence at the end of the top line
of your error message was never \def'ed. If you have
misspelled it (e.g., `\hobx'), type `I' and the correct
spelling (e.g., `I\hbox'). Otherwise just continue,
and I'll forget about whatever was undefined.

Missing character: There is no . in font nullfont!
Missing character: There is no E in font nullfont!
Missing character: There is no n in font nullfont!
Missing character: There is no t in font nullfont!
Missing character: There is no o in font nullfont!
Missing character: There is no , in font nullfont!

! LaTeX Error: Environment outline undefined.

See the LaTeX manual or LaTeX Companion for explanation.
Type  H <return>  for immediate help.
 ...                                              
                                                  
l.40 	\begin{outline}
                     [enumerate]
Your command was ignored.
Type  I <command> <return>  to replace it with another command,
or  <return>  to continue without it.

Missing character: There is no [ in font nullfont!
Missing character: There is no e in font nullfont!
Missing character: There is no n in font nullfont!
Missing character: There is no u in font nullfont!
Missing character: There is no m in font nullfont!
Missing character: There is no e in font nullfont!
Missing character: There is no r in font nullfont!
Missing character: There is no a in font nullfont!
Missing character: There is no t in font nullfont!
Missing character: There is no e in font nullfont!
Missing character: There is no ] in font nullfont!
! Undefined control sequence.
l.41 		\1
          $\bar{X}$ e $S^2$ são independentes;
The control sequence at the end of the top line
of your error message was never \def'ed. If you have
misspelled it (e.g., `\hobx'), type `I' and the correct
spelling (e.g., `I\hbox'). Otherwise just continue,
and I'll forget about whatever was undefined.

Missing character: There is no e in font nullfont!
Missing character: There is no s in font nullfont!
Missing character: There is no o in font nullfont!
Missing character: There is no i in font nullfont!
Missing character: There is no n in font nullfont!
Missing character: There is no d in font nullfont!
Missing character: There is no e in font nullfont!
Missing character: There is no p in font nullfont!
Missing character: There is no e in font nullfont!
Missing character: There is no n in font nullfont!
Missing character: There is no d in font nullfont!
Missing character: There is no e in font nullfont!
Missing character: There is no n in font nullfont!
Missing character: There is no t in font nullfont!
Missing character: There is no e in font nullfont!
Missing character: There is no s in font nullfont!
Missing character: There is no ; in font nullfont!

Overfull \hbox (20.0pt too wide) in paragraph at lines 38--42
[]
 []


Overfull \hbox (65.93625pt too wide) in paragraph at lines 38--42
\OML/cmm/m/it/10 X[]; X[]; [] ; X[]$
 []


Overfull \hbox (9.44446pt too wide) in paragraph at lines 38--42
\/cmr/m/n/10 ^^Xc~a
 []


Overfull \hbox (9.44446pt too wide) in paragraph at lines 38--42
\/cmr/m/n/10 ^^Xc~a
 []


Overfull \hbox (21.02893pt too wide) in paragraph at lines 38--42
[]$
 []


Overfull \hbox (5.00002pt too wide) in paragraph at lines 38--42
\/cmr/m/n/10 ~a
 []


Overfull \hbox (9.06943pt too wide) in paragraph at lines 38--42
[]$
 []


Overfull \hbox (11.19444pt too wide) in paragraph at lines 38--42
\OML/cmm/m/it/10 S[]$
 []


Overfull \hbox (5.00002pt too wide) in paragraph at lines 38--42
\/cmr/m/n/10 ~a
 []

! Undefined control sequence.
l.43 		\1
          $\bar{X} \sim \normdist{\mu, \frac{\sigma^2}{n}}$;
The control sequence at the end of the top line
of your error message was never \def'ed. If you have
misspelled it (e.g., `\hobx'), type `I' and the correct
spelling (e.g., `I\hbox'). Otherwise just continue,
and I'll forget about whatever was undefined.


! LaTeX Error: Missing \begin{document}.

See the LaTeX manual or LaTeX Companion for explanation.
Type  H <return>  for immediate help.
 ...                                              
                                                  
l.43 		\1 $
           \bar{X} \sim \normdist{\mu, \frac{\sigma^2}{n}}$;
You're in trouble here.  Try typing  <return>  to proceed.
If that doesn't work, type  X <return>  to quit.

! Undefined control sequence.
l.43 		\1 $\bar{X} \sim \normdist
                                 {\mu, \frac{\sigma^2}{n}}$;
The control sequence at the end of the top line
of your error message was never \def'ed. If you have
misspelled it (e.g., `\hobx'), type `I' and the correct
spelling (e.g., `I\hbox'). Otherwise just continue,
and I'll forget about whatever was undefined.

Missing character: There is no ; in font nullfont!

Overfull \hbox (39.62494pt too wide) in paragraph at lines 43--44
[]$[] \OMS/cmsy/m/n/10 ^^X
 []


Overfull \hbox (21.65782pt too wide) in paragraph at lines 43--44
[]$ 
 []

! Undefined control sequence.
l.45 		\1
          $\frac{(n-1)S^2}{\sigma^2} \sim \chi_{n-1}^2$.
The control sequence at the end of the top line
of your error message was never \def'ed. If you have
misspelled it (e.g., `\hobx'), type `I' and the correct
spelling (e.g., `I\hbox'). Otherwise just continue,
and I'll forget about whatever was undefined.


! LaTeX Error: Missing \begin{document}.

See the LaTeX manual or LaTeX Companion for explanation.
Type  H <return>  for immediate help.
 ...                                              
                                                  
l.45 		\1 $
           \frac{(n-1)S^2}{\sigma^2} \sim \chi_{n-1}^2$.
You're in trouble here.  Try typing  <return>  to proceed.
If that doesn't work, type  X <return>  to quit.

Missing character: There is no . in font nullfont!

! LaTeX Error: \begin{document} ended by \end{outline}.

See the LaTeX manual or LaTeX Companion for explanation.
Type  H <return>  for immediate help.
 ...                                              
                                                  
l.46 	\end{outline}
                   
Your command was ignored.
Type  I <command> <return>  to replace it with another command,
or  <return>  to continue without it.


! LaTeX Error: \begin{document} ended by \end{theorem}.

See the LaTeX manual or LaTeX Companion for explanation.
Type  H <return>  for immediate help.
 ...                                              
                                                  
l.47 \end{theorem}
                  
Your command was ignored.
Type  I <command> <return>  to replace it with another command,
or  <return>  to continue without it.


Overfull \hbox (63.58092pt too wide) in paragraph at lines 45--48
[]$[] \OMS/cmsy/m/n/10 ^^X
 []


Overfull \hbox (21.93639pt too wide) in paragraph at lines 45--48
\OML/cmm/m/it/10 ^^_[]$
 []


! LaTeX Error: Environment theorem undefined.

See the LaTeX manual or LaTeX Companion for explanation.
Type  H <return>  for immediate help.
 ...                                              
                                                  
l.49 \begin{theorem}
                    [A.A. da t-Student]
Your command was ignored.
Type  I <command> <return>  to replace it with another command,
or  <return>  to continue without it.


! LaTeX Error: Missing \begin{document}.

See the LaTeX manual or LaTeX Companion for explanation.
Type  H <return>  for immediate help.
 ...                                              
                                                  
l.49 \begin{theorem}[
                     A.A. da t-Student]
You're in trouble here.  Try typing  <return>  to proceed.
If that doesn't work, type  X <return>  to quit.

Missing character: There is no [ in font nullfont!
Missing character: There is no A in font nullfont!
Missing character: There is no . in font nullfont!
Missing character: There is no A in font nullfont!
Missing character: There is no . in font nullfont!
Missing character: There is no d in font nullfont!
Missing character: There is no a in font nullfont!
Missing character: There is no t in font nullfont!
Missing character: There is no - in font nullfont!
Missing character: There is no S in font nullfont!
Missing character: There is no t in font nullfont!
Missing character: There is no u in font nullfont!
Missing character: There is no d in font nullfont!
Missing character: There is no e in font nullfont!
Missing character: There is no n in font nullfont!
Missing character: There is no t in font nullfont!
Missing character: There is no ] in font nullfont!
Missing character: There is no S in font nullfont!
Missing character: There is no e in font nullfont!
Missing character: There is no j in font nullfont!
Missing character: There is no a in font nullfont!
Missing character: There is no m in font nullfont!
Missing character: There is no u in font nullfont!
Missing character: There is no m in font nullfont!
Missing character: There is no a in font nullfont!
Missing character: There is no A in font nullfont!
Missing character: There is no . in font nullfont!
Missing character: There is no A in font nullfont!
Missing character: There is no . in font nullfont!
Missing character: There is no o in font nullfont!
Missing character: There is no r in font nullfont!
Missing character: There is no i in font nullfont!
Missing character: There is no u in font nullfont!
Missing character: There is no n in font nullfont!
Missing character: There is no d in font nullfont!
Missing character: There is no a in font nullfont!
Missing character: There is no d in font nullfont!
Missing character: There is no e in font nullfont!
Missing character: There is no u in font nullfont!
Missing character: There is no m in font nullfont!
Missing character: There is no a in font nullfont!
Missing character: There is no p in font nullfont!
Missing character: There is no o in font nullfont!
Missing character: There is no p in font nullfont!
Missing character: There is no u in font nullfont!
Missing character: There is no l in font nullfont!
Missing character: There is no a in font nullfont!
Missing character: There is no o in font nullfont!
! Undefined control sequence.
<recently read> \normdist 
                          
l.50 ...A.A. oriunda de uma população $\normdist
                                                  {\mu, \sigma^2}$. Então
The control sequence at the end of the top line
of your error message was never \def'ed. If you have
misspelled it (e.g., `\hobx'), type `I' and the correct
spelling (e.g., `I\hbox'). Otherwise just continue,
and I'll forget about whatever was undefined.

Missing character: There is no . in font nullfont!
Missing character: There is no E in font nullfont!
Missing character: There is no n in font nullfont!
Missing character: There is no t in font nullfont!
Missing character: There is no o in font nullfont!

Overfull \hbox (20.0pt too wide) in paragraph at lines 49--51
[]
 []


Overfull \hbox (65.93625pt too wide) in paragraph at lines 49--51
\OML/cmm/m/it/10 X[]; X[]; [] ; X[]$
 []


Overfull \hbox (9.44446pt too wide) in paragraph at lines 49--51
\/cmr/m/n/10 ^^Xc~a
 []


Overfull \hbox (21.02893pt too wide) in paragraph at lines 49--51
[]$
 []


Overfull \hbox (5.00002pt too wide) in paragraph at lines 49--51
\/cmr/m/n/10 ~a 
 []

! Undefined control sequence.
l.52 	\frac{\bar{X} - \mu}{S/\sqrt{n}} \sim \tdist
                                                  {n-1}.
The control sequence at the end of the top line
of your error message was never \def'ed. If you have
misspelled it (e.g., `\hobx'), type `I' and the correct
spelling (e.g., `I\hbox'). Otherwise just continue,
and I'll forget about whatever was undefined.


Overfull \hbox (69.05255pt too wide) detected at line 53
[] \OMS/cmsy/m/n/10 ^^X []\OML/cmm/m/it/10 :
 []


! LaTeX Error: Environment note undefined.

See the LaTeX manual or LaTeX Companion for explanation.
Type  H <return>  for immediate help.
 ...                                              
                                                  
l.54 	\begin{note}
                  
Your command was ignored.
Type  I <command> <return>  to replace it with another command,
or  <return>  to continue without it.

Missing character: There is no s in font nullfont!
Missing character: There is no e in font nullfont!
! Undefined control sequence.
l.55 		se $Z \sim \normdist
                           {0,1}$ e $V \sim \chi_k^2$ independentes, então
The control sequence at the end of the top line
of your error message was never \def'ed. If you have
misspelled it (e.g., `\hobx'), type `I' and the correct
spelling (e.g., `I\hbox'). Otherwise just continue,
and I'll forget about whatever was undefined.

Missing character: There is no e in font nullfont!
Missing character: There is no i in font nullfont!
Missing character: There is no n in font nullfont!
Missing character: There is no d in font nullfont!
Missing character: There is no e in font nullfont!
Missing character: There is no p in font nullfont!
Missing character: There is no e in font nullfont!
Missing character: There is no n in font nullfont!
Missing character: There is no d in font nullfont!
Missing character: There is no e in font nullfont!
Missing character: There is no n in font nullfont!
Missing character: There is no t in font nullfont!
Missing character: There is no e in font nullfont!
Missing character: There is no s in font nullfont!
Missing character: There is no , in font nullfont!
Missing character: There is no e in font nullfont!
Missing character: There is no n in font nullfont!
Missing character: There is no t in font nullfont!
Missing character: There is no o in font nullfont!

Overfull \hbox (18.09718pt too wide) in paragraph at lines 53--56
  $\OML/cmm/m/it/10 Z \OMS/cmsy/m/n/10 ^^X
 []


Overfull \hbox (14.44444pt too wide) in paragraph at lines 53--56
[]$
 []


Overfull \hbox (18.61107pt too wide) in paragraph at lines 53--56
\OML/cmm/m/it/10 V \OMS/cmsy/m/n/10 ^^X
 []


Overfull \hbox (11.17708pt too wide) in paragraph at lines 53--56
\OML/cmm/m/it/10 ^^_[]$
 []


Overfull \hbox (5.00002pt too wide) in paragraph at lines 53--56
\/cmr/m/n/10 ~a 
 []

! Undefined control sequence.
l.57 		\frac{Z}{\sqrt{V/k}} \sim \tdist
                                       {k}.
The control sequence at the end of the top line
of your error message was never \def'ed. If you have
misspelled it (e.g., `\hobx'), type `I' and the correct
spelling (e.g., `I\hbox'). Otherwise just continue,
and I'll forget about whatever was undefined.


Overfull \hbox (51.49715pt too wide) detected at line 58
[] \OMS/cmsy/m/n/10 ^^X \OML/cmm/m/it/10 k:
 []


! LaTeX Error: \begin{document} ended by \end{note}.

See the LaTeX manual or LaTeX Companion for explanation.
Type  H <return>  for immediate help.
 ...                                              
                                                  
l.59 	\end{note}
                
Your command was ignored.
Type  I <command> <return>  to replace it with another command,
or  <return>  to continue without it.


! LaTeX Error: \begin{document} ended by \end{theorem}.

See the LaTeX manual or LaTeX Companion for explanation.
Type  H <return>  for immediate help.
 ...                                              
                                                  
l.60 \end{theorem}
                  
Your command was ignored.
Type  I <command> <return>  to replace it with another command,
or  <return>  to continue without it.


! LaTeX Error: Environment theorem undefined.

See the LaTeX manual or LaTeX Companion for explanation.
Type  H <return>  for immediate help.
 ...                                              
                                                  
l.62 \begin{theorem}
                    [Razão de A.A. da Normal]
Your command was ignored.
Type  I <command> <return>  to replace it with another command,
or  <return>  to continue without it.


! LaTeX Error: Missing \begin{document}.

See the LaTeX manual or LaTeX Companion for explanation.
Type  H <return>  for immediate help.
 ...                                              
                                                  
l.62 \begin{theorem}[
                     Razão de A.A. da Normal]
You're in trouble here.  Try typing  <return>  to proceed.
If that doesn't work, type  X <return>  to quit.

Missing character: There is no [ in font nullfont!
Missing character: There is no R in font nullfont!
Missing character: There is no a in font nullfont!
Missing character: There is no z in font nullfont!
Missing character: There is no o in font nullfont!
Missing character: There is no d in font nullfont!
Missing character: There is no e in font nullfont!
Missing character: There is no A in font nullfont!
Missing character: There is no . in font nullfont!
Missing character: There is no A in font nullfont!
Missing character: There is no . in font nullfont!
Missing character: There is no d in font nullfont!
Missing character: There is no a in font nullfont!
Missing character: There is no N in font nullfont!
Missing character: There is no o in font nullfont!
Missing character: There is no r in font nullfont!
Missing character: There is no m in font nullfont!
Missing character: There is no a in font nullfont!
Missing character: There is no l in font nullfont!
Missing character: There is no ] in font nullfont!
Missing character: There is no S in font nullfont!
Missing character: There is no e in font nullfont!
Missing character: There is no j in font nullfont!
Missing character: There is no a in font nullfont!
Missing character: There is no m in font nullfont!
Missing character: There is no e in font nullfont!
Missing character: There is no d in font nullfont!
Missing character: There is no u in font nullfont!
Missing character: There is no a in font nullfont!
Missing character: There is no s in font nullfont!
Missing character: There is no A in font nullfont!
Missing character: There is no . in font nullfont!
Missing character: There is no A in font nullfont!
Missing character: There is no . in font nullfont!
Missing character: There is no ' in font nullfont!
Missing character: There is no s in font nullfont!
Missing character: There is no o in font nullfont!
Missing character: There is no r in font nullfont!
Missing character: There is no i in font nullfont!
Missing character: There is no u in font nullfont!
Missing character: There is no n in font nullfont!
Missing character: There is no d in font nullfont!
Missing character: There is no a in font nullfont!
Missing character: There is no s in font nullfont!
Missing character: There is no d in font nullfont!
Missing character: There is no e in font nullfont!
Missing character: There is no p in font nullfont!
Missing character: There is no o in font nullfont!
Missing character: There is no p in font nullfont!
Missing character: There is no u in font nullfont!
Missing character: There is no l in font nullfont!
Missing character: There is no a in font nullfont!
Missing character: There is no e in font nullfont!
Missing character: There is no s in font nullfont!
! Undefined control sequence.
<recently read> \normdist 
                          
l.63 ...A.A.'s oriundas de populações $\normdist
                                                  {\mu_X, \sigma_X^2}$ e $\n...
The control sequence at the end of the top line
of your error message was never \def'ed. If you have
misspelled it (e.g., `\hobx'), type `I' and the correct
spelling (e.g., `I\hbox'). Otherwise just continue,
and I'll forget about whatever was undefined.

Missing character: There is no e in font nullfont!
! Undefined control sequence.
<recently read> \normdist 
                          
l.63 ...\normdist{\mu_X, \sigma_X^2}$ e $\normdist
                                                  {\mu_Y, \sigma_Y^2}$, resp...
The control sequence at the end of the top line
of your error message was never \def'ed. If you have
misspelled it (e.g., `\hobx'), type `I' and the correct
spelling (e.g., `I\hbox'). Otherwise just continue,
and I'll forget about whatever was undefined.

Missing character: There is no , in font nullfont!
Missing character: There is no r in font nullfont!
Missing character: There is no e in font nullfont!
Missing character: There is no s in font nullfont!
Missing character: There is no p in font nullfont!
Missing character: There is no e in font nullfont!
Missing character: There is no c in font nullfont!
Missing character: There is no t in font nullfont!
Missing character: There is no i in font nullfont!
Missing character: There is no v in font nullfont!
Missing character: There is no a in font nullfont!
Missing character: There is no m in font nullfont!
Missing character: There is no e in font nullfont!
Missing character: There is no n in font nullfont!
Missing character: There is no t in font nullfont!
Missing character: There is no e in font nullfont!
Missing character: There is no . in font nullfont!
Missing character: There is no E in font nullfont!
Missing character: There is no n in font nullfont!
Missing character: There is no t in font nullfont!
Missing character: There is no o in font nullfont!

Overfull \hbox (25.00002pt too wide) in paragraph at lines 62--64
[]\/cmr/m/n/10 ~a
 []


Overfull \hbox (65.93625pt too wide) in paragraph at lines 62--64
\OML/cmm/m/it/10 X[]; X[]; [] ; X[]$
 []


Overfull \hbox (60.65152pt too wide) in paragraph at lines 62--64
\OML/cmm/m/it/10 Y[]; Y[]; [] ; Y[]$
 []


Overfull \hbox (9.44446pt too wide) in paragraph at lines 62--64
\/cmr/m/n/10 ^^Xc~o
 []


Overfull \hbox (31.38824pt too wide) in paragraph at lines 62--64
[]$
 []


Overfull \hbox (30.02994pt too wide) in paragraph at lines 62--64
[]$
 []


Overfull \hbox (5.00002pt too wide) in paragraph at lines 62--64
\/cmr/m/n/10 ~a 
 []


Overfull \hbox (92.3786pt too wide) detected at line 66
[] \OMS/cmsy/m/n/10 ^^X \OML/cmm/m/it/10 F[]:
 []


! LaTeX Error: Environment note undefined.

See the LaTeX manual or LaTeX Companion for explanation.
Type  H <return>  for immediate help.
 ...                                              
                                                  
l.67 	\begin{note}
                  
Your command was ignored.
Type  I <command> <return>  to replace it with another command,
or  <return>  to continue without it.

Missing character: There is no O in font nullfont!
Missing character: There is no r in font nullfont!
Missing character: There is no e in font nullfont!
Missing character: There is no s in font nullfont!
Missing character: There is no u in font nullfont!
Missing character: There is no l in font nullfont!
Missing character: There is no t in font nullfont!
Missing character: There is no a in font nullfont!
Missing character: There is no d in font nullfont!
Missing character: There is no o in font nullfont!
Missing character: There is no a in font nullfont!
Missing character: There is no c in font nullfont!
Missing character: There is no i in font nullfont!
Missing character: There is no m in font nullfont!
Missing character: There is no a in font nullfont!
Missing character: There is no d in font nullfont!
Missing character: There is no e in font nullfont!
Missing character: There is no c in font nullfont!
Missing character: There is no o in font nullfont!
Missing character: There is no r in font nullfont!
Missing character: There is no r in font nullfont!
Missing character: There is no e in font nullfont!
Missing character: There is no d in font nullfont!
Missing character: There is no o in font nullfont!
Missing character: There is no f in font nullfont!
Missing character: There is no a in font nullfont!
Missing character: There is no t in font nullfont!
Missing character: There is no o in font nullfont!
Missing character: There is no d in font nullfont!
Missing character: There is no e in font nullfont!
Missing character: There is no q in font nullfont!
Missing character: There is no u in font nullfont!
Missing character: There is no e in font nullfont!
Missing character: There is no , in font nullfont!
Missing character: There is no s in font nullfont!
Missing character: There is no e in font nullfont!
Missing character: There is no e in font nullfont!
Missing character: There is no i in font nullfont!
Missing character: There is no n in font nullfont!
Missing character: There is no d in font nullfont!
Missing character: There is no e in font nullfont!
Missing character: There is no p in font nullfont!
Missing character: There is no e in font nullfont!
Missing character: There is no n in font nullfont!
Missing character: There is no d in font nullfont!
Missing character: There is no e in font nullfont!
Missing character: There is no n in font nullfont!
Missing character: There is no t in font nullfont!
Missing character: There is no e in font nullfont!
Missing character: There is no s in font nullfont!
Missing character: There is no , in font nullfont!
Missing character: There is no e in font nullfont!
Missing character: There is no n in font nullfont!
Missing character: There is no t in font nullfont!
Missing character: There is no o in font nullfont!

Overfull \hbox (18.61107pt too wide) in paragraph at lines 66--69
          $\OML/cmm/m/it/10 V \OMS/cmsy/m/n/10 ^^X
 []


Overfull \hbox (10.74304pt too wide) in paragraph at lines 66--69
\OML/cmm/m/it/10 ^^_[]$
 []


Overfull \hbox (21.38885pt too wide) in paragraph at lines 66--69
\OML/cmm/m/it/10 W \OMS/cmsy/m/n/10 ^^X
 []


Overfull \hbox (10.74304pt too wide) in paragraph at lines 66--69
\OML/cmm/m/it/10 ^^_[]$
 []


Overfull \hbox (5.00002pt too wide) in paragraph at lines 66--69
\/cmr/m/n/10 ~a 
 []


Overfull \hbox (54.4983pt too wide) detected at line 71
[] \OMS/cmsy/m/n/10 ^^X \OML/cmm/m/it/10 F[]:
 []


! LaTeX Error: \begin{document} ended by \end{note}.

See the LaTeX manual or LaTeX Companion for explanation.
Type  H <return>  for immediate help.
 ...                                              
                                                  
l.72 	\end{note}
                
Your command was ignored.
Type  I <command> <return>  to replace it with another command,
or  <return>  to continue without it.


! LaTeX Error: \begin{document} ended by \end{theorem}.

See the LaTeX manual or LaTeX Companion for explanation.
Type  H <return>  for immediate help.
 ...                                              
                                                  
l.73 \end{theorem}
                  
Your command was ignored.
Type  I <command> <return>  to replace it with another command,
or  <return>  to continue without it.

! Undefined control sequence.
l.75 \subsection
                {Estatísticas de ordem}
The control sequence at the end of the top line
of your error message was never \def'ed. If you have
misspelled it (e.g., `\hobx'), type `I' and the correct
spelling (e.g., `I\hbox'). Otherwise just continue,
and I'll forget about whatever was undefined.


! LaTeX Error: Missing \begin{document}.

See the LaTeX manual or LaTeX Companion for explanation.
Type  H <return>  for immediate help.
 ...                                              
                                                  
l.75 \subsection{E
                  statísticas de ordem}
You're in trouble here.  Try typing  <return>  to proceed.
If that doesn't work, type  X <return>  to quit.

Missing character: There is no E in font nullfont!
Missing character: There is no s in font nullfont!
Missing character: There is no t in font nullfont!
Missing character: There is no a in font nullfont!
Missing character: There is no t in font nullfont!
Missing character: There is no s in font nullfont!
Missing character: There is no t in font nullfont!
Missing character: There is no i in font nullfont!
Missing character: There is no c in font nullfont!
Missing character: There is no a in font nullfont!
Missing character: There is no s in font nullfont!
Missing character: There is no d in font nullfont!
Missing character: There is no e in font nullfont!
Missing character: There is no o in font nullfont!
Missing character: There is no r in font nullfont!
Missing character: There is no d in font nullfont!
Missing character: There is no e in font nullfont!
Missing character: There is no m in font nullfont!

Overfull \hbox (22.77779pt too wide) in paragraph at lines 75--76
[]\/cmr/m/n/10 ^^S^^P
 []


! LaTeX Error: Environment theorem undefined.

See the LaTeX manual or LaTeX Companion for explanation.
Type  H <return>  for immediate help.
 ...                                              
                                                  
l.78 \begin{theorem}
                    [Máximo e mínimo]
Your command was ignored.
Type  I <command> <return>  to replace it with another command,
or  <return>  to continue without it.


! LaTeX Error: Missing \begin{document}.

See the LaTeX manual or LaTeX Companion for explanation.
Type  H <return>  for immediate help.
 ...                                              
                                                  
l.78 \begin{theorem}[
                     Máximo e mínimo]
You're in trouble here.  Try typing  <return>  to proceed.
If that doesn't work, type  X <return>  to quit.

Missing character: There is no [ in font nullfont!
Missing character: There is no M in font nullfont!
Missing character: There is no x in font nullfont!
Missing character: There is no i in font nullfont!
Missing character: There is no m in font nullfont!
Missing character: There is no o in font nullfont!
Missing character: There is no e in font nullfont!
Missing character: There is no m in font nullfont!
Missing character: There is no n in font nullfont!
Missing character: There is no i in font nullfont!
Missing character: There is no m in font nullfont!
Missing character: There is no o in font nullfont!
Missing character: There is no ] in font nullfont!

! LaTeX Error: Environment outline undefined.

See the LaTeX manual or LaTeX Companion for explanation.
Type  H <return>  for immediate help.
 ...                                              
                                                  
l.80 	\begin{outline}
                     [enumerate]
Your command was ignored.
Type  I <command> <return>  to replace it with another command,
or  <return>  to continue without it.

Missing character: There is no [ in font nullfont!
Missing character: There is no e in font nullfont!
Missing character: There is no n in font nullfont!
Missing character: There is no u in font nullfont!
Missing character: There is no m in font nullfont!
Missing character: There is no e in font nullfont!
Missing character: There is no r in font nullfont!
Missing character: There is no a in font nullfont!
Missing character: There is no t in font nullfont!
Missing character: There is no e in font nullfont!
Missing character: There is no ] in font nullfont!
! Undefined control sequence.
l.81 		\1
          \( F_{X_{(n)}}(x) = \left[ F_X(x) \right]^n \) (contínua e discreta)
The control sequence at the end of the top line
of your error message was never \def'ed. If you have
misspelled it (e.g., `\hobx'), type `I' and the correct
spelling (e.g., `I\hbox'). Otherwise just continue,
and I'll forget about whatever was undefined.

Missing character: There is no ( in font nullfont!
Missing character: There is no c in font nullfont!
Missing character: There is no o in font nullfont!
Missing character: There is no n in font nullfont!
Missing character: There is no t in font nullfont!
Missing character: There is no n in font nullfont!
Missing character: There is no u in font nullfont!
Missing character: There is no a in font nullfont!
Missing character: There is no e in font nullfont!
Missing character: There is no d in font nullfont!
Missing character: There is no i in font nullfont!
Missing character: There is no s in font nullfont!
Missing character: There is no c in font nullfont!
Missing character: There is no r in font nullfont!
Missing character: There is no e in font nullfont!
Missing character: There is no t in font nullfont!
Missing character: There is no a in font nullfont!
Missing character: There is no ) in font nullfont!
! Undefined control sequence.
l.82 		\1
          \( f_{X_{(n)}}(x) = n\left[ F_X(x) \right]^{n-1} f_X(x) \) (contí...
The control sequence at the end of the top line
of your error message was never \def'ed. If you have
misspelled it (e.g., `\hobx'), type `I' and the correct
spelling (e.g., `I\hbox'). Otherwise just continue,
and I'll forget about whatever was undefined.

Missing character: There is no ( in font nullfont!
Missing character: There is no c in font nullfont!
Missing character: There is no o in font nullfont!
Missing character: There is no n in font nullfont!
Missing character: There is no t in font nullfont!
Missing character: There is no n in font nullfont!
Missing character: There is no u in font nullfont!
Missing character: There is no a in font nullfont!
Missing character: There is no ) in font nullfont!
! Undefined control sequence.
l.83 		\1
          \( F_{X_{(1)}}(x) = 1-\left[1 - F_X(x) \right]^n \) (contínua e d...
The control sequence at the end of the top line
of your error message was never \def'ed. If you have
misspelled it (e.g., `\hobx'), type `I' and the correct
spelling (e.g., `I\hbox'). Otherwise just continue,
and I'll forget about whatever was undefined.

Missing character: There is no ( in font nullfont!
Missing character: There is no c in font nullfont!
Missing character: There is no o in font nullfont!
Missing character: There is no n in font nullfont!
Missing character: There is no t in font nullfont!
Missing character: There is no n in font nullfont!
Missing character: There is no u in font nullfont!
Missing character: There is no a in font nullfont!
Missing character: There is no e in font nullfont!
Missing character: There is no d in font nullfont!
Missing character: There is no i in font nullfont!
Missing character: There is no s in font nullfont!
Missing character: There is no c in font nullfont!
Missing character: There is no r in font nullfont!
Missing character: There is no e in font nullfont!
Missing character: There is no t in font nullfont!
Missing character: There is no a in font nullfont!
Missing character: There is no ) in font nullfont!
! Undefined control sequence.
l.84 		\1
          \( f_{X_{(1)}}(x) = n\left[1- F_X(x) \right]^{n-1} f_X(x) \) (cont...
The control sequence at the end of the top line
of your error message was never \def'ed. If you have
misspelled it (e.g., `\hobx'), type `I' and the correct
spelling (e.g., `I\hbox'). Otherwise just continue,
and I'll forget about whatever was undefined.

Missing character: There is no ( in font nullfont!
Missing character: There is no c in font nullfont!
Missing character: There is no o in font nullfont!
Missing character: There is no n in font nullfont!
Missing character: There is no t in font nullfont!
Missing character: There is no n in font nullfont!
Missing character: There is no u in font nullfont!
Missing character: There is no a in font nullfont!
Missing character: There is no ) in font nullfont!

! LaTeX Error: \begin{document} ended by \end{outline}.

See the LaTeX manual or LaTeX Companion for explanation.
Type  H <return>  for immediate help.
 ...                                              
                                                  
l.85 	\end{outline}
                   
Your command was ignored.
Type  I <command> <return>  to replace it with another command,
or  <return>  to continue without it.


Overfull \hbox (25.00002pt too wide) in paragraph at lines 78--86
[]\/cmr/m/n/10 ^^Sa
 []


Overfull \hbox (2.77779pt too wide) in paragraph at lines 78--86
\/cmr/m/n/10 ^^S^^P
 []


Overfull \hbox (47.85786pt too wide) in paragraph at lines 78--86
\OML/cmm/m/it/10 F[]\/cmr/m/n/10 (\OML/cmm/m/it/10 x\/cmr/m/n/10 ) =
 []


Overfull \hbox (38.52464pt too wide) in paragraph at lines 78--86
[][]$
 []


Overfull \hbox (2.77779pt too wide) in paragraph at lines 78--86
\/cmr/m/n/10 ^^S^^P
 []


Overfull \hbox (46.32317pt too wide) in paragraph at lines 78--86
\OML/cmm/m/it/10 f[]\/cmr/m/n/10 (\OML/cmm/m/it/10 x\/cmr/m/n/10 ) =
 []


Overfull \hbox (84.08743pt too wide) in paragraph at lines 78--86
\OML/cmm/m/it/10 n [][] f[]\/cmr/m/n/10 (\OML/cmm/m/it/10 x\/cmr/m/n/10 )$
 []


Overfull \hbox (2.77779pt too wide) in paragraph at lines 78--86
\/cmr/m/n/10 ^^S^^P
 []


Overfull \hbox (46.8567pt too wide) in paragraph at lines 78--86
\OML/cmm/m/it/10 F[]\/cmr/m/n/10 (\OML/cmm/m/it/10 x\/cmr/m/n/10 ) =
 []


Overfull \hbox (12.77782pt too wide) in paragraph at lines 78--86
\/cmr/m/n/10 1 \OMS/cmsy/m/n/10 ^^@
 []


Overfull \hbox (55.7468pt too wide) in paragraph at lines 78--86
[][]$
 []


Overfull \hbox (2.77779pt too wide) in paragraph at lines 78--86
\/cmr/m/n/10 ^^S^^P
 []


Overfull \hbox (45.322pt too wide) in paragraph at lines 78--86
\OML/cmm/m/it/10 f[]\/cmr/m/n/10 (\OML/cmm/m/it/10 x\/cmr/m/n/10 ) =
 []


Overfull \hbox (101.30959pt too wide) in paragraph at lines 78--86
\OML/cmm/m/it/10 n [][] f[]\/cmr/m/n/10 (\OML/cmm/m/it/10 x\/cmr/m/n/10 )$
 []


Overfull \hbox (2.77779pt too wide) in paragraph at lines 78--86
\/cmr/m/n/10 ^^S^^P
 []


! LaTeX Error: \begin{document} ended by \end{theorem}.

See the LaTeX manual or LaTeX Companion for explanation.
Type  H <return>  for immediate help.
 ...                                              
                                                  
l.87 \end{theorem}
                  
Your command was ignored.
Type  I <command> <return>  to replace it with another command,
or  <return>  to continue without it.


! LaTeX Error: Environment theorem undefined.

See the LaTeX manual or LaTeX Companion for explanation.
Type  H <return>  for immediate help.
 ...                                              
                                                  
l.89 \begin{theorem}
                    [Contínua e discreta]
Your command was ignored.
Type  I <command> <return>  to replace it with another command,
or  <return>  to continue without it.


! LaTeX Error: Missing \begin{document}.

See the LaTeX manual or LaTeX Companion for explanation.
Type  H <return>  for immediate help.
 ...                                              
                                                  
l.89 \begin{theorem}[
                     Contínua e discreta]
You're in trouble here.  Try typing  <return>  to proceed.
If that doesn't work, type  X <return>  to quit.

Missing character: There is no [ in font nullfont!
Missing character: There is no C in font nullfont!
Missing character: There is no o in font nullfont!
Missing character: There is no n in font nullfont!
Missing character: There is no t in font nullfont!
Missing character: There is no n in font nullfont!
Missing character: There is no u in font nullfont!
Missing character: There is no a in font nullfont!
Missing character: There is no e in font nullfont!
Missing character: There is no d in font nullfont!
Missing character: There is no i in font nullfont!
Missing character: There is no s in font nullfont!
Missing character: There is no c in font nullfont!
Missing character: There is no r in font nullfont!
Missing character: There is no e in font nullfont!
Missing character: There is no t in font nullfont!
Missing character: There is no a in font nullfont!
Missing character: There is no ] in font nullfont!
Missing character: There is no S in font nullfont!
Missing character: There is no e in font nullfont!
Missing character: There is no j in font nullfont!
Missing character: There is no a in font nullfont!
Missing character: There is no m in font nullfont!
Missing character: There is no u in font nullfont!
Missing character: There is no m in font nullfont!
Missing character: There is no a in font nullfont!
Missing character: There is no A in font nullfont!
Missing character: There is no . in font nullfont!
Missing character: There is no A in font nullfont!
Missing character: There is no . in font nullfont!
Missing character: There is no d in font nullfont!
Missing character: There is no e in font nullfont!
Missing character: There is no u in font nullfont!
Missing character: There is no m in font nullfont!
Missing character: There is no a in font nullfont!
Missing character: There is no p in font nullfont!
Missing character: There is no o in font nullfont!
Missing character: There is no p in font nullfont!
Missing character: There is no u in font nullfont!
Missing character: There is no l in font nullfont!
Missing character: There is no a in font nullfont!
Missing character: There is no o in font nullfont!
Missing character: There is no c in font nullfont!
Missing character: There is no o in font nullfont!
Missing character: There is no m in font nullfont!
Missing character: There is no f in font nullfont!
Missing character: There is no . in font nullfont!
Missing character: There is no d in font nullfont!
Missing character: There is no . in font nullfont!
Missing character: There is no . in font nullfont!
Missing character: There is no N in font nullfont!
Missing character: There is no e in font nullfont!
Missing character: There is no s in font nullfont!
Missing character: There is no s in font nullfont!
Missing character: There is no e in font nullfont!
Missing character: There is no c in font nullfont!
Missing character: There is no a in font nullfont!
Missing character: There is no s in font nullfont!
Missing character: There is no o in font nullfont!
Missing character: There is no , in font nullfont!
Missing character: There is no a in font nullfont!
Missing character: There is no f in font nullfont!
Missing character: There is no . in font nullfont!
Missing character: There is no d in font nullfont!
Missing character: There is no . in font nullfont!
Missing character: There is no d in font nullfont!
Missing character: There is no a in font nullfont!
Missing character: There is no j in font nullfont!
Missing character: There is no - in font nullfont!
Missing character: There is no s in font nullfont!
Missing character: There is no i in font nullfont!
Missing character: There is no m in font nullfont!
Missing character: There is no a in font nullfont!
Missing character: There is no e in font nullfont!
Missing character: There is no s in font nullfont!
Missing character: There is no t in font nullfont!
Missing character: There is no a in font nullfont!
Missing character: There is no t in font nullfont!
Missing character: There is no s in font nullfont!
Missing character: There is no t in font nullfont!
Missing character: There is no i in font nullfont!
Missing character: There is no c in font nullfont!
Missing character: There is no a in font nullfont!
Missing character: There is no d in font nullfont!
Missing character: There is no e in font nullfont!
Missing character: There is no o in font nullfont!
Missing character: There is no r in font nullfont!
Missing character: There is no d in font nullfont!
Missing character: There is no e in font nullfont!
Missing character: There is no m in font nullfont!
Missing character: There is no , in font nullfont!
Missing character: There is no , in font nullfont!
Missing character: There is no s in font nullfont!
Missing character: There is no e in font nullfont!
Missing character: There is no r in font nullfont!

Overfull \hbox (22.77779pt too wide) in paragraph at lines 89--91
[]\/cmr/m/n/10 ^^S^^P
 []


Overfull \hbox (65.93625pt too wide) in paragraph at lines 89--91
\OML/cmm/m/it/10 X[]; X[]; [] ; X[]$
 []


Overfull \hbox (9.44446pt too wide) in paragraph at lines 89--91
\/cmr/m/n/10 ^^Xc~a
 []


Overfull \hbox (14.03267pt too wide) in paragraph at lines 89--91
\OML/cmm/m/it/10 F[]$
 []


Overfull \hbox (4.44444pt too wide) in paragraph at lines 89--91
\/cmr/m/n/10 ^^Se
 []


Overfull \hbox (2.77779pt too wide) in paragraph at lines 89--91
\/cmr/m/n/10 ^^S^^P
 []


Overfull \hbox (18.74832pt too wide) in paragraph at lines 89--91
\OML/cmm/m/it/10 X[]$
 []


Overfull \hbox (5.00002pt too wide) in paragraph at lines 89--91
\/cmr/m/n/10 ^^Sa 
 []

! Undefined control sequence.
l.92 	F_{X_{(j)}}(x) = \sum_{k=j}^{n} \binom
                                            {n}{k} [F_X(x)]^k [1 - F_X(x)]^{...
The control sequence at the end of the top line
of your error message was never \def'ed. If you have
misspelled it (e.g., `\hobx'), type `I' and the correct
spelling (e.g., `I\hbox'). Otherwise just continue,
and I'll forget about whatever was undefined.


Overfull \hbox (179.85364pt too wide) detected at line 93
\OML/cmm/m/it/10 F[]\/cmr/m/n/10 (\OML/cmm/m/it/10 x\/cmr/m/n/10 ) = [] \OML/cm
m/m/it/10 nk\/cmr/m/n/10 [\OML/cmm/m/it/10 F[]\/cmr/m/n/10 (\OML/cmm/m/it/10 x\
/cmr/m/n/10 )][][1 \OMS/cmsy/m/n/10 ^^@ \OML/cmm/m/it/10 F[]\/cmr/m/n/10 (\OML/
cmm/m/it/10 x\/cmr/m/n/10 )][]\OML/cmm/m/it/10 :
 []


! LaTeX Error: \begin{document} ended by \end{theorem}.

See the LaTeX manual or LaTeX Companion for explanation.
Type  H <return>  for immediate help.
 ...                                              
                                                  
l.94 \end{theorem}
                  
Your command was ignored.
Type  I <command> <return>  to replace it with another command,
or  <return>  to continue without it.


! LaTeX Error: Environment theorem undefined.

See the LaTeX manual or LaTeX Companion for explanation.
Type  H <return>  for immediate help.
 ...                                              
                                                  
l.96 \begin{theorem}
                    [Discreta]
Your command was ignored.
Type  I <command> <return>  to replace it with another command,
or  <return>  to continue without it.


! LaTeX Error: Missing \begin{document}.

See the LaTeX manual or LaTeX Companion for explanation.
Type  H <return>  for immediate help.
 ...                                              
                                                  
l.96 \begin{theorem}[
                     Discreta]
You're in trouble here.  Try typing  <return>  to proceed.
If that doesn't work, type  X <return>  to quit.

Missing character: There is no [ in font nullfont!
Missing character: There is no D in font nullfont!
Missing character: There is no i in font nullfont!
Missing character: There is no s in font nullfont!
Missing character: There is no c in font nullfont!
Missing character: There is no r in font nullfont!
Missing character: There is no e in font nullfont!
Missing character: There is no t in font nullfont!
Missing character: There is no a in font nullfont!
Missing character: There is no ] in font nullfont!
Missing character: There is no S in font nullfont!
Missing character: There is no e in font nullfont!
Missing character: There is no j in font nullfont!
Missing character: There is no a in font nullfont!
Missing character: There is no m in font nullfont!
Missing character: There is no u in font nullfont!
Missing character: There is no m in font nullfont!
Missing character: There is no a in font nullfont!
Missing character: There is no A in font nullfont!
Missing character: There is no . in font nullfont!
Missing character: There is no A in font nullfont!
Missing character: There is no . in font nullfont!
Missing character: There is no d in font nullfont!
Missing character: There is no e in font nullfont!
Missing character: There is no u in font nullfont!
Missing character: There is no m in font nullfont!
Missing character: There is no a in font nullfont!
Missing character: There is no p in font nullfont!
Missing character: There is no o in font nullfont!
Missing character: There is no p in font nullfont!
Missing character: There is no u in font nullfont!
Missing character: There is no l in font nullfont!
Missing character: There is no a in font nullfont!
Missing character: There is no o in font nullfont!
Missing character: There is no c in font nullfont!
Missing character: There is no o in font nullfont!
Missing character: There is no m in font nullfont!
Missing character: There is no f in font nullfont!
Missing character: There is no . in font nullfont!
Missing character: There is no d in font nullfont!
Missing character: There is no . in font nullfont!
Missing character: There is no . in font nullfont!
Missing character: There is no S in font nullfont!
Missing character: There is no u in font nullfont!
Missing character: There is no p in font nullfont!
Missing character: There is no o in font nullfont!
Missing character: There is no n in font nullfont!
Missing character: There is no h in font nullfont!
Missing character: There is no a in font nullfont!
Missing character: There is no q in font nullfont!
Missing character: There is no u in font nullfont!
Missing character: There is no e in font nullfont!
Missing character: There is no a in font nullfont!
Missing character: There is no p in font nullfont!
Missing character: There is no o in font nullfont!
Missing character: There is no p in font nullfont!
Missing character: There is no u in font nullfont!
Missing character: There is no l in font nullfont!
Missing character: There is no a in font nullfont!
Missing character: There is no o in font nullfont!
Missing character: There is no s in font nullfont!
Missing character: There is no e in font nullfont!
Missing character: There is no j in font nullfont!
Missing character: There is no a in font nullfont!
Missing character: There is no d in font nullfont!
Missing character: There is no i in font nullfont!
Missing character: There is no s in font nullfont!
Missing character: There is no c in font nullfont!
Missing character: There is no r in font nullfont!
Missing character: There is no e in font nullfont!
Missing character: There is no t in font nullfont!
Missing character: There is no a in font nullfont!
Missing character: There is no c in font nullfont!
Missing character: There is no o in font nullfont!
Missing character: There is no m in font nullfont!
Missing character: There is no f in font nullfont!
Missing character: There is no . in font nullfont!
Missing character: There is no p in font nullfont!
Missing character: There is no . in font nullfont!
Missing character: There is no e in font nullfont!
Missing character: There is no s in font nullfont!
Missing character: There is no u in font nullfont!
Missing character: There is no p in font nullfont!
Missing character: There is no o in font nullfont!
Missing character: There is no r in font nullfont!
Missing character: There is no t in font nullfont!
Missing character: There is no e in font nullfont!
Missing character: There is no . in font nullfont!
Missing character: There is no A in font nullfont!
Missing character: There is no l in font nullfont!
Missing character: There is no m in font nullfont!
Missing character: There is no d in font nullfont!
Missing character: There is no i in font nullfont!
Missing character: There is no s in font nullfont!
Missing character: There is no s in font nullfont!
Missing character: There is no o in font nullfont!
Missing character: There is no , in font nullfont!
Missing character: There is no d in font nullfont!
Missing character: There is no e in font nullfont!
Missing character: There is no n in font nullfont!
Missing character: There is no o in font nullfont!
Missing character: There is no t in font nullfont!
Missing character: There is no e in font nullfont!
Missing character: There is no e in font nullfont!
Missing character: There is no , in font nullfont!
Missing character: There is no . in font nullfont!
Missing character: There is no N in font nullfont!
Missing character: There is no e in font nullfont!
Missing character: There is no s in font nullfont!
Missing character: There is no s in font nullfont!
Missing character: There is no e in font nullfont!
Missing character: There is no c in font nullfont!
Missing character: There is no a in font nullfont!
Missing character: There is no s in font nullfont!
Missing character: There is no o in font nullfont!
Missing character: There is no , in font nullfont!
Missing character: There is no a in font nullfont!
Missing character: There is no f in font nullfont!
Missing character: There is no u in font nullfont!
Missing character: There is no n in font nullfont!
Missing character: There is no o in font nullfont!
Missing character: There is no d in font nullfont!
Missing character: There is no e in font nullfont!
Missing character: There is no p in font nullfont!
Missing character: There is no r in font nullfont!
Missing character: There is no o in font nullfont!
Missing character: There is no b in font nullfont!
Missing character: There is no a in font nullfont!
Missing character: There is no b in font nullfont!
Missing character: There is no i in font nullfont!
Missing character: There is no l in font nullfont!
Missing character: There is no i in font nullfont!
Missing character: There is no d in font nullfont!
Missing character: There is no a in font nullfont!
Missing character: There is no d in font nullfont!
Missing character: There is no e in font nullfont!
Missing character: There is no d in font nullfont!
Missing character: There is no a in font nullfont!
Missing character: There is no j in font nullfont!
Missing character: There is no - in font nullfont!
Missing character: There is no s in font nullfont!
Missing character: There is no i in font nullfont!
Missing character: There is no m in font nullfont!
Missing character: There is no a in font nullfont!
Missing character: There is no e in font nullfont!
Missing character: There is no s in font nullfont!
Missing character: There is no t in font nullfont!
Missing character: There is no a in font nullfont!
Missing character: There is no t in font nullfont!
Missing character: There is no s in font nullfont!
Missing character: There is no t in font nullfont!
Missing character: There is no i in font nullfont!
Missing character: There is no c in font nullfont!
Missing character: There is no a in font nullfont!
Missing character: There is no d in font nullfont!
Missing character: There is no e in font nullfont!
Missing character: There is no o in font nullfont!
Missing character: There is no r in font nullfont!
Missing character: There is no d in font nullfont!
Missing character: There is no e in font nullfont!
Missing character: There is no m in font nullfont!
Missing character: There is no s in font nullfont!
Missing character: There is no e in font nullfont!
Missing character: There is no r in font nullfont!

Overfull \hbox (20.0pt too wide) in paragraph at lines 96--98
[]
 []


Overfull \hbox (65.93625pt too wide) in paragraph at lines 96--98
\OML/cmm/m/it/10 X[]; X[]; [] ; X[]$
 []


Overfull \hbox (9.44446pt too wide) in paragraph at lines 96--98
\/cmr/m/n/10 ^^Xc~a
 []


Overfull \hbox (14.03267pt too wide) in paragraph at lines 96--98
\OML/cmm/m/it/10 F[]$
 []


Overfull \hbox (9.44446pt too wide) in paragraph at lines 96--98
\/cmr/m/n/10 ^^Xc~a
 []


Overfull \hbox (12.49797pt too wide) in paragraph at lines 96--98
\OML/cmm/m/it/10 f[]$
 []


Overfull \hbox (19.60007pt too wide) in paragraph at lines 96--98
\OMS/cmsy/m/n/10 f\OML/cmm/m/it/10 x[] \OMS/cmsy/m/n/10 j
 []


Overfull \hbox (20.75691pt too wide) in paragraph at lines 96--98
\OML/cmm/m/it/10 x[] <
 []


Overfull \hbox (20.75691pt too wide) in paragraph at lines 96--98
\OML/cmm/m/it/10 x[] <
 []


Overfull \hbox (22.22212pt too wide) in paragraph at lines 96--98
[] \OML/cmm/m/it/10 <
 []


Overfull \hbox (16.15862pt too wide) in paragraph at lines 96--98
\OML/cmm/m/it/10 x[]\OMS/cmsy/m/n/10 g$
 []


Overfull \hbox (4.44444pt too wide) in paragraph at lines 96--98
\/cmr/m/n/10 ^^Se
 []


Overfull \hbox (21.46178pt too wide) in paragraph at lines 96--98
\OML/cmm/m/it/10 P[] \/cmr/m/n/10 =
 []


Overfull \hbox (5.00002pt too wide) in paragraph at lines 96--98
\/cmr/m/n/10 0$
 []


Overfull \hbox (20.30493pt too wide) in paragraph at lines 96--98
\OML/cmm/m/it/10 P[] \/cmr/m/n/10 =
 []


Overfull \hbox (41.41054pt too wide) in paragraph at lines 96--98
\OML/cmm/m/it/10 F[]\/cmr/m/n/10 (\OML/cmm/m/it/10 x[]\/cmr/m/n/10 ) =
 []


Overfull \hbox (38.25497pt too wide) in paragraph at lines 96--98
\OML/cmm/m/it/10 f[]\/cmr/m/n/10 (\OML/cmm/m/it/10 x[]\/cmr/m/n/10 ) +
 []


Overfull \hbox (38.25497pt too wide) in paragraph at lines 96--98
\OML/cmm/m/it/10 f[]\/cmr/m/n/10 (\OML/cmm/m/it/10 x[]\/cmr/m/n/10 ) +
 []


Overfull \hbox (19.44441pt too wide) in paragraph at lines 96--98
[] \/cmr/m/n/10 +
 []


Overfull \hbox (29.32033pt too wide) in paragraph at lines 96--98
\OML/cmm/m/it/10 f[]\/cmr/m/n/10 (\OML/cmm/m/it/10 x[]\/cmr/m/n/10 )$
 []


Overfull \hbox (14.00064pt too wide) in paragraph at lines 96--98
\OML/cmm/m/it/10 i \/cmr/m/n/10 =
 []


Overfull \hbox (42.66885pt too wide) in paragraph at lines 96--98
\/cmr/m/n/10 1\OML/cmm/m/it/10 ; \/cmr/m/n/10 2\OML/cmm/m/it/10 ; [] ; n$
 []


Overfull \hbox (9.44446pt too wide) in paragraph at lines 96--98
\/cmr/m/n/10 ^^Xc~a
 []


Overfull \hbox (4.44444pt too wide) in paragraph at lines 96--98
\/cmr/m/n/10 ^^Se
 []


Overfull \hbox (2.77779pt too wide) in paragraph at lines 96--98
\/cmr/m/n/10 ^^S^^P
 []


Overfull \hbox (5.00002pt too wide) in paragraph at lines 96--98
\/cmr/m/n/10 ^^Sa 
 []




! LaTeX Error: The font size command \normalsize is not defined:
               there is probably something wrong with the class file.

See the LaTeX manual or LaTeX Companion for explanation.
Type  H <return>  for immediate help.
 ...                                              
                                                  
l.98 	\[
        
Your command was ignored.
Type  I <command> <return>  to replace it with another command,
or  <return>  to continue without it.

[1{/var/lib/texmf/fonts/map/pdftex/updmap/pdftex.map}]
! Undefined control sequence.
l.99 ... \P(X_{(j)} = x_i) = \sum_{k=j}^{n} \binom
                                                  {n}{k} \left[ P_i^k (1 - P...
The control sequence at the end of the top line
of your error message was never \def'ed. If you have
misspelled it (e.g., `\hobx'), type `I' and the correct
spelling (e.g., `I\hbox'). Otherwise just continue,
and I'll forget about whatever was undefined.


Overfull \hbox (301.14159pt too wide) detected at line 100
\OML/cmm/m/it/10 f[]\/cmr/m/n/10 (\OML/cmm/m/it/10 x\/cmr/m/n/10 ) = \OMS/cmsy/
m/n/10 {\/cmr/m/n/10 (\OML/cmm/m/it/10 X[] \/cmr/m/n/10 = \OML/cmm/m/it/10 x[]\
/cmr/m/n/10 ) = [] \OML/cmm/m/it/10 nk [] :
 []


! LaTeX Error: \begin{document} ended by \end{theorem}.

See the LaTeX manual or LaTeX Companion for explanation.
Type  H <return>  for immediate help.
 ...                                              
                                                  
l.101 \end{theorem}
                   
Your command was ignored.
Type  I <command> <return>  to replace it with another command,
or  <return>  to continue without it.


! LaTeX Error: Environment theorem undefined.

See the LaTeX manual or LaTeX Companion for explanation.
Type  H <return>  for immediate help.
 ...                                              
                                                  
l.103 \begin{theorem}
                     [Contínua]
Your command was ignored.
Type  I <command> <return>  to replace it with another command,
or  <return>  to continue without it.


! LaTeX Error: Missing \begin{document}.

See the LaTeX manual or LaTeX Companion for explanation.
Type  H <return>  for immediate help.
 ...                                              
                                                  
l.103 \begin{theorem}[
                      Contínua]
You're in trouble here.  Try typing  <return>  to proceed.
If that doesn't work, type  X <return>  to quit.

Missing character: There is no [ in font nullfont!
Missing character: There is no C in font nullfont!
Missing character: There is no o in font nullfont!
Missing character: There is no n in font nullfont!
Missing character: There is no t in font nullfont!
Missing character: There is no n in font nullfont!
Missing character: There is no u in font nullfont!
Missing character: There is no a in font nullfont!
Missing character: There is no ] in font nullfont!
Missing character: There is no S in font nullfont!
Missing character: There is no e in font nullfont!
Missing character: There is no j in font nullfont!
Missing character: There is no a in font nullfont!
Missing character: There is no m in font nullfont!
Missing character: There is no u in font nullfont!
Missing character: There is no m in font nullfont!
Missing character: There is no a in font nullfont!
Missing character: There is no A in font nullfont!
Missing character: There is no . in font nullfont!
Missing character: There is no A in font nullfont!
Missing character: There is no . in font nullfont!
Missing character: There is no d in font nullfont!
Missing character: There is no e in font nullfont!
Missing character: There is no u in font nullfont!
Missing character: There is no m in font nullfont!
Missing character: There is no a in font nullfont!
Missing character: There is no p in font nullfont!
Missing character: There is no o in font nullfont!
Missing character: There is no p in font nullfont!
Missing character: There is no u in font nullfont!
Missing character: There is no l in font nullfont!
Missing character: There is no a in font nullfont!
Missing character: There is no o in font nullfont!
Missing character: There is no c in font nullfont!
Missing character: There is no o in font nullfont!
Missing character: There is no m in font nullfont!
Missing character: There is no f in font nullfont!
Missing character: There is no . in font nullfont!
Missing character: There is no d in font nullfont!
Missing character: There is no . in font nullfont!
Missing character: There is no . in font nullfont!
Missing character: There is no S in font nullfont!
Missing character: There is no e in font nullfont!
Missing character: There is no a in font nullfont!
Missing character: There is no p in font nullfont!
Missing character: There is no o in font nullfont!
Missing character: There is no p in font nullfont!
Missing character: There is no u in font nullfont!
Missing character: There is no l in font nullfont!
Missing character: There is no a in font nullfont!
Missing character: There is no o in font nullfont!
Missing character: There is no f in font nullfont!
Missing character: There is no o in font nullfont!
Missing character: There is no r in font nullfont!
Missing character: There is no c in font nullfont!
Missing character: There is no o in font nullfont!
Missing character: There is no n in font nullfont!
Missing character: There is no t in font nullfont!
Missing character: There is no n in font nullfont!
Missing character: There is no u in font nullfont!
Missing character: There is no a in font nullfont!
Missing character: There is no c in font nullfont!
Missing character: There is no o in font nullfont!
Missing character: There is no m in font nullfont!
Missing character: There is no f in font nullfont!
Missing character: There is no . in font nullfont!
Missing character: There is no d in font nullfont!
Missing character: There is no . in font nullfont!
Missing character: There is no p in font nullfont!
Missing character: There is no . in font nullfont!
Missing character: There is no , in font nullfont!
Missing character: There is no e in font nullfont!
Missing character: There is no n in font nullfont!
Missing character: There is no t in font nullfont!
Missing character: There is no o in font nullfont!
Missing character: There is no a in font nullfont!
Missing character: There is no f in font nullfont!
Missing character: There is no . in font nullfont!
Missing character: There is no d in font nullfont!
Missing character: There is no . in font nullfont!
Missing character: There is no p in font nullfont!
Missing character: There is no . in font nullfont!
Missing character: There is no d in font nullfont!
Missing character: There is no a in font nullfont!
Missing character: There is no j in font nullfont!
Missing character: There is no - in font nullfont!
Missing character: There is no s in font nullfont!
Missing character: There is no i in font nullfont!
Missing character: There is no m in font nullfont!
Missing character: There is no a in font nullfont!
Missing character: There is no e in font nullfont!
Missing character: There is no s in font nullfont!
Missing character: There is no t in font nullfont!
Missing character: There is no a in font nullfont!
Missing character: There is no t in font nullfont!
Missing character: There is no s in font nullfont!
Missing character: There is no t in font nullfont!
Missing character: There is no i in font nullfont!
Missing character: There is no c in font nullfont!
Missing character: There is no a in font nullfont!
Missing character: There is no d in font nullfont!
Missing character: There is no e in font nullfont!
Missing character: There is no o in font nullfont!
Missing character: There is no r in font nullfont!
Missing character: There is no d in font nullfont!
Missing character: There is no e in font nullfont!
Missing character: There is no m in font nullfont!
Missing character: There is no s in font nullfont!
Missing character: There is no e in font nullfont!
Missing character: There is no r in font nullfont!

Overfull \hbox (22.77779pt too wide) in paragraph at lines 103--105
[]\/cmr/m/n/10 ^^S^^P
 []


Overfull \hbox (65.93625pt too wide) in paragraph at lines 103--105
\OML/cmm/m/it/10 X[]; X[]; [] ; X[]$
 []


Overfull \hbox (9.44446pt too wide) in paragraph at lines 103--105
\/cmr/m/n/10 ^^Xc~a
 []


Overfull \hbox (14.03267pt too wide) in paragraph at lines 103--105
\OML/cmm/m/it/10 F[]$
 []


Overfull \hbox (9.44446pt too wide) in paragraph at lines 103--105
\/cmr/m/n/10 ^^Xc~a
 []


Overfull \hbox (2.77779pt too wide) in paragraph at lines 103--105
\/cmr/m/n/10 ^^S^^P
 []


Overfull \hbox (12.49797pt too wide) in paragraph at lines 103--105
\OML/cmm/m/it/10 f[]$
 []


Overfull \hbox (5.00002pt too wide) in paragraph at lines 103--105
\/cmr/m/n/10 ~a
 []


Overfull \hbox (4.44444pt too wide) in paragraph at lines 103--105
\/cmr/m/n/10 ^^Se
 []


Overfull \hbox (2.77779pt too wide) in paragraph at lines 103--105
\/cmr/m/n/10 ^^S^^P
 []


Overfull \hbox (18.74832pt too wide) in paragraph at lines 103--105
\OML/cmm/m/it/10 X[]$
 []


Overfull \hbox (5.00002pt too wide) in paragraph at lines 103--105
\/cmr/m/n/10 ^^Sa 
 []


Overfull \hbox (253.83742pt too wide) detected at line 107
\OML/cmm/m/it/10 f[]\/cmr/m/n/10 (\OML/cmm/m/it/10 x\/cmr/m/n/10 ) = []\OML/cmm
/m/it/10 f[]\/cmr/m/n/10 (\OML/cmm/m/it/10 x\/cmr/m/n/10 )[\OML/cmm/m/it/10 F[]
\/cmr/m/n/10 (\OML/cmm/m/it/10 x\/cmr/m/n/10 )][][1 \OMS/cmsy/m/n/10 ^^@ \OML/c
mm/m/it/10 F[]\/cmr/m/n/10 (\OML/cmm/m/it/10 x\/cmr/m/n/10 )][]\OML/cmm/m/it/10
 :
 []


! LaTeX Error: \begin{document} ended by \end{theorem}.

See the LaTeX manual or LaTeX Companion for explanation.
Type  H <return>  for immediate help.
 ...                                              
                                                  
l.108 \end{theorem}
                   
Your command was ignored.
Type  I <command> <return>  to replace it with another command,
or  <return>  to continue without it.


! LaTeX Error: Environment theorem undefined.

See the LaTeX manual or LaTeX Companion for explanation.
Type  H <return>  for immediate help.
 ...                                              
                                                  
l.110 \begin{theorem}
                     [Contínua]
Your command was ignored.
Type  I <command> <return>  to replace it with another command,
or  <return>  to continue without it.


! LaTeX Error: Missing \begin{document}.

See the LaTeX manual or LaTeX Companion for explanation.
Type  H <return>  for immediate help.
 ...                                              
                                                  
l.110 \begin{theorem}[
                      Contínua]
You're in trouble here.  Try typing  <return>  to proceed.
If that doesn't work, type  X <return>  to quit.

Missing character: There is no [ in font nullfont!
Missing character: There is no C in font nullfont!
Missing character: There is no o in font nullfont!
Missing character: There is no n in font nullfont!
Missing character: There is no t in font nullfont!
Missing character: There is no n in font nullfont!
Missing character: There is no u in font nullfont!
Missing character: There is no a in font nullfont!
Missing character: There is no ] in font nullfont!
Missing character: There is no S in font nullfont!
Missing character: There is no e in font nullfont!
Missing character: There is no j in font nullfont!
Missing character: There is no a in font nullfont!
Missing character: There is no m in font nullfont!
Missing character: There is no u in font nullfont!
Missing character: There is no m in font nullfont!
Missing character: There is no a in font nullfont!
Missing character: There is no A in font nullfont!
Missing character: There is no . in font nullfont!
Missing character: There is no A in font nullfont!
Missing character: There is no . in font nullfont!
Missing character: There is no d in font nullfont!
Missing character: There is no e in font nullfont!
Missing character: There is no u in font nullfont!
Missing character: There is no m in font nullfont!
Missing character: There is no a in font nullfont!
Missing character: There is no p in font nullfont!
Missing character: There is no o in font nullfont!
Missing character: There is no p in font nullfont!
Missing character: There is no u in font nullfont!
Missing character: There is no l in font nullfont!
Missing character: There is no a in font nullfont!
Missing character: There is no o in font nullfont!
Missing character: There is no c in font nullfont!
Missing character: There is no o in font nullfont!
Missing character: There is no m in font nullfont!
Missing character: There is no f in font nullfont!
Missing character: There is no . in font nullfont!
Missing character: There is no d in font nullfont!
Missing character: There is no . in font nullfont!
Missing character: There is no e in font nullfont!
Missing character: There is no f in font nullfont!
Missing character: There is no . in font nullfont!
Missing character: There is no d in font nullfont!
Missing character: There is no . in font nullfont!
Missing character: There is no p in font nullfont!
Missing character: There is no . in font nullfont!
Missing character: There is no . in font nullfont!
Missing character: There is no E in font nullfont!
Missing character: There is no n in font nullfont!
Missing character: There is no t in font nullfont!
Missing character: There is no o in font nullfont!
Missing character: There is no a in font nullfont!
Missing character: There is no f in font nullfont!
Missing character: There is no . in font nullfont!
Missing character: There is no d in font nullfont!
Missing character: There is no . in font nullfont!
Missing character: There is no p in font nullfont!
Missing character: There is no . in font nullfont!
Missing character: There is no c in font nullfont!
Missing character: There is no o in font nullfont!
Missing character: There is no n in font nullfont!
Missing character: There is no j in font nullfont!
Missing character: There is no u in font nullfont!
Missing character: There is no n in font nullfont!
Missing character: There is no t in font nullfont!
Missing character: There is no a in font nullfont!
Missing character: There is no d in font nullfont!
Missing character: There is no e in font nullfont!
Missing character: There is no , in font nullfont!
Missing character: There is no , in font nullfont!
Missing character: There is no s in font nullfont!
Missing character: There is no e in font nullfont!
Missing character: There is no r in font nullfont!

! LaTeX Error: Environment align* undefined.

See the LaTeX manual or LaTeX Companion for explanation.
Type  H <return>  for immediate help.
 ...                                              
                                                  
l.112 	\begin{align*}
                     
Your command was ignored.
Type  I <command> <return>  to replace it with another command,
or  <return>  to continue without it.

Missing character: There is no f in font nullfont!
! Missing $ inserted.
<inserted text> 
                $
l.113 		f_
          {X_{(i)}, X_{(j)}}(u, v) &= \frac{n!}{(i-1)!(j-i-1)!(n-j)!} f_X(u)...
I've inserted a begin-math/end-math symbol since I think
you left one out. Proceed, with fingers crossed.

! Misplaced alignment tab character &.
l.113 		f_{X_{(i)}, X_{(j)}}(u, v) &
                                    = \frac{n!}{(i-1)!(j-i-1)!(n-j)!} f_X(u)...
I can't figure out why you would want to use a tab mark
here. If you just want an ampersand, the remedy is
simple: Just type `I\&' now. But if some right brace
up above has ended a previous alignment prematurely,
you're probably due for more error messages, and you
might try typing `S' now just to see what is salvageable.

! Misplaced alignment tab character &.
<recently read> &
                 
l.114 		&
         \quad \times [F_X(v) - F_X(u)]^{j-i-1} [1 - F_X(v)]^{n-j} \ind(u < v).
I can't figure out why you would want to use a tab mark
here. If you just want an ampersand, the remedy is
simple: Just type `I\&' now. But if some right brace
up above has ended a previous alignment prematurely,
you're probably due for more error messages, and you
might try typing `S' now just to see what is salvageable.

! Undefined control sequence.
l.114 ...- F_X(u)]^{j-i-1} [1 - F_X(v)]^{n-j} \ind
                                                  (u < v).
The control sequence at the end of the top line
of your error message was never \def'ed. If you have
misspelled it (e.g., `\hobx'), type `I' and the correct
spelling (e.g., `I\hbox'). Otherwise just continue,
and I'll forget about whatever was undefined.


! LaTeX Error: \begin{document} ended by \end{align*}.

See the LaTeX manual or LaTeX Companion for explanation.
Type  H <return>  for immediate help.
 ...                                              
                                                  
l.115 	\end{align*}
                   
Your command was ignored.
Type  I <command> <return>  to replace it with another command,
or  <return>  to continue without it.

! Missing $ inserted.
<inserted text> 
                $
l.115 	\end{align*}
                   
I've inserted something that you may have forgotten.
(See the <inserted text> above.)
With luck, this will get me unwedged. But if you
really didn't forget anything, try typing `2' now; then
my insertion and my current dilemma will both disappear.


! LaTeX Error: Environment note undefined.

See the LaTeX manual or LaTeX Companion for explanation.
Type  H <return>  for immediate help.
 ...                                              
                                                  
l.116 	\begin{note}
                   
Your command was ignored.
Type  I <command> <return>  to replace it with another command,
or  <return>  to continue without it.

Missing character: There is no A in font nullfont!
Missing character: There is no r in font nullfont!
Missing character: There is no g in font nullfont!
Missing character: There is no u in font nullfont!
Missing character: There is no m in font nullfont!
Missing character: There is no e in font nullfont!
Missing character: There is no n in font nullfont!
Missing character: There is no t in font nullfont!
Missing character: There is no o in font nullfont!
Missing character: There is no s in font nullfont!
Missing character: There is no a in font nullfont!
Missing character: There is no n in font nullfont!
Missing character: There is no l in font nullfont!
Missing character: There is no o in font nullfont!
Missing character: There is no g in font nullfont!
Missing character: There is no o in font nullfont!
Missing character: There is no s in font nullfont!
Missing character: There is no p in font nullfont!
Missing character: There is no o in font nullfont!
Missing character: There is no d in font nullfont!
Missing character: There is no e in font nullfont!
Missing character: There is no m in font nullfont!
Missing character: There is no s in font nullfont!
Missing character: There is no e in font nullfont!
Missing character: There is no r in font nullfont!
Missing character: There is no u in font nullfont!
Missing character: There is no t in font nullfont!
Missing character: There is no i in font nullfont!
Missing character: There is no l in font nullfont!
Missing character: There is no i in font nullfont!
Missing character: There is no z in font nullfont!
Missing character: There is no a in font nullfont!
Missing character: There is no d in font nullfont!
Missing character: There is no o in font nullfont!
Missing character: There is no s in font nullfont!
Missing character: There is no p in font nullfont!
Missing character: There is no a in font nullfont!
Missing character: There is no r in font nullfont!
Missing character: There is no a in font nullfont!
Missing character: There is no d in font nullfont!
Missing character: There is no e in font nullfont!
Missing character: There is no r in font nullfont!
Missing character: There is no i in font nullfont!
Missing character: There is no v in font nullfont!
Missing character: There is no a in font nullfont!
Missing character: There is no r in font nullfont!
Missing character: There is no d in font nullfont!
Missing character: There is no i in font nullfont!
Missing character: There is no s in font nullfont!
Missing character: There is no t in font nullfont!
Missing character: There is no r in font nullfont!
Missing character: There is no i in font nullfont!
Missing character: There is no b in font nullfont!
Missing character: There is no u in font nullfont!
Missing character: There is no i in font nullfont!
Missing character: There is no e in font nullfont!
Missing character: There is no s in font nullfont!
Missing character: There is no d in font nullfont!
Missing character: There is no e in font nullfont!
Missing character: There is no v in font nullfont!
Missing character: There is no . in font nullfont!
Missing character: There is no a in font nullfont!
Missing character: There is no . in font nullfont!
Missing character: There is no ' in font nullfont!
Missing character: There is no s in font nullfont!
Missing character: There is no c in font nullfont!
Missing character: There is no o in font nullfont!
Missing character: There is no m in font nullfont!
Missing character: There is no t in font nullfont!
Missing character: There is no r in font nullfont!
Missing character: There is no s in font nullfont!
Missing character: There is no o in font nullfont!
Missing character: There is no u in font nullfont!
Missing character: There is no m in font nullfont!
Missing character: There is no a in font nullfont!
Missing character: There is no i in font nullfont!
Missing character: There is no s in font nullfont!
Missing character: There is no e in font nullfont!
Missing character: There is no s in font nullfont!
Missing character: There is no t in font nullfont!
Missing character: There is no a in font nullfont!
Missing character: There is no t in font nullfont!
Missing character: There is no s in font nullfont!
Missing character: There is no t in font nullfont!
Missing character: There is no i in font nullfont!
Missing character: There is no c in font nullfont!
Missing character: There is no a in font nullfont!
Missing character: There is no s in font nullfont!
Missing character: There is no d in font nullfont!
Missing character: There is no e in font nullfont!
Missing character: There is no o in font nullfont!
Missing character: There is no r in font nullfont!
Missing character: There is no d in font nullfont!
Missing character: There is no e in font nullfont!
Missing character: There is no m in font nullfont!
Missing character: There is no . in font nullfont!
Missing character: There is no U in font nullfont!
Missing character: There is no m in font nullfont!
Missing character: There is no d in font nullfont!
Missing character: There is no o in font nullfont!
Missing character: There is no s in font nullfont!
Missing character: There is no v in font nullfont!
Missing character: There is no . in font nullfont!
Missing character: There is no a in font nullfont!
Missing character: There is no . in font nullfont!
Missing character: There is no ' in font nullfont!
Missing character: There is no s in font nullfont!
Missing character: There is no m in font nullfont!
Missing character: There is no a in font nullfont!
Missing character: There is no i in font nullfont!
Missing character: There is no s in font nullfont!
Missing character: There is no u in font nullfont!
Missing character: There is no t in font nullfont!
Missing character: There is no i in font nullfont!
Missing character: There is no l in font nullfont!
Missing character: There is no i in font nullfont!
Missing character: There is no z in font nullfont!
Missing character: There is no a in font nullfont!
Missing character: There is no d in font nullfont!
Missing character: There is no o in font nullfont!
Missing character: There is no s in font nullfont!
Missing character: There is no c in font nullfont!
Missing character: There is no o in font nullfont!
Missing character: There is no r in font nullfont!
Missing character: There is no r in font nullfont!
Missing character: There is no e in font nullfont!
Missing character: There is no s in font nullfont!
Missing character: There is no p in font nullfont!
Missing character: There is no o in font nullfont!
Missing character: There is no n in font nullfont!
Missing character: There is no d in font nullfont!
Missing character: There is no e in font nullfont!
Missing character: There is no a in font nullfont!
Missing character: There is no , in font nullfont!
Missing character: There is no c in font nullfont!
Missing character: There is no u in font nullfont!
Missing character: There is no j in font nullfont!
Missing character: There is no a in font nullfont!
Missing character: There is no f in font nullfont!
Missing character: There is no . in font nullfont!
Missing character: There is no d in font nullfont!
Missing character: There is no . in font nullfont!
Missing character: There is no p in font nullfont!
Missing character: There is no . in font nullfont!
Missing character: There is no c in font nullfont!
Missing character: There is no o in font nullfont!
Missing character: There is no r in font nullfont!
Missing character: There is no r in font nullfont!
Missing character: There is no e in font nullfont!
Missing character: There is no s in font nullfont!
Missing character: There is no p in font nullfont!
Missing character: There is no o in font nullfont!
Missing character: There is no n in font nullfont!
Missing character: There is no d in font nullfont!
Missing character: There is no e in font nullfont!
Missing character: There is no a in font nullfont!

Overfull \hbox (22.77779pt too wide) in paragraph at lines 110--118
[]\/cmr/m/n/10 ^^S^^P
 []


Overfull \hbox (65.93625pt too wide) in paragraph at lines 110--118
\OML/cmm/m/it/10 X[]; X[]; [] ; X[]$
 []


Overfull \hbox (9.44446pt too wide) in paragraph at lines 110--118
\/cmr/m/n/10 ^^Xc~a
 []


Overfull \hbox (14.03267pt too wide) in paragraph at lines 110--118
\OML/cmm/m/it/10 F[]$
 []


Overfull \hbox (12.49797pt too wide) in paragraph at lines 110--118
\OML/cmm/m/it/10 f[]$
 []


Overfull \hbox (5.00002pt too wide) in paragraph at lines 110--118
\/cmr/m/n/10 ~a
 []


Overfull \hbox (48.83458pt too wide) in paragraph at lines 110--118
\/cmr/m/n/10 (\OML/cmm/m/it/10 X[]; X[]\/cmr/m/n/10 )$
 []


Overfull \hbox (15.55553pt too wide) in paragraph at lines 110--118
\/cmr/m/n/10 1 \OMS/cmsy/m/n/10 ^^T
 []


Overfull \hbox (14.00064pt too wide) in paragraph at lines 110--118
\OML/cmm/m/it/10 i <
 []


Overfull \hbox (15.246pt too wide) in paragraph at lines 110--118
\OML/cmm/m/it/10 j \OMS/cmsy/m/n/10 ^^T
 []


Overfull \hbox (6.00235pt too wide) in paragraph at lines 110--118
\OML/cmm/m/it/10 n$
 []


Overfull \hbox (5.00002pt too wide) in paragraph at lines 110--118
\/cmr/m/n/10 ^^Sa
 []


Overfull \hbox (67.43648pt too wide) in paragraph at lines 110--118
[]\/cmr/m/n/10 (\OML/cmm/m/it/10 u; v\/cmr/m/n/10 ) =
 []


Overfull \hbox (177.08131pt too wide) in paragraph at lines 110--118
[]\OML/cmm/m/it/10 f[]\/cmr/m/n/10 (\OML/cmm/m/it/10 u\/cmr/m/n/10 )\OML/cmm/m/
it/10 f[]\/cmr/m/n/10 (\OML/cmm/m/it/10 v\/cmr/m/n/10 )[\OML/cmm/m/it/10 F[]\/c
mr/m/n/10 (\OML/cmm/m/it/10 u\/cmr/m/n/10 )][][] 
 []


Overfull \hbox (7.7778pt too wide) in paragraph at lines 110--118
\OMS/cmsy/m/n/10 ^^B
 []


Overfull \hbox (37.57207pt too wide) in paragraph at lines 110--118
\/cmr/m/n/10 [\OML/cmm/m/it/10 F[]\/cmr/m/n/10 (\OML/cmm/m/it/10 v\/cmr/m/n/10 
) \OMS/cmsy/m/n/10 ^^@
 []


Overfull \hbox (69.39745pt too wide) in paragraph at lines 110--118
\OML/cmm/m/it/10 F[]\/cmr/m/n/10 (\OML/cmm/m/it/10 u\/cmr/m/n/10 )][][1 \OMS/cm
sy/m/n/10 ^^@
 []


Overfull \hbox (65.37016pt too wide) in paragraph at lines 110--118
\OML/cmm/m/it/10 F[]\/cmr/m/n/10 (\OML/cmm/m/it/10 v\/cmr/m/n/10 )][](\OML/cmm/
m/it/10 u <
 []


Overfull \hbox (11.8727pt too wide) in paragraph at lines 110--118
\OML/cmm/m/it/10 v\/cmr/m/n/10 )\OML/cmm/m/it/10 :$
 []


Overfull \hbox (5.00002pt too wide) in paragraph at lines 110--118
\/cmr/m/n/10 ^^Sa
 []


Overfull \hbox (9.44446pt too wide) in paragraph at lines 110--118
\/cmr/m/n/10 ^^Xc~o
 []


Overfull \hbox (4.44444pt too wide) in paragraph at lines 110--118
\/cmr/m/n/10 ^e
 []


Overfull \hbox (2.77779pt too wide) in paragraph at lines 110--118
\/cmr/m/n/10 ^^S^^P
 []


Overfull \hbox (92.46414pt too wide) in paragraph at lines 110--118
\/cmr/m/n/10 (\OML/cmm/m/it/10 X[]; X[]; [] ; X[]\/cmr/m/n/10 )$
 []

! Undefined control sequence.
l.119 ..., x_n) = n! f_X(x_1) \cdots f_X(x_n) \ind
                                                  (-\infty < x_1 < \ldots < ...
The control sequence at the end of the top line
of your error message was never \def'ed. If you have
misspelled it (e.g., `\hobx'), type `I' and the correct
spelling (e.g., `I\hbox'). Otherwise just continue,
and I'll forget about whatever was undefined.


Overfull \hbox (325.10469pt too wide) detected at line 120
\OML/cmm/m/it/10 f[]\/cmr/m/n/10 (\OML/cmm/m/it/10 x[]; [] ; x[]\/cmr/m/n/10 ) 
= \OML/cmm/m/it/10 n\/cmr/m/n/10 !\OML/cmm/m/it/10 f[]\/cmr/m/n/10 (\OML/cmm/m/
it/10 x[]\/cmr/m/n/10 ) [] \OML/cmm/m/it/10 f[]\/cmr/m/n/10 (\OML/cmm/m/it/10 x
[]\/cmr/m/n/10 )(\OMS/cmsy/m/n/10 ^^@1 \OML/cmm/m/it/10 < x[] < [] < x[] < \OMS
/cmsy/m/n/10 1\/cmr/m/n/10 )\OML/cmm/m/it/10 :
 []


! LaTeX Error: \begin{document} ended by \end{note}.

See the LaTeX manual or LaTeX Companion for explanation.
Type  H <return>  for immediate help.
 ...                                              
                                                  
l.121 	\end{note}
                 
Your command was ignored.
Type  I <command> <return>  to replace it with another command,
or  <return>  to continue without it.


! LaTeX Error: \begin{document} ended by \end{theorem}.

See the LaTeX manual or LaTeX Companion for explanation.
Type  H <return>  for immediate help.
 ...                                              
                                                  
l.122 \end{theorem}
                   
Your command was ignored.
Type  I <command> <return>  to replace it with another command,
or  <return>  to continue without it.

! Undefined control sequence.
l.124 \section
              {Redução de dados}
The control sequence at the end of the top line
of your error message was never \def'ed. If you have
misspelled it (e.g., `\hobx'), type `I' and the correct
spelling (e.g., `I\hbox'). Otherwise just continue,
and I'll forget about whatever was undefined.


! LaTeX Error: Missing \begin{document}.

See the LaTeX manual or LaTeX Companion for explanation.
Type  H <return>  for immediate help.
 ...                                              
                                                  
l.124 \section{R
                edução de dados}
You're in trouble here.  Try typing  <return>  to proceed.
If that doesn't work, type  X <return>  to quit.

Missing character: There is no R in font nullfont!
Missing character: There is no e in font nullfont!
Missing character: There is no d in font nullfont!
Missing character: There is no u in font nullfont!
Missing character: There is no o in font nullfont!
Missing character: There is no d in font nullfont!
Missing character: There is no e in font nullfont!
Missing character: There is no d in font nullfont!
Missing character: There is no a in font nullfont!
Missing character: There is no d in font nullfont!
Missing character: There is no o in font nullfont!
Missing character: There is no s in font nullfont!

Overfull \hbox (29.44446pt too wide) in paragraph at lines 124--125
[]\/cmr/m/n/10 ^^Xc~a
 []


! LaTeX Error: Environment definition undefined.

See the LaTeX manual or LaTeX Companion for explanation.
Type  H <return>  for immediate help.
 ...                                              
                                                  
l.126 \begin{definition}
                        [Princípio da suficiência]
Your command was ignored.
Type  I <command> <return>  to replace it with another command,
or  <return>  to continue without it.


! LaTeX Error: Missing \begin{document}.

See the LaTeX manual or LaTeX Companion for explanation.
Type  H <return>  for immediate help.
 ...                                              
                                                  
l.126 \begin{definition}[
                         Princípio da suficiência]
You're in trouble here.  Try typing  <return>  to proceed.
If that doesn't work, type  X <return>  to quit.

Missing character: There is no [ in font nullfont!
Missing character: There is no P in font nullfont!
Missing character: There is no r in font nullfont!
Missing character: There is no i in font nullfont!
Missing character: There is no n in font nullfont!
Missing character: There is no c in font nullfont!
Missing character: There is no p in font nullfont!
Missing character: There is no i in font nullfont!
Missing character: There is no o in font nullfont!
Missing character: There is no d in font nullfont!
Missing character: There is no a in font nullfont!
Missing character: There is no s in font nullfont!
Missing character: There is no u in font nullfont!
Missing character: There is no f in font nullfont!
Missing character: There is no i in font nullfont!
Missing character: There is no c in font nullfont!
Missing character: There is no i in font nullfont!
Missing character: There is no n in font nullfont!
Missing character: There is no c in font nullfont!
Missing character: There is no i in font nullfont!
Missing character: There is no a in font nullfont!
Missing character: There is no ] in font nullfont!
Missing character: There is no S in font nullfont!
Missing character: There is no e in font nullfont!
Missing character: There is no f in font nullfont!
Missing character: There is no o in font nullfont!
Missing character: There is no r in font nullfont!
Missing character: There is no u in font nullfont!
Missing character: There is no m in font nullfont!
Missing character: There is no a in font nullfont!
Missing character: There is no e in font nullfont!
Missing character: There is no s in font nullfont!
Missing character: There is no t in font nullfont!
Missing character: There is no a in font nullfont!
Missing character: There is no t in font nullfont!
Missing character: There is no s in font nullfont!
Missing character: There is no t in font nullfont!
Missing character: There is no i in font nullfont!
Missing character: There is no c in font nullfont!
Missing character: There is no a in font nullfont!
Missing character: There is no s in font nullfont!
Missing character: There is no u in font nullfont!
Missing character: There is no f in font nullfont!
Missing character: There is no i in font nullfont!
Missing character: There is no c in font nullfont!
Missing character: There is no i in font nullfont!
Missing character: There is no e in font nullfont!
Missing character: There is no n in font nullfont!
Missing character: There is no t in font nullfont!
Missing character: There is no e in font nullfont!
Missing character: There is no p in font nullfont!
Missing character: There is no a in font nullfont!
Missing character: There is no r in font nullfont!
Missing character: There is no a in font nullfont!
Missing character: There is no , in font nullfont!
Missing character: There is no e in font nullfont!
Missing character: There is no s in font nullfont!
Missing character: There is no e in font nullfont!
Missing character: There is no d in font nullfont!
Missing character: There is no u in font nullfont!
Missing character: There is no a in font nullfont!
Missing character: There is no s in font nullfont!
Missing character: There is no a in font nullfont!
Missing character: There is no m in font nullfont!
Missing character: There is no o in font nullfont!
Missing character: There is no s in font nullfont!
Missing character: There is no t in font nullfont!
Missing character: There is no r in font nullfont!
Missing character: There is no a in font nullfont!
Missing character: There is no s in font nullfont!
Missing character: There is no o in font nullfont!
Missing character: There is no b in font nullfont!
Missing character: There is no s in font nullfont!
Missing character: There is no e in font nullfont!
Missing character: There is no r in font nullfont!
Missing character: There is no v in font nullfont!
Missing character: There is no a in font nullfont!
Missing character: There is no d in font nullfont!
Missing character: There is no a in font nullfont!
Missing character: There is no s in font nullfont!
Missing character: There is no , in font nullfont!

LaTeX Warning: Command \v invalid in math mode on input line 127.


LaTeX Warning: Command \v invalid in math mode on input line 127.

! Please use \mathaccent for accents in math mode.
\add@accent ... \let \ignorespaces \relax \accent 
                                                  #1 #2\egroup \ifmmode \els...
l.127 ...a$, e se duas amostras observadas, $\v{x}
                                                  $ e $\v{y}$, forem tais qu...
I'm changing \accent to \mathaccent here; wish me luck.
(Accents are not the same in formulas as they are in text.)

! Missing { inserted.
<to be read again> 
                   \edef 
l.127 ...a$, e se duas amostras observadas, $\v{x}
                                                  $ e $\v{y}$, forem tais qu...
A left brace was mandatory here, so I've put one in.
You might want to delete and/or insert some corrections
so that I will find a matching right brace soon.
(If you're confused by all this, try typing `I}' now.)

! Missing } inserted.
<inserted text> 
                }
l.127 ...$, e se duas amostras observadas, $\v{x}$
                                                   e $\v{y}$, forem tais que...
I've inserted something that you may have forgotten.
(See the <inserted text> above.)
With luck, this will get me unwedged. But if you
really didn't forget anything, try typing `2' now; then
my insertion and my current dilemma will both disappear.

Missing character: There is no e in font nullfont!

LaTeX Warning: Command \v invalid in math mode on input line 127.


LaTeX Warning: Command \v invalid in math mode on input line 127.

! Please use \mathaccent for accents in math mode.
\add@accent ... \let \ignorespaces \relax \accent 
                                                  #1 #2\egroup \ifmmode \els...
l.127 ...uas amostras observadas, $\v{x}$ e $\v{y}
                                                  $, forem tais que $T(\v{x}...
I'm changing \accent to \mathaccent here; wish me luck.
(Accents are not the same in formulas as they are in text.)

! Missing { inserted.
<to be read again> 
                   \edef 
l.127 ...uas amostras observadas, $\v{x}$ e $\v{y}
                                                  $, forem tais que $T(\v{x}...
A left brace was mandatory here, so I've put one in.
You might want to delete and/or insert some corrections
so that I will find a matching right brace soon.
(If you're confused by all this, try typing `I}' now.)

! Missing } inserted.
<inserted text> 
                }
l.127 ...as amostras observadas, $\v{x}$ e $\v{y}$
                                                  , forem tais que $T(\v{x})...
I've inserted something that you may have forgotten.
(See the <inserted text> above.)
With luck, this will get me unwedged. But if you
really didn't forget anything, try typing `2' now; then
my insertion and my current dilemma will both disappear.

Missing character: There is no , in font nullfont!
Missing character: There is no f in font nullfont!
Missing character: There is no o in font nullfont!
Missing character: There is no r in font nullfont!
Missing character: There is no e in font nullfont!
Missing character: There is no m in font nullfont!
Missing character: There is no t in font nullfont!
Missing character: There is no a in font nullfont!
Missing character: There is no i in font nullfont!
Missing character: There is no s in font nullfont!
Missing character: There is no q in font nullfont!
Missing character: There is no u in font nullfont!
Missing character: There is no e in font nullfont!

LaTeX Warning: Command \v invalid in math mode on input line 127.


LaTeX Warning: Command \v invalid in math mode on input line 127.

! Please use \mathaccent for accents in math mode.
\add@accent ... \let \ignorespaces \relax \accent 
                                                  #1 #2\egroup \ifmmode \els...
l.127 ...\v{x}$ e $\v{y}$, forem tais que $T(\v{x}
                                                  ) = T(\v{y})$, então as i...
I'm changing \accent to \mathaccent here; wish me luck.
(Accents are not the same in formulas as they are in text.)

! Missing { inserted.
<to be read again> 
                   \edef 
l.127 ...\v{x}$ e $\v{y}$, forem tais que $T(\v{x}
                                                  ) = T(\v{y})$, então as i...
A left brace was mandatory here, so I've put one in.
You might want to delete and/or insert some corrections
so that I will find a matching right brace soon.
(If you're confused by all this, try typing `I}' now.)


LaTeX Warning: Command \v invalid in math mode on input line 127.

! Please use \mathaccent for accents in math mode.
\add@accent ... \let \ignorespaces \relax \accent 
                                                  #1 #2\egroup \ifmmode \els...
l.127 ...v{y}$, forem tais que $T(\v{x}) = T(\v{y}
                                                  )$, então as inferências...
I'm changing \accent to \mathaccent here; wish me luck.
(Accents are not the same in formulas as they are in text.)

! Missing } inserted.
<inserted text> 
                }
l.127 ...y}$, forem tais que $T(\v{x}) = T(\v{y})$
                                                  , então as inferências a...
I've inserted something that you may have forgotten.
(See the <inserted text> above.)
With luck, this will get me unwedged. But if you
really didn't forget anything, try typing `2' now; then
my insertion and my current dilemma will both disappear.

Missing character: There is no , in font nullfont!
Missing character: There is no e in font nullfont!
Missing character: There is no n in font nullfont!
Missing character: There is no t in font nullfont!
Missing character: There is no o in font nullfont!
Missing character: There is no a in font nullfont!
Missing character: There is no s in font nullfont!
Missing character: There is no i in font nullfont!
Missing character: There is no n in font nullfont!
Missing character: There is no f in font nullfont!
Missing character: There is no e in font nullfont!
Missing character: There is no r in font nullfont!
Missing character: There is no n in font nullfont!
Missing character: There is no c in font nullfont!
Missing character: There is no i in font nullfont!
Missing character: There is no a in font nullfont!
Missing character: There is no s in font nullfont!
Missing character: There is no a in font nullfont!
Missing character: There is no r in font nullfont!
Missing character: There is no e in font nullfont!
Missing character: There is no s in font nullfont!
Missing character: There is no p in font nullfont!
Missing character: There is no e in font nullfont!
Missing character: There is no i in font nullfont!
Missing character: There is no t in font nullfont!
Missing character: There is no o in font nullfont!
Missing character: There is no d in font nullfont!
Missing character: There is no e in font nullfont!
Missing character: There is no d in font nullfont!
Missing character: There is no e in font nullfont!
Missing character: There is no v in font nullfont!
Missing character: There is no e in font nullfont!
Missing character: There is no r in font nullfont!
Missing character: There is no o in font nullfont!
Missing character: There is no s in font nullfont!
Missing character: There is no e in font nullfont!
Missing character: There is no r in font nullfont!
Missing character: There is no a in font nullfont!
Missing character: There is no s in font nullfont!
Missing character: There is no m in font nullfont!
Missing character: There is no e in font nullfont!
Missing character: There is no s in font nullfont!
Missing character: There is no m in font nullfont!
Missing character: There is no a in font nullfont!
Missing character: There is no s in font nullfont!
Missing character: There is no , in font nullfont!
Missing character: There is no i in font nullfont!
Missing character: There is no n in font nullfont!
Missing character: There is no d in font nullfont!
Missing character: There is no e in font nullfont!
Missing character: There is no p in font nullfont!
Missing character: There is no e in font nullfont!
Missing character: There is no n in font nullfont!
Missing character: There is no d in font nullfont!
Missing character: There is no e in font nullfont!
Missing character: There is no n in font nullfont!
Missing character: There is no t in font nullfont!
Missing character: There is no e in font nullfont!
Missing character: There is no m in font nullfont!
Missing character: There is no e in font nullfont!
Missing character: There is no n in font nullfont!
Missing character: There is no t in font nullfont!
Missing character: There is no e in font nullfont!
Missing character: There is no d in font nullfont!
Missing character: There is no e in font nullfont!
Missing character: There is no s in font nullfont!
Missing character: There is no e in font nullfont!
Missing character: There is no u in font nullfont!
Missing character: There is no s in font nullfont!
Missing character: There is no a in font nullfont!
Missing character: There is no r in font nullfont!

LaTeX Warning: Command \v invalid in math mode on input line 127.


LaTeX Warning: Command \v invalid in math mode on input line 127.

! Please use \mathaccent for accents in math mode.
\add@accent ... \let \ignorespaces \relax \accent 
                                                  #1 #2\egroup \ifmmode \els...
l.127 ...smas, independentemente de se usar $\v{x}
                                                  $ ou $\v{y}$.
I'm changing \accent to \mathaccent here; wish me luck.
(Accents are not the same in formulas as they are in text.)

! Missing { inserted.
<to be read again> 
                   \edef 
l.127 ...smas, independentemente de se usar $\v{x}
                                                  $ ou $\v{y}$.
A left brace was mandatory here, so I've put one in.
You might want to delete and/or insert some corrections
so that I will find a matching right brace soon.
(If you're confused by all this, try typing `I}' now.)

! Missing } inserted.
<inserted text> 
                }
l.127 ...mas, independentemente de se usar $\v{x}$
                                                   ou $\v{y}$.
I've inserted something that you may have forgotten.
(See the <inserted text> above.)
With luck, this will get me unwedged. But if you
really didn't forget anything, try typing `2' now; then
my insertion and my current dilemma will both disappear.

Missing character: There is no o in font nullfont!
Missing character: There is no u in font nullfont!

LaTeX Warning: Command \v invalid in math mode on input line 127.


LaTeX Warning: Command \v invalid in math mode on input line 127.

! Please use \mathaccent for accents in math mode.
\add@accent ... \let \ignorespaces \relax \accent 
                                                  #1 #2\egroup \ifmmode \els...
l.127 ...endentemente de se usar $\v{x}$ ou $\v{y}
                                                  $.
I'm changing \accent to \mathaccent here; wish me luck.
(Accents are not the same in formulas as they are in text.)

! Missing { inserted.
<to be read again> 
                   \edef 
l.127 ...endentemente de se usar $\v{x}$ ou $\v{y}
                                                  $.
A left brace was mandatory here, so I've put one in.
You might want to delete and/or insert some corrections
so that I will find a matching right brace soon.
(If you're confused by all this, try typing `I}' now.)

! Missing } inserted.
<inserted text> 
                }
l.127 ...ndentemente de se usar $\v{x}$ ou $\v{y}$
                                                  .
I've inserted something that you may have forgotten.
(See the <inserted text> above.)
With luck, this will get me unwedged. But if you
really didn't forget anything, try typing `2' now; then
my insertion and my current dilemma will both disappear.

Missing character: There is no . in font nullfont!

Overfull \hbox (22.77779pt too wide) in paragraph at lines 126--128
[]\/cmr/m/n/10 ^^S^^P
 []


Overfull \hbox (4.44444pt too wide) in paragraph at lines 126--128
\/cmr/m/n/10 ^e
 []


Overfull \hbox (7.23265pt too wide) in paragraph at lines 126--128
\OML/cmm/m/it/10 T$
 []


Overfull \hbox (2.77779pt too wide) in paragraph at lines 126--128
\/cmr/m/n/10 ^^S^^P
 []


Overfull \hbox (4.97223pt too wide) in paragraph at lines 126--128
\OML/cmm/m/it/10 ^^R$
 []


Overfull \hbox (5.71527pt too wide) in paragraph at lines 126--128
[]$
 []


Overfull \hbox (5.2616pt too wide) in paragraph at lines 126--128
[]$
 []


Overfull \hbox (54.331pt too wide) in paragraph at lines 126--128
\OML/cmm/m/it/10 T\/cmr/m/n/10 ([]$
 []


Overfull \hbox (5.00002pt too wide) in paragraph at lines 126--128
\/cmr/m/n/10 ~a
 []


Overfull \hbox (4.44444pt too wide) in paragraph at lines 126--128
\/cmr/m/n/10 ^e
 []


Overfull \hbox (4.97223pt too wide) in paragraph at lines 126--128
\OML/cmm/m/it/10 ^^R$
 []


Overfull \hbox (5.00002pt too wide) in paragraph at lines 126--128
\/cmr/m/n/10 ~a
 []


Overfull \hbox (5.71527pt too wide) in paragraph at lines 126--128
[]$
 []


Overfull \hbox (5.2616pt too wide) in paragraph at lines 126--128
[]$ 
 []


! LaTeX Error: Environment note undefined.

See the LaTeX manual or LaTeX Companion for explanation.
Type  H <return>  for immediate help.
 ...                                              
                                                  
l.129 	\begin{note}
                   
Your command was ignored.
Type  I <command> <return>  to replace it with another command,
or  <return>  to continue without it.


! LaTeX Error: Missing \begin{document}.

See the LaTeX manual or LaTeX Companion for explanation.
Type  H <return>  for immediate help.
 ...                                              
                                                  
l.130 		C
         omo consequência, qualquer inferência sobre $\theta$ deverá depe...

You're in trouble here.  Try typing  <return>  to proceed.
If that doesn't work, type  X <return>  to quit.

Missing character: There is no C in font nullfont!
Missing character: There is no o in font nullfont!
Missing character: There is no m in font nullfont!
Missing character: There is no o in font nullfont!
Missing character: There is no c in font nullfont!
Missing character: There is no o in font nullfont!
Missing character: There is no n in font nullfont!
Missing character: There is no s in font nullfont!
Missing character: There is no e in font nullfont!
Missing character: There is no q in font nullfont!
Missing character: There is no u in font nullfont!
Missing character: There is no n in font nullfont!
Missing character: There is no c in font nullfont!
Missing character: There is no i in font nullfont!
Missing character: There is no a in font nullfont!
Missing character: There is no , in font nullfont!
Missing character: There is no q in font nullfont!
Missing character: There is no u in font nullfont!
Missing character: There is no a in font nullfont!
Missing character: There is no l in font nullfont!
Missing character: There is no q in font nullfont!
Missing character: There is no u in font nullfont!
Missing character: There is no e in font nullfont!
Missing character: There is no r in font nullfont!
Missing character: There is no i in font nullfont!
Missing character: There is no n in font nullfont!
Missing character: There is no f in font nullfont!
Missing character: There is no e in font nullfont!
Missing character: There is no r in font nullfont!
Missing character: There is no n in font nullfont!
Missing character: There is no c in font nullfont!
Missing character: There is no i in font nullfont!
Missing character: There is no a in font nullfont!
Missing character: There is no s in font nullfont!
Missing character: There is no o in font nullfont!
Missing character: There is no b in font nullfont!
Missing character: There is no r in font nullfont!
Missing character: There is no e in font nullfont!
Missing character: There is no d in font nullfont!
Missing character: There is no e in font nullfont!
Missing character: There is no v in font nullfont!
Missing character: There is no e in font nullfont!
Missing character: There is no r in font nullfont!
Missing character: There is no d in font nullfont!
Missing character: There is no e in font nullfont!
Missing character: There is no p in font nullfont!
Missing character: There is no e in font nullfont!
Missing character: There is no n in font nullfont!
Missing character: There is no d in font nullfont!
Missing character: There is no e in font nullfont!
Missing character: There is no r in font nullfont!
Missing character: There is no d in font nullfont!
Missing character: There is no a in font nullfont!
Missing character: There is no a in font nullfont!
Missing character: There is no m in font nullfont!
Missing character: There is no o in font nullfont!
Missing character: There is no s in font nullfont!
Missing character: There is no t in font nullfont!
Missing character: There is no r in font nullfont!
Missing character: There is no a in font nullfont!

LaTeX Warning: Command \v invalid in math mode on input line 130.


LaTeX Warning: Command \v invalid in math mode on input line 130.

! Please use \mathaccent for accents in math mode.
\add@accent ... \let \ignorespaces \relax \accent 
                                                  #1 #2\egroup \ifmmode \els...
l.130 ...theta$ deverá depender da amostra $\v{X}
                                                  $ apenas através de $T(\v...
I'm changing \accent to \mathaccent here; wish me luck.
(Accents are not the same in formulas as they are in text.)

! Missing { inserted.
<to be read again> 
                   \edef 
l.130 ...theta$ deverá depender da amostra $\v{X}
                                                  $ apenas através de $T(\v...
A left brace was mandatory here, so I've put one in.
You might want to delete and/or insert some corrections
so that I will find a matching right brace soon.
(If you're confused by all this, try typing `I}' now.)

! Missing } inserted.
<inserted text> 
                }
l.130 ...heta$ deverá depender da amostra $\v{X}$
                                                   apenas através de $T(\v{...
I've inserted something that you may have forgotten.
(See the <inserted text> above.)
With luck, this will get me unwedged. But if you
really didn't forget anything, try typing `2' now; then
my insertion and my current dilemma will both disappear.

Missing character: There is no a in font nullfont!
Missing character: There is no p in font nullfont!
Missing character: There is no e in font nullfont!
Missing character: There is no n in font nullfont!
Missing character: There is no a in font nullfont!
Missing character: There is no s in font nullfont!
Missing character: There is no a in font nullfont!
Missing character: There is no t in font nullfont!
Missing character: There is no r in font nullfont!
Missing character: There is no a in font nullfont!
Missing character: There is no v in font nullfont!
Missing character: There is no s in font nullfont!
Missing character: There is no d in font nullfont!
Missing character: There is no e in font nullfont!

LaTeX Warning: Command \v invalid in math mode on input line 130.


LaTeX Warning: Command \v invalid in math mode on input line 130.

! Please use \mathaccent for accents in math mode.
\add@accent ... \let \ignorespaces \relax \accent 
                                                  #1 #2\egroup \ifmmode \els...
l.130 ...ostra $\v{X}$ apenas através de $T(\v{X}
                                                  )$.
I'm changing \accent to \mathaccent here; wish me luck.
(Accents are not the same in formulas as they are in text.)

! Missing { inserted.
<to be read again> 
                   \edef 
l.130 ...ostra $\v{X}$ apenas através de $T(\v{X}
                                                  )$.
A left brace was mandatory here, so I've put one in.
You might want to delete and/or insert some corrections
so that I will find a matching right brace soon.
(If you're confused by all this, try typing `I}' now.)

! Missing } inserted.
<inserted text> 
                }
l.130 ...tra $\v{X}$ apenas através de $T(\v{X})$
                                                  .
I've inserted something that you may have forgotten.
(See the <inserted text> above.)
With luck, this will get me unwedged. But if you
really didn't forget anything, try typing `2' now; then
my insertion and my current dilemma will both disappear.

Missing character: There is no . in font nullfont!

! LaTeX Error: \begin{document} ended by \end{note}.

See the LaTeX manual or LaTeX Companion for explanation.
Type  H <return>  for immediate help.
 ...                                              
                                                  
l.131 	\end{note}
                 
Your command was ignored.
Type  I <command> <return>  to replace it with another command,
or  <return>  to continue without it.


! LaTeX Error: \begin{document} ended by \end{definition}.

See the LaTeX manual or LaTeX Companion for explanation.
Type  H <return>  for immediate help.
 ...                                              
                                                  
l.132 \end{definition}
                      
Your command was ignored.
Type  I <command> <return>  to replace it with another command,
or  <return>  to continue without it.


Overfull \hbox (20.0pt too wide) in paragraph at lines 130--133
[]
 []


Overfull \hbox (4.44444pt too wide) in paragraph at lines 130--133
\/cmr/m/n/10 ^e
 []


Overfull \hbox (4.44444pt too wide) in paragraph at lines 130--133
\/cmr/m/n/10 ^e
 []


Overfull \hbox (4.97223pt too wide) in paragraph at lines 130--133
\OML/cmm/m/it/10 ^^R$
 []


Overfull \hbox (5.00002pt too wide) in paragraph at lines 130--133
\/cmr/m/n/10 ^^Sa
 []


Overfull \hbox (9.06943pt too wide) in paragraph at lines 130--133
[]$
 []


Overfull \hbox (4.44444pt too wide) in paragraph at lines 130--133
\/cmr/m/n/10 ^^Se
 []


Overfull \hbox (24.07988pt too wide) in paragraph at lines 130--133
\OML/cmm/m/it/10 T\/cmr/m/n/10 ([]$
 []


! LaTeX Error: Environment definition undefined.

See the LaTeX manual or LaTeX Companion for explanation.
Type  H <return>  for immediate help.
 ...                                              
                                                  
l.134 \begin{definition}
                        [Estatística suficiente]
Your command was ignored.
Type  I <command> <return>  to replace it with another command,
or  <return>  to continue without it.


! LaTeX Error: Missing \begin{document}.

See the LaTeX manual or LaTeX Companion for explanation.
Type  H <return>  for immediate help.
 ...                                              
                                                  
l.134 \begin{definition}[
                         Estatística suficiente]
You're in trouble here.  Try typing  <return>  to proceed.
If that doesn't work, type  X <return>  to quit.

Missing character: There is no [ in font nullfont!
Missing character: There is no E in font nullfont!
Missing character: There is no s in font nullfont!
Missing character: There is no t in font nullfont!
Missing character: There is no a in font nullfont!
Missing character: There is no t in font nullfont!
Missing character: There is no s in font nullfont!
Missing character: There is no t in font nullfont!
Missing character: There is no i in font nullfont!
Missing character: There is no c in font nullfont!
Missing character: There is no a in font nullfont!
Missing character: There is no s in font nullfont!
Missing character: There is no u in font nullfont!
Missing character: There is no f in font nullfont!
Missing character: There is no i in font nullfont!
Missing character: There is no c in font nullfont!
Missing character: There is no i in font nullfont!
Missing character: There is no e in font nullfont!
Missing character: There is no n in font nullfont!
Missing character: There is no t in font nullfont!
Missing character: There is no e in font nullfont!
Missing character: There is no ] in font nullfont!
Missing character: There is no U in font nullfont!
Missing character: There is no m in font nullfont!
Missing character: There is no a in font nullfont!
Missing character: There is no e in font nullfont!
Missing character: There is no s in font nullfont!
Missing character: There is no t in font nullfont!
Missing character: There is no a in font nullfont!
Missing character: There is no t in font nullfont!
Missing character: There is no s in font nullfont!
Missing character: There is no t in font nullfont!
Missing character: There is no i in font nullfont!
Missing character: There is no c in font nullfont!
Missing character: There is no a in font nullfont!

LaTeX Warning: Command \v invalid in math mode on input line 135.


LaTeX Warning: Command \v invalid in math mode on input line 135.

! Please use \mathaccent for accents in math mode.
\add@accent ... \let \ignorespaces \relax \accent 
                                                  #1 #2\egroup \ifmmode \els...
l.135 	Uma estatística $T(\v{X}
                                )$ é chamada de estatística suficiente par...
I'm changing \accent to \mathaccent here; wish me luck.
(Accents are not the same in formulas as they are in text.)

! Missing { inserted.
<to be read again> 
                   \edef 
l.135 	Uma estatística $T(\v{X}
                                )$ é chamada de estatística suficiente par...
A left brace was mandatory here, so I've put one in.
You might want to delete and/or insert some corrections
so that I will find a matching right brace soon.
(If you're confused by all this, try typing `I}' now.)

! Missing } inserted.
<inserted text> 
                }
l.135 	Uma estatística $T(\v{X})$
                                   é chamada de estatística suficiente par...
I've inserted something that you may have forgotten.
(See the <inserted text> above.)
With luck, this will get me unwedged. But if you
really didn't forget anything, try typing `2' now; then
my insertion and my current dilemma will both disappear.

Missing character: There is no c in font nullfont!
Missing character: There is no h in font nullfont!
Missing character: There is no a in font nullfont!
Missing character: There is no m in font nullfont!
Missing character: There is no a in font nullfont!
Missing character: There is no d in font nullfont!
Missing character: There is no a in font nullfont!
Missing character: There is no d in font nullfont!
Missing character: There is no e in font nullfont!
Missing character: There is no e in font nullfont!
Missing character: There is no s in font nullfont!
Missing character: There is no t in font nullfont!
Missing character: There is no a in font nullfont!
Missing character: There is no t in font nullfont!
Missing character: There is no s in font nullfont!
Missing character: There is no t in font nullfont!
Missing character: There is no i in font nullfont!
Missing character: There is no c in font nullfont!
Missing character: There is no a in font nullfont!
Missing character: There is no s in font nullfont!
Missing character: There is no u in font nullfont!
Missing character: There is no f in font nullfont!
Missing character: There is no i in font nullfont!
Missing character: There is no c in font nullfont!
Missing character: There is no i in font nullfont!
Missing character: There is no e in font nullfont!
Missing character: There is no n in font nullfont!
Missing character: There is no t in font nullfont!
Missing character: There is no e in font nullfont!
Missing character: There is no p in font nullfont!
Missing character: There is no a in font nullfont!
Missing character: There is no r in font nullfont!
Missing character: There is no a in font nullfont!
Missing character: There is no s in font nullfont!
Missing character: There is no e in font nullfont!
Missing character: There is no a in font nullfont!
Missing character: There is no d in font nullfont!
Missing character: There is no i in font nullfont!
Missing character: There is no s in font nullfont!
Missing character: There is no t in font nullfont!
Missing character: There is no r in font nullfont!
Missing character: There is no i in font nullfont!
Missing character: There is no b in font nullfont!
Missing character: There is no u in font nullfont!
Missing character: There is no i in font nullfont!
Missing character: There is no o in font nullfont!
Missing character: There is no c in font nullfont!
Missing character: There is no o in font nullfont!
Missing character: There is no n in font nullfont!
Missing character: There is no d in font nullfont!
Missing character: There is no i in font nullfont!
Missing character: There is no c in font nullfont!
Missing character: There is no i in font nullfont!
Missing character: There is no o in font nullfont!
Missing character: There is no n in font nullfont!
Missing character: There is no a in font nullfont!
Missing character: There is no l in font nullfont!
Missing character: There is no d in font nullfont!
Missing character: There is no a in font nullfont!
Missing character: There is no a in font nullfont!
Missing character: There is no m in font nullfont!
Missing character: There is no o in font nullfont!
Missing character: There is no s in font nullfont!
Missing character: There is no t in font nullfont!
Missing character: There is no r in font nullfont!
Missing character: There is no a in font nullfont!

LaTeX Warning: Command \v invalid in math mode on input line 135.


LaTeX Warning: Command \v invalid in math mode on input line 135.

! Please use \mathaccent for accents in math mode.
\add@accent ... \let \ignorespaces \relax \accent 
                                                  #1 #2\egroup \ifmmode \els...
l.135 ...tribuição condicional da amostra $\v{X}
                                                  $, dado o valor de $T(\v{X...
I'm changing \accent to \mathaccent here; wish me luck.
(Accents are not the same in formulas as they are in text.)

! Missing { inserted.
<to be read again> 
                   \edef 
l.135 ...tribuição condicional da amostra $\v{X}
                                                  $, dado o valor de $T(\v{X...
A left brace was mandatory here, so I've put one in.
You might want to delete and/or insert some corrections
so that I will find a matching right brace soon.
(If you're confused by all this, try typing `I}' now.)

! Missing } inserted.
<inserted text> 
                }
l.135 ...ribuição condicional da amostra $\v{X}$
                                                  , dado o valor de $T(\v{X}...
I've inserted something that you may have forgotten.
(See the <inserted text> above.)
With luck, this will get me unwedged. But if you
really didn't forget anything, try typing `2' now; then
my insertion and my current dilemma will both disappear.

Missing character: There is no , in font nullfont!
Missing character: There is no d in font nullfont!
Missing character: There is no a in font nullfont!
Missing character: There is no d in font nullfont!
Missing character: There is no o in font nullfont!
Missing character: There is no o in font nullfont!
Missing character: There is no v in font nullfont!
Missing character: There is no a in font nullfont!
Missing character: There is no l in font nullfont!
Missing character: There is no o in font nullfont!
Missing character: There is no r in font nullfont!
Missing character: There is no d in font nullfont!
Missing character: There is no e in font nullfont!

LaTeX Warning: Command \v invalid in math mode on input line 135.


LaTeX Warning: Command \v invalid in math mode on input line 135.

! Please use \mathaccent for accents in math mode.
\add@accent ... \let \ignorespaces \relax \accent 
                                                  #1 #2\egroup \ifmmode \els...
l.135 ...amostra $\v{X}$, dado o valor de $T(\v{X}
                                                  )$, não depender de $\the...
I'm changing \accent to \mathaccent here; wish me luck.
(Accents are not the same in formulas as they are in text.)

! Missing { inserted.
<to be read again> 
                   \edef 
l.135 ...amostra $\v{X}$, dado o valor de $T(\v{X}
                                                  )$, não depender de $\the...
A left brace was mandatory here, so I've put one in.
You might want to delete and/or insert some corrections
so that I will find a matching right brace soon.
(If you're confused by all this, try typing `I}' now.)

! Missing } inserted.
<inserted text> 
                }
l.135 ...ostra $\v{X}$, dado o valor de $T(\v{X})$
                                                  , não depender de $\theta$.
I've inserted something that you may have forgotten.
(See the <inserted text> above.)
With luck, this will get me unwedged. But if you
really didn't forget anything, try typing `2' now; then
my insertion and my current dilemma will both disappear.

Missing character: There is no , in font nullfont!
Missing character: There is no n in font nullfont!
Missing character: There is no o in font nullfont!
Missing character: There is no d in font nullfont!
Missing character: There is no e in font nullfont!
Missing character: There is no p in font nullfont!
Missing character: There is no e in font nullfont!
Missing character: There is no n in font nullfont!
Missing character: There is no d in font nullfont!
Missing character: There is no e in font nullfont!
Missing character: There is no r in font nullfont!
Missing character: There is no d in font nullfont!
Missing character: There is no e in font nullfont!
Missing character: There is no . in font nullfont!

! LaTeX Error: \begin{document} ended by \end{definition}.

See the LaTeX manual or LaTeX Companion for explanation.
Type  H <return>  for immediate help.
 ...                                              
                                                  
l.136 \end{definition}
                      
Your command was ignored.
Type  I <command> <return>  to replace it with another command,
or  <return>  to continue without it.


Overfull \hbox (22.77779pt too wide) in paragraph at lines 134--137
[]\/cmr/m/n/10 ^^S^^P
 []


Overfull \hbox (2.77779pt too wide) in paragraph at lines 134--137
\/cmr/m/n/10 ^^S^^P
 []


Overfull \hbox (24.07988pt too wide) in paragraph at lines 134--137
\OML/cmm/m/it/10 T\/cmr/m/n/10 ([]$
 []


Overfull \hbox (4.44444pt too wide) in paragraph at lines 134--137
\/cmr/m/n/10 ^^Se
 []


Overfull \hbox (2.77779pt too wide) in paragraph at lines 134--137
\/cmr/m/n/10 ^^S^^P
 []


Overfull \hbox (4.97223pt too wide) in paragraph at lines 134--137
\OML/cmm/m/it/10 ^^R$
 []


Overfull \hbox (9.44446pt too wide) in paragraph at lines 134--137
\/cmr/m/n/10 ^^Xc~a
 []


Overfull \hbox (9.06943pt too wide) in paragraph at lines 134--137
[]$
 []


Overfull \hbox (24.07988pt too wide) in paragraph at lines 134--137
\OML/cmm/m/it/10 T\/cmr/m/n/10 ([]$
 []


Overfull \hbox (5.00002pt too wide) in paragraph at lines 134--137
\/cmr/m/n/10 ~a
 []


Overfull \hbox (4.97223pt too wide) in paragraph at lines 134--137
\OML/cmm/m/it/10 ^^R$
 []


! LaTeX Error: Environment theorem undefined.

See the LaTeX manual or LaTeX Companion for explanation.
Type  H <return>  for immediate help.
 ...                                              
                                                  
l.138 \begin{theorem}
                     [Razão para suficiência]
Your command was ignored.
Type  I <command> <return>  to replace it with another command,
or  <return>  to continue without it.


! LaTeX Error: Missing \begin{document}.

See the LaTeX manual or LaTeX Companion for explanation.
Type  H <return>  for immediate help.
 ...                                              
                                                  
l.138 \begin{theorem}[
                      Razão para suficiência]
You're in trouble here.  Try typing  <return>  to proceed.
If that doesn't work, type  X <return>  to quit.

Missing character: There is no [ in font nullfont!
Missing character: There is no R in font nullfont!
Missing character: There is no a in font nullfont!
Missing character: There is no z in font nullfont!
Missing character: There is no o in font nullfont!
Missing character: There is no p in font nullfont!
Missing character: There is no a in font nullfont!
Missing character: There is no r in font nullfont!
Missing character: There is no a in font nullfont!
Missing character: There is no s in font nullfont!
Missing character: There is no u in font nullfont!
Missing character: There is no f in font nullfont!
Missing character: There is no i in font nullfont!
Missing character: There is no c in font nullfont!
Missing character: There is no i in font nullfont!
Missing character: There is no n in font nullfont!
Missing character: There is no c in font nullfont!
Missing character: There is no i in font nullfont!
Missing character: There is no a in font nullfont!
Missing character: There is no ] in font nullfont!
Missing character: There is no S in font nullfont!
Missing character: There is no e in font nullfont!
Missing character: There is no j in font nullfont!
Missing character: There is no a in font nullfont!

LaTeX Warning: Command \v invalid in math mode on input line 139.


LaTeX Warning: Command \v invalid in math mode on input line 139.

! Please use \mathaccent for accents in math mode.
\add@accent ... \let \ignorespaces \relax \accent 
                                                  #1 #2\egroup \ifmmode \els...
l.139 	Seja $p(\v{x}
                     | \theta)$ a f.p. (ou f.d.p.) conjunta de uma amostra $...
I'm changing \accent to \mathaccent here; wish me luck.
(Accents are not the same in formulas as they are in text.)

! Missing { inserted.
<to be read again> 
                   \edef 
l.139 	Seja $p(\v{x}
                     | \theta)$ a f.p. (ou f.d.p.) conjunta de uma amostra $...
A left brace was mandatory here, so I've put one in.
You might want to delete and/or insert some corrections
so that I will find a matching right brace soon.
(If you're confused by all this, try typing `I}' now.)

! Missing } inserted.
<inserted text> 
                }
l.139 	Seja $p(\v{x} | \theta)$
                                a f.p. (ou f.d.p.) conjunta de uma amostra $...
I've inserted something that you may have forgotten.
(See the <inserted text> above.)
With luck, this will get me unwedged. But if you
really didn't forget anything, try typing `2' now; then
my insertion and my current dilemma will both disappear.

Missing character: There is no a in font nullfont!
Missing character: There is no f in font nullfont!
Missing character: There is no . in font nullfont!
Missing character: There is no p in font nullfont!
Missing character: There is no . in font nullfont!
Missing character: There is no ( in font nullfont!
Missing character: There is no o in font nullfont!
Missing character: There is no u in font nullfont!
Missing character: There is no f in font nullfont!
Missing character: There is no . in font nullfont!
Missing character: There is no d in font nullfont!
Missing character: There is no . in font nullfont!
Missing character: There is no p in font nullfont!
Missing character: There is no . in font nullfont!
Missing character: There is no ) in font nullfont!
Missing character: There is no c in font nullfont!
Missing character: There is no o in font nullfont!
Missing character: There is no n in font nullfont!
Missing character: There is no j in font nullfont!
Missing character: There is no u in font nullfont!
Missing character: There is no n in font nullfont!
Missing character: There is no t in font nullfont!
Missing character: There is no a in font nullfont!
Missing character: There is no d in font nullfont!
Missing character: There is no e in font nullfont!
Missing character: There is no u in font nullfont!
Missing character: There is no m in font nullfont!
Missing character: There is no a in font nullfont!
Missing character: There is no a in font nullfont!
Missing character: There is no m in font nullfont!
Missing character: There is no o in font nullfont!
Missing character: There is no s in font nullfont!
Missing character: There is no t in font nullfont!
Missing character: There is no r in font nullfont!
Missing character: There is no a in font nullfont!

LaTeX Warning: Command \v invalid in math mode on input line 139.


LaTeX Warning: Command \v invalid in math mode on input line 139.

! Please use \mathaccent for accents in math mode.
\add@accent ... \let \ignorespaces \relax \accent 
                                                  #1 #2\egroup \ifmmode \els...
l.139 ...ou f.d.p.) conjunta de uma amostra $\v{X}
                                                  $, e $q(t | \theta)$ a f.p...
I'm changing \accent to \mathaccent here; wish me luck.
(Accents are not the same in formulas as they are in text.)

! Missing { inserted.
<to be read again> 
                   \edef 
l.139 ...ou f.d.p.) conjunta de uma amostra $\v{X}
                                                  $, e $q(t | \theta)$ a f.p...
A left brace was mandatory here, so I've put one in.
You might want to delete and/or insert some corrections
so that I will find a matching right brace soon.
(If you're confused by all this, try typing `I}' now.)

! Missing } inserted.
<inserted text> 
                }
l.139 ...u f.d.p.) conjunta de uma amostra $\v{X}$
                                                  , e $q(t | \theta)$ a f.p....
I've inserted something that you may have forgotten.
(See the <inserted text> above.)
With luck, this will get me unwedged. But if you
really didn't forget anything, try typing `2' now; then
my insertion and my current dilemma will both disappear.

Missing character: There is no , in font nullfont!
Missing character: There is no e in font nullfont!
Missing character: There is no a in font nullfont!
Missing character: There is no f in font nullfont!
Missing character: There is no . in font nullfont!
Missing character: There is no p in font nullfont!
Missing character: There is no . in font nullfont!
Missing character: There is no ( in font nullfont!
Missing character: There is no o in font nullfont!
Missing character: There is no u in font nullfont!
Missing character: There is no f in font nullfont!
Missing character: There is no . in font nullfont!
Missing character: There is no d in font nullfont!
Missing character: There is no . in font nullfont!
Missing character: There is no p in font nullfont!
Missing character: There is no . in font nullfont!
Missing character: There is no ) in font nullfont!
Missing character: There is no d in font nullfont!
Missing character: There is no e in font nullfont!
Missing character: There is no u in font nullfont!
Missing character: There is no m in font nullfont!
Missing character: There is no a in font nullfont!
Missing character: There is no e in font nullfont!
Missing character: There is no s in font nullfont!
Missing character: There is no t in font nullfont!
Missing character: There is no a in font nullfont!
Missing character: There is no t in font nullfont!
Missing character: There is no s in font nullfont!
Missing character: There is no t in font nullfont!
Missing character: There is no i in font nullfont!
Missing character: There is no c in font nullfont!
Missing character: There is no a in font nullfont!

LaTeX Warning: Command \v invalid in math mode on input line 139.


LaTeX Warning: Command \v invalid in math mode on input line 139.

! Please use \mathaccent for accents in math mode.
\add@accent ... \let \ignorespaces \relax \accent 
                                                  #1 #2\egroup \ifmmode \els...
l.139 ... (ou f.d.p.) de uma estatística $T(\v{X}
                                                  )$. Então $T(\v{X})$ ser�...
I'm changing \accent to \mathaccent here; wish me luck.
(Accents are not the same in formulas as they are in text.)

! Missing { inserted.
<to be read again> 
                   \edef 
l.139 ... (ou f.d.p.) de uma estatística $T(\v{X}
                                                  )$. Então $T(\v{X})$ ser�...
A left brace was mandatory here, so I've put one in.
You might want to delete and/or insert some corrections
so that I will find a matching right brace soon.
(If you're confused by all this, try typing `I}' now.)

! Missing } inserted.
<inserted text> 
                }
l.139 ...ou f.d.p.) de uma estatística $T(\v{X})$
                                                  . Então $T(\v{X})$ será ...
I've inserted something that you may have forgotten.
(See the <inserted text> above.)
With luck, this will get me unwedged. But if you
really didn't forget anything, try typing `2' now; then
my insertion and my current dilemma will both disappear.

Missing character: There is no . in font nullfont!
Missing character: There is no E in font nullfont!
Missing character: There is no n in font nullfont!
Missing character: There is no t in font nullfont!
Missing character: There is no o in font nullfont!

LaTeX Warning: Command \v invalid in math mode on input line 139.


LaTeX Warning: Command \v invalid in math mode on input line 139.

! Please use \mathaccent for accents in math mode.
\add@accent ... \let \ignorespaces \relax \accent 
                                                  #1 #2\egroup \ifmmode \els...
l.139 ... estatística $T(\v{X})$. Então $T(\v{X}
                                                  )$ será uma estatística ...
I'm changing \accent to \mathaccent here; wish me luck.
(Accents are not the same in formulas as they are in text.)

! Missing { inserted.
<to be read again> 
                   \edef 
l.139 ... estatística $T(\v{X})$. Então $T(\v{X}
                                                  )$ será uma estatística ...
A left brace was mandatory here, so I've put one in.
You might want to delete and/or insert some corrections
so that I will find a matching right brace soon.
(If you're confused by all this, try typing `I}' now.)

! Missing } inserted.
<inserted text> 
                }
l.139 ...statística $T(\v{X})$. Então $T(\v{X})$
                                                   será uma estatística su...
I've inserted something that you may have forgotten.
(See the <inserted text> above.)
With luck, this will get me unwedged. But if you
really didn't forget anything, try typing `2' now; then
my insertion and my current dilemma will both disappear.

Missing character: There is no s in font nullfont!
Missing character: There is no e in font nullfont!
Missing character: There is no r in font nullfont!
Missing character: There is no u in font nullfont!
Missing character: There is no m in font nullfont!
Missing character: There is no a in font nullfont!
Missing character: There is no e in font nullfont!
Missing character: There is no s in font nullfont!
Missing character: There is no t in font nullfont!
Missing character: There is no a in font nullfont!
Missing character: There is no t in font nullfont!
Missing character: There is no s in font nullfont!
Missing character: There is no t in font nullfont!
Missing character: There is no i in font nullfont!
Missing character: There is no c in font nullfont!
Missing character: There is no a in font nullfont!
Missing character: There is no s in font nullfont!
Missing character: There is no u in font nullfont!
Missing character: There is no f in font nullfont!
Missing character: There is no i in font nullfont!
Missing character: There is no c in font nullfont!
Missing character: There is no i in font nullfont!
Missing character: There is no e in font nullfont!
Missing character: There is no n in font nullfont!
Missing character: There is no t in font nullfont!
Missing character: There is no e in font nullfont!
Missing character: There is no p in font nullfont!
Missing character: There is no a in font nullfont!
Missing character: There is no r in font nullfont!
Missing character: There is no a in font nullfont!
Missing character: There is no s in font nullfont!
Missing character: There is no e in font nullfont!
Missing character: There is no , in font nullfont!
Missing character: There is no p in font nullfont!
Missing character: There is no a in font nullfont!
Missing character: There is no r in font nullfont!
Missing character: There is no a in font nullfont!
Missing character: There is no t in font nullfont!
Missing character: There is no o in font nullfont!
Missing character: There is no d in font nullfont!
Missing character: There is no o in font nullfont!

LaTeX Warning: Command \v invalid in math mode on input line 139.


LaTeX Warning: Command \v invalid in math mode on input line 139.

! Please use \mathaccent for accents in math mode.
\add@accent ... \let \ignorespaces \relax \accent 
                                                  #1 #2\egroup \ifmmode \els...
l.139 ...ciente para $\theta$ se, para todo $\v{x}
                                                   \in \mathcal{X}$, a razão
I'm changing \accent to \mathaccent here; wish me luck.
(Accents are not the same in formulas as they are in text.)

! Missing { inserted.
<to be read again> 
                   \edef 
l.139 ...ciente para $\theta$ se, para todo $\v{x}
                                                   \in \mathcal{X}$, a razão
A left brace was mandatory here, so I've put one in.
You might want to delete and/or insert some corrections
so that I will find a matching right brace soon.
(If you're confused by all this, try typing `I}' now.)

! Missing } inserted.
<inserted text> 
                }
l.139 ...ta$ se, para todo $\v{x} \in \mathcal{X}$
                                                  , a razão
I've inserted something that you may have forgotten.
(See the <inserted text> above.)
With luck, this will get me unwedged. But if you
really didn't forget anything, try typing `2' now; then
my insertion and my current dilemma will both disappear.

Missing character: There is no , in font nullfont!
Missing character: There is no a in font nullfont!
Missing character: There is no r in font nullfont!
Missing character: There is no a in font nullfont!
Missing character: There is no z in font nullfont!
Missing character: There is no o in font nullfont!

Overfull \hbox (25.00002pt too wide) in paragraph at lines 138--140
[]\/cmr/m/n/10 ~a
 []


Overfull \hbox (4.44444pt too wide) in paragraph at lines 138--140
\/cmr/m/n/10 ^e
 []


Overfull \hbox (26.27434pt too wide) in paragraph at lines 138--140
\OML/cmm/m/it/10 p\/cmr/m/n/10 ([]$
 []


Overfull \hbox (9.06943pt too wide) in paragraph at lines 138--140
[]$
 []


Overfull \hbox (23.96184pt too wide) in paragraph at lines 138--140
\OML/cmm/m/it/10 q\/cmr/m/n/10 (\OML/cmm/m/it/10 t\OMS/cmsy/m/n/10 j\OML/cmm/m/
it/10 ^^R\/cmr/m/n/10 )$
 []


Overfull \hbox (2.77779pt too wide) in paragraph at lines 138--140
\/cmr/m/n/10 ^^S^^P
 []


Overfull \hbox (24.07988pt too wide) in paragraph at lines 138--140
\OML/cmm/m/it/10 T\/cmr/m/n/10 ([]$
 []


Overfull \hbox (5.00002pt too wide) in paragraph at lines 138--140
\/cmr/m/n/10 ~a
 []


Overfull \hbox (24.07988pt too wide) in paragraph at lines 138--140
\OML/cmm/m/it/10 T\/cmr/m/n/10 ([]$
 []


Overfull \hbox (5.00002pt too wide) in paragraph at lines 138--140
\/cmr/m/n/10 ^^Sa
 []


Overfull \hbox (2.77779pt too wide) in paragraph at lines 138--140
\/cmr/m/n/10 ^^S^^P
 []


Overfull \hbox (4.97223pt too wide) in paragraph at lines 138--140
\OML/cmm/m/it/10 ^^R$
 []


Overfull \hbox (26.53462pt too wide) in paragraph at lines 138--140
[]$
 []


Overfull \hbox (5.00002pt too wide) in paragraph at lines 138--140
\/cmr/m/n/10 ~a 
 []


LaTeX Warning: Command \v invalid in math mode on input line 141.


LaTeX Warning: Command \v invalid in math mode on input line 141.

! Please use \mathaccent for accents in math mode.
\add@accent ... \let \ignorespaces \relax \accent 
                                                  #1 #2\egroup \ifmmode \els...
l.141 ...{p(\v{x} | \theta)}{q(T(\v{x}) | \theta)}
                                                  
I'm changing \accent to \mathaccent here; wish me luck.
(Accents are not the same in formulas as they are in text.)

! Missing { inserted.
<to be read again> 
                   \edef 
l.141 ...{p(\v{x} | \theta)}{q(T(\v{x}) | \theta)}
                                                  
A left brace was mandatory here, so I've put one in.
You might want to delete and/or insert some corrections
so that I will find a matching right brace soon.
(If you're confused by all this, try typing `I}' now.)

! Missing } inserted.
<inserted text> 
                }
l.141 ...{p(\v{x} | \theta)}{q(T(\v{x}) | \theta)}
                                                  
I've inserted something that you may have forgotten.
(See the <inserted text> above.)
With luck, this will get me unwedged. But if you
really didn't forget anything, try typing `2' now; then
my insertion and my current dilemma will both disappear.


LaTeX Warning: Command \v invalid in math mode on input line 141.


LaTeX Warning: Command \v invalid in math mode on input line 141.

! Please use \mathaccent for accents in math mode.
\add@accent ... \let \ignorespaces \relax \accent 
                                                  #1 #2\egroup \ifmmode \els...
l.141 ...{p(\v{x} | \theta)}{q(T(\v{x}) | \theta)}
                                                  
I'm changing \accent to \mathaccent here; wish me luck.
(Accents are not the same in formulas as they are in text.)

! Missing { inserted.
<to be read again> 
                   \edef 
l.141 ...{p(\v{x} | \theta)}{q(T(\v{x}) | \theta)}
                                                  
A left brace was mandatory here, so I've put one in.
You might want to delete and/or insert some corrections
so that I will find a matching right brace soon.
(If you're confused by all this, try typing `I}' now.)


! LaTeX Error: Bad math environment delimiter.

See the LaTeX manual or LaTeX Companion for explanation.
Type  H <return>  for immediate help.
 ...                                              
                                                  
l.142 	\]
         
Your command was ignored.
Type  I <command> <return>  to replace it with another command,
or  <return>  to continue without it.


LaTeX Warning: Command \c invalid in math mode on input line 143.


LaTeX Warning: Command \c invalid in math mode on input line 143.

! Please use \mathaccent for accents in math mode.
<recently read> \accent 
                        
l.143 	for constante como funç
                               ão de $\theta$.
I'm changing \accent to \mathaccent here; wish me luck.
(Accents are not the same in formulas as they are in text.)

! Missing { inserted.
<to be read again> 
                   \edef 
l.143 	for constante como funç
                               ão de $\theta$.
A left brace was mandatory here, so I've put one in.
You might want to delete and/or insert some corrections
so that I will find a matching right brace soon.
(If you're confused by all this, try typing `I}' now.)


LaTeX Warning: Command \~ invalid in math mode on input line 143.

! Please use \mathaccent for accents in math mode.
\add@accent ... \let \ignorespaces \relax \accent 
                                                  #1 #2\egroup \ifmmode \els...
l.143 	for constante como funçã
                                 o de $\theta$.
I'm changing \accent to \mathaccent here; wish me luck.
(Accents are not the same in formulas as they are in text.)

! Missing } inserted.
<inserted text> 
                }
l.143 	for constante como função de $
                                       \theta$.
I've inserted something that you may have forgotten.
(See the <inserted text> above.)
With luck, this will get me unwedged. But if you
really didn't forget anything, try typing `2' now; then
my insertion and my current dilemma will both disappear.

! Missing } inserted.
<inserted text> 
                }
l.143 	for constante como função de $
                                       \theta$.
I've inserted something that you may have forgotten.
(See the <inserted text> above.)
With luck, this will get me unwedged. But if you
really didn't forget anything, try typing `2' now; then
my insertion and my current dilemma will both disappear.

! Display math should end with $$.
<to be read again> 
                   \theta 
l.143 	for constante como função de $\theta
                                             $.
The `$' that I just saw supposedly matches a previous `$$'.
So I shall assume that you typed `$$' both times.


Overfull \hbox (166.93982pt too wide) detected at line 143
[]
 []

! Missing $ inserted.
<inserted text> 
                $
l.143 	for constante como função de $\theta
                                             $.
I've inserted a begin-math/end-math symbol since I think
you left one out. Proceed, with fingers crossed.

Missing character: There is no . in font nullfont!

! LaTeX Error: \begin{document} ended by \end{theorem}.

See the LaTeX manual or LaTeX Companion for explanation.
Type  H <return>  for immediate help.
 ...                                              
                                                  
l.144 \end{theorem}
                   
Your command was ignored.
Type  I <command> <return>  to replace it with another command,
or  <return>  to continue without it.


Overfull \hbox (4.97223pt too wide) in paragraph at lines 143--145
$\OML/cmm/m/it/10 ^^R$
 []


! LaTeX Error: Environment theorem undefined.

See the LaTeX manual or LaTeX Companion for explanation.
Type  H <return>  for immediate help.
 ...                                              
                                                  
l.146 \begin{theorem}
                     [Critério da fatoração]
Your command was ignored.
Type  I <command> <return>  to replace it with another command,
or  <return>  to continue without it.


! LaTeX Error: Missing \begin{document}.

See the LaTeX manual or LaTeX Companion for explanation.
Type  H <return>  for immediate help.
 ...                                              
                                                  
l.146 \begin{theorem}[
                      Critério da fatoração]
You're in trouble here.  Try typing  <return>  to proceed.
If that doesn't work, type  X <return>  to quit.

Missing character: There is no [ in font nullfont!
Missing character: There is no C in font nullfont!
Missing character: There is no r in font nullfont!
Missing character: There is no i in font nullfont!
Missing character: There is no t in font nullfont!
Missing character: There is no r in font nullfont!
Missing character: There is no i in font nullfont!
Missing character: There is no o in font nullfont!
Missing character: There is no d in font nullfont!
Missing character: There is no a in font nullfont!
Missing character: There is no f in font nullfont!
Missing character: There is no a in font nullfont!
Missing character: There is no t in font nullfont!
Missing character: There is no o in font nullfont!
Missing character: There is no r in font nullfont!
Missing character: There is no a in font nullfont!
Missing character: There is no o in font nullfont!
Missing character: There is no ] in font nullfont!
Missing character: There is no S in font nullfont!
Missing character: There is no e in font nullfont!
Missing character: There is no j in font nullfont!
Missing character: There is no a in font nullfont!

LaTeX Warning: Command \v invalid in math mode on input line 147.


LaTeX Warning: Command \v invalid in math mode on input line 147.

! Please use \mathaccent for accents in math mode.
\add@accent ... \let \ignorespaces \relax \accent 
                                                  #1 #2\egroup \ifmmode \els...
l.147 	Seja $f(\v{x}
                     | \theta)$ a f.p. (ou f.d.p.) conjunta de uma amostra $...
I'm changing \accent to \mathaccent here; wish me luck.
(Accents are not the same in formulas as they are in text.)

! Missing { inserted.
<to be read again> 
                   \edef 
l.147 	Seja $f(\v{x}
                     | \theta)$ a f.p. (ou f.d.p.) conjunta de uma amostra $...
A left brace was mandatory here, so I've put one in.
You might want to delete and/or insert some corrections
so that I will find a matching right brace soon.
(If you're confused by all this, try typing `I}' now.)

! Missing } inserted.
<inserted text> 
                }
l.147 	Seja $f(\v{x} | \theta)$
                                a f.p. (ou f.d.p.) conjunta de uma amostra $...
I've inserted something that you may have forgotten.
(See the <inserted text> above.)
With luck, this will get me unwedged. But if you
really didn't forget anything, try typing `2' now; then
my insertion and my current dilemma will both disappear.

Missing character: There is no a in font nullfont!
Missing character: There is no f in font nullfont!
Missing character: There is no . in font nullfont!
Missing character: There is no p in font nullfont!
Missing character: There is no . in font nullfont!
Missing character: There is no ( in font nullfont!
Missing character: There is no o in font nullfont!
Missing character: There is no u in font nullfont!
Missing character: There is no f in font nullfont!
Missing character: There is no . in font nullfont!
Missing character: There is no d in font nullfont!
Missing character: There is no . in font nullfont!
Missing character: There is no p in font nullfont!
Missing character: There is no . in font nullfont!
Missing character: There is no ) in font nullfont!
Missing character: There is no c in font nullfont!
Missing character: There is no o in font nullfont!
Missing character: There is no n in font nullfont!
Missing character: There is no j in font nullfont!
Missing character: There is no u in font nullfont!
Missing character: There is no n in font nullfont!
Missing character: There is no t in font nullfont!
Missing character: There is no a in font nullfont!
Missing character: There is no d in font nullfont!
Missing character: There is no e in font nullfont!
Missing character: There is no u in font nullfont!
Missing character: There is no m in font nullfont!
Missing character: There is no a in font nullfont!
Missing character: There is no a in font nullfont!
Missing character: There is no m in font nullfont!
Missing character: There is no o in font nullfont!
Missing character: There is no s in font nullfont!
Missing character: There is no t in font nullfont!
Missing character: There is no r in font nullfont!
Missing character: There is no a in font nullfont!

LaTeX Warning: Command \v invalid in math mode on input line 147.


LaTeX Warning: Command \v invalid in math mode on input line 147.

! Please use \mathaccent for accents in math mode.
\add@accent ... \let \ignorespaces \relax \accent 
                                                  #1 #2\egroup \ifmmode \els...
l.147 ...ou f.d.p.) conjunta de uma amostra $\v{X}
                                                  $. Uma estatística $T(\v{...
I'm changing \accent to \mathaccent here; wish me luck.
(Accents are not the same in formulas as they are in text.)

! Missing { inserted.
<to be read again> 
                   \edef 
l.147 ...ou f.d.p.) conjunta de uma amostra $\v{X}
                                                  $. Uma estatística $T(\v{...
A left brace was mandatory here, so I've put one in.
You might want to delete and/or insert some corrections
so that I will find a matching right brace soon.
(If you're confused by all this, try typing `I}' now.)

! Missing } inserted.
<inserted text> 
                }
l.147 ...u f.d.p.) conjunta de uma amostra $\v{X}$
                                                  . Uma estatística $T(\v{X...
I've inserted something that you may have forgotten.
(See the <inserted text> above.)
With luck, this will get me unwedged. But if you
really didn't forget anything, try typing `2' now; then
my insertion and my current dilemma will both disappear.

Missing character: There is no . in font nullfont!
Missing character: There is no U in font nullfont!
Missing character: There is no m in font nullfont!
Missing character: There is no a in font nullfont!
Missing character: There is no e in font nullfont!
Missing character: There is no s in font nullfont!
Missing character: There is no t in font nullfont!
Missing character: There is no a in font nullfont!
Missing character: There is no t in font nullfont!
Missing character: There is no s in font nullfont!
Missing character: There is no t in font nullfont!
Missing character: There is no i in font nullfont!
Missing character: There is no c in font nullfont!
Missing character: There is no a in font nullfont!

LaTeX Warning: Command \v invalid in math mode on input line 147.


LaTeX Warning: Command \v invalid in math mode on input line 147.

! Please use \mathaccent for accents in math mode.
\add@accent ... \let \ignorespaces \relax \accent 
                                                  #1 #2\egroup \ifmmode \els...
l.147 ...mostra $\v{X}$. Uma estatística $T(\v{X}
                                                  )$ é uma estatística suf...
I'm changing \accent to \mathaccent here; wish me luck.
(Accents are not the same in formulas as they are in text.)

! Missing { inserted.
<to be read again> 
                   \edef 
l.147 ...mostra $\v{X}$. Uma estatística $T(\v{X}
                                                  )$ é uma estatística suf...
A left brace was mandatory here, so I've put one in.
You might want to delete and/or insert some corrections
so that I will find a matching right brace soon.
(If you're confused by all this, try typing `I}' now.)

! Missing } inserted.
<inserted text> 
                }
l.147 ...stra $\v{X}$. Uma estatística $T(\v{X})$
                                                   é uma estatística sufic...
I've inserted something that you may have forgotten.
(See the <inserted text> above.)
With luck, this will get me unwedged. But if you
really didn't forget anything, try typing `2' now; then
my insertion and my current dilemma will both disappear.

Missing character: There is no u in font nullfont!
Missing character: There is no m in font nullfont!
Missing character: There is no a in font nullfont!
Missing character: There is no e in font nullfont!
Missing character: There is no s in font nullfont!
Missing character: There is no t in font nullfont!
Missing character: There is no a in font nullfont!
Missing character: There is no t in font nullfont!
Missing character: There is no s in font nullfont!
Missing character: There is no t in font nullfont!
Missing character: There is no i in font nullfont!
Missing character: There is no c in font nullfont!
Missing character: There is no a in font nullfont!
Missing character: There is no s in font nullfont!
Missing character: There is no u in font nullfont!
Missing character: There is no f in font nullfont!
Missing character: There is no i in font nullfont!
Missing character: There is no c in font nullfont!
Missing character: There is no i in font nullfont!
Missing character: There is no e in font nullfont!
Missing character: There is no n in font nullfont!
Missing character: There is no t in font nullfont!
Missing character: There is no e in font nullfont!
Missing character: There is no p in font nullfont!
Missing character: There is no a in font nullfont!
Missing character: There is no r in font nullfont!
Missing character: There is no a in font nullfont!
Missing character: There is no s in font nullfont!
Missing character: There is no e in font nullfont!
Missing character: There is no , in font nullfont!
Missing character: There is no e in font nullfont!
Missing character: There is no s in font nullfont!
Missing character: There is no o in font nullfont!
Missing character: There is no m in font nullfont!
Missing character: There is no e in font nullfont!
Missing character: There is no n in font nullfont!
Missing character: There is no t in font nullfont!
Missing character: There is no e in font nullfont!
Missing character: There is no s in font nullfont!
Missing character: There is no e in font nullfont!
Missing character: There is no , in font nullfont!
Missing character: There is no e in font nullfont!
Missing character: There is no x in font nullfont!
Missing character: There is no i in font nullfont!
Missing character: There is no s in font nullfont!
Missing character: There is no t in font nullfont!
Missing character: There is no i in font nullfont!
Missing character: There is no r in font nullfont!
Missing character: There is no e in font nullfont!
Missing character: There is no m in font nullfont!
Missing character: There is no f in font nullfont!
Missing character: There is no u in font nullfont!
Missing character: There is no n in font nullfont!
Missing character: There is no e in font nullfont!
Missing character: There is no s in font nullfont!
Missing character: There is no e in font nullfont!

LaTeX Warning: Command \v invalid in math mode on input line 147.


LaTeX Warning: Command \v invalid in math mode on input line 147.

! Please use \mathaccent for accents in math mode.
\add@accent ... \let \ignorespaces \relax \accent 
                                                  #1 #2\egroup \ifmmode \els...
l.147 ...irem funções $g(t | \theta)$ e $h(\v{x}
                                                  )$ de modo que, para todo ...
I'm changing \accent to \mathaccent here; wish me luck.
(Accents are not the same in formulas as they are in text.)

! Missing { inserted.
<to be read again> 
                   \edef 
l.147 ...irem funções $g(t | \theta)$ e $h(\v{x}
                                                  )$ de modo que, para todo ...
A left brace was mandatory here, so I've put one in.
You might want to delete and/or insert some corrections
so that I will find a matching right brace soon.
(If you're confused by all this, try typing `I}' now.)

! Missing } inserted.
<inserted text> 
                }
l.147 ...em funções $g(t | \theta)$ e $h(\v{x})$
                                                   de modo que, para todo $\...
I've inserted something that you may have forgotten.
(See the <inserted text> above.)
With luck, this will get me unwedged. But if you
really didn't forget anything, try typing `2' now; then
my insertion and my current dilemma will both disappear.

Missing character: There is no d in font nullfont!
Missing character: There is no e in font nullfont!
Missing character: There is no m in font nullfont!
Missing character: There is no o in font nullfont!
Missing character: There is no d in font nullfont!
Missing character: There is no o in font nullfont!
Missing character: There is no q in font nullfont!
Missing character: There is no u in font nullfont!
Missing character: There is no e in font nullfont!
Missing character: There is no , in font nullfont!
Missing character: There is no p in font nullfont!
Missing character: There is no a in font nullfont!
Missing character: There is no r in font nullfont!
Missing character: There is no a in font nullfont!
Missing character: There is no t in font nullfont!
Missing character: There is no o in font nullfont!
Missing character: There is no d in font nullfont!
Missing character: There is no o in font nullfont!

LaTeX Warning: Command \v invalid in math mode on input line 147.


LaTeX Warning: Command \v invalid in math mode on input line 147.

! Please use \mathaccent for accents in math mode.
\add@accent ... \let \ignorespaces \relax \accent 
                                                  #1 #2\egroup \ifmmode \els...
l.147 ... $h(\v{x})$ de modo que, para todo $\v{x}
                                                   \in \mathcal{X}$ e todo $...
I'm changing \accent to \mathaccent here; wish me luck.
(Accents are not the same in formulas as they are in text.)

! Missing { inserted.
<to be read again> 
                   \edef 
l.147 ... $h(\v{x})$ de modo que, para todo $\v{x}
                                                   \in \mathcal{X}$ e todo $...
A left brace was mandatory here, so I've put one in.
You might want to delete and/or insert some corrections
so that I will find a matching right brace soon.
(If you're confused by all this, try typing `I}' now.)

! Missing } inserted.
<inserted text> 
                }
l.147 ...do que, para todo $\v{x} \in \mathcal{X}$
                                                   e todo $\theta \in \Theta$,
I've inserted something that you may have forgotten.
(See the <inserted text> above.)
With luck, this will get me unwedged. But if you
really didn't forget anything, try typing `2' now; then
my insertion and my current dilemma will both disappear.

Missing character: There is no e in font nullfont!
Missing character: There is no t in font nullfont!
Missing character: There is no o in font nullfont!
Missing character: There is no d in font nullfont!
Missing character: There is no o in font nullfont!
Missing character: There is no , in font nullfont!

Overfull \hbox (24.44444pt too wide) in paragraph at lines 146--148
[]\/cmr/m/n/10 ^^Se
 []


Overfull \hbox (9.44446pt too wide) in paragraph at lines 146--148
\/cmr/m/n/10 ^^Xc~a
 []


Overfull \hbox (27.21535pt too wide) in paragraph at lines 146--148
\OML/cmm/m/it/10 f\/cmr/m/n/10 ([]$
 []


Overfull \hbox (9.06943pt too wide) in paragraph at lines 146--148
[]$
 []


Overfull \hbox (2.77779pt too wide) in paragraph at lines 146--148
\/cmr/m/n/10 ^^S^^P
 []


Overfull \hbox (24.07988pt too wide) in paragraph at lines 146--148
\OML/cmm/m/it/10 T\/cmr/m/n/10 ([]$
 []


Overfull \hbox (4.44444pt too wide) in paragraph at lines 146--148
\/cmr/m/n/10 ^^Se
 []


Overfull \hbox (2.77779pt too wide) in paragraph at lines 146--148
\/cmr/m/n/10 ^^S^^P
 []


Overfull \hbox (4.97223pt too wide) in paragraph at lines 146--148
\OML/cmm/m/it/10 ^^R$
 []


Overfull \hbox (9.44446pt too wide) in paragraph at lines 146--148
\/cmr/m/n/10 ^^Xc~o
 []


Overfull \hbox (24.2674pt too wide) in paragraph at lines 146--148
\OML/cmm/m/it/10 g\/cmr/m/n/10 (\OML/cmm/m/it/10 t\OMS/cmsy/m/n/10 j\OML/cmm/m/
it/10 ^^R\/cmr/m/n/10 )$
 []


Overfull \hbox (19.25465pt too wide) in paragraph at lines 146--148
\OML/cmm/m/it/10 h\/cmr/m/n/10 ([]$
 []


Overfull \hbox (26.53462pt too wide) in paragraph at lines 146--148
[]$
 []


Overfull \hbox (14.41663pt too wide) in paragraph at lines 146--148
\OML/cmm/m/it/10 ^^R \OMS/cmsy/m/n/10 2
 []


Overfull \hbox (7.7778pt too wide) in paragraph at lines 146--148
\/cmr/m/n/10 ^^B$ 
 []


LaTeX Warning: Command \v invalid in math mode on input line 149.


LaTeX Warning: Command \v invalid in math mode on input line 149.

! Please use \mathaccent for accents in math mode.
\add@accent ... \let \ignorespaces \relax \accent 
                                                  #1 #2\egroup \ifmmode \els...
l.149 	f(\v{x}
               | \theta) = g(T(\v{x}) | \theta)h(\v{x}).
I'm changing \accent to \mathaccent here; wish me luck.
(Accents are not the same in formulas as they are in text.)

! Missing { inserted.
<to be read again> 
                   \edef 
l.149 	f(\v{x}
               | \theta) = g(T(\v{x}) | \theta)h(\v{x}).
A left brace was mandatory here, so I've put one in.
You might want to delete and/or insert some corrections
so that I will find a matching right brace soon.
(If you're confused by all this, try typing `I}' now.)


LaTeX Warning: Command \v invalid in math mode on input line 149.

! Please use \mathaccent for accents in math mode.
\add@accent ... \let \ignorespaces \relax \accent 
                                                  #1 #2\egroup \ifmmode \els...
l.149 	f(\v{x} | \theta) = g(T(\v{x}
                                    ) | \theta)h(\v{x}).
I'm changing \accent to \mathaccent here; wish me luck.
(Accents are not the same in formulas as they are in text.)


LaTeX Warning: Command \v invalid in math mode on input line 149.

! Please use \mathaccent for accents in math mode.
\add@accent ... \let \ignorespaces \relax \accent 
                                                  #1 #2\egroup \ifmmode \els...
l.149 ...} | \theta) = g(T(\v{x}) | \theta)h(\v{x}
                                                  ).
I'm changing \accent to \mathaccent here; wish me luck.
(Accents are not the same in formulas as they are in text.)


! LaTeX Error: Bad math environment delimiter.

See the LaTeX manual or LaTeX Companion for explanation.
Type  H <return>  for immediate help.
 ...                                              
                                                  
l.150 	\]
         
Your command was ignored.
Type  I <command> <return>  to replace it with another command,
or  <return>  to continue without it.


! LaTeX Error: \begin{document} ended by \end{theorem}.

See the LaTeX manual or LaTeX Companion for explanation.
Type  H <return>  for immediate help.
 ...                                              
                                                  
l.151 \end{theorem}
                   
Your command was ignored.
Type  I <command> <return>  to replace it with another command,
or  <return>  to continue without it.

! Missing } inserted.
<inserted text> 
                }
l.151 \end{theorem}
                   
I've inserted something that you may have forgotten.
(See the <inserted text> above.)
With luck, this will get me unwedged. But if you
really didn't forget anything, try typing `2' now; then
my insertion and my current dilemma will both disappear.

! Missing $ inserted.
<inserted text> 
                $
l.151 \end{theorem}
                   
I've inserted something that you may have forgotten.
(See the <inserted text> above.)
With luck, this will get me unwedged. But if you
really didn't forget anything, try typing `2' now; then
my insertion and my current dilemma will both disappear.

! Display math should end with $$.
<to be read again> 
                   \endgroup 
l.151 \end{theorem}
                   
The `$' that I just saw supposedly matches a previous `$$'.
So I shall assume that you typed `$$' both times.


Overfull \hbox (103.96301pt too wide) detected at line 151
\OML/cmm/m/it/10 f\/cmr/m/n/10 ([]
 []


! LaTeX Error: Environment theorem undefined.

See the LaTeX manual or LaTeX Companion for explanation.
Type  H <return>  for immediate help.
 ...                                              
                                                  
l.153 \begin{theorem}
                     [Suficiência na família exponencial]
Your command was ignored.
Type  I <command> <return>  to replace it with another command,
or  <return>  to continue without it.


! LaTeX Error: Missing \begin{document}.

See the LaTeX manual or LaTeX Companion for explanation.
Type  H <return>  for immediate help.
 ...                                              
                                                  
l.153 \begin{theorem}[
                      Suficiência na família exponencial]
You're in trouble here.  Try typing  <return>  to proceed.
If that doesn't work, type  X <return>  to quit.

Missing character: There is no [ in font nullfont!
Missing character: There is no S in font nullfont!
Missing character: There is no u in font nullfont!
Missing character: There is no f in font nullfont!
Missing character: There is no i in font nullfont!
Missing character: There is no c in font nullfont!
Missing character: There is no i in font nullfont!
Missing character: There is no n in font nullfont!
Missing character: There is no c in font nullfont!
Missing character: There is no i in font nullfont!
Missing character: There is no a in font nullfont!
Missing character: There is no n in font nullfont!
Missing character: There is no a in font nullfont!
Missing character: There is no f in font nullfont!
Missing character: There is no a in font nullfont!
Missing character: There is no m in font nullfont!
Missing character: There is no l in font nullfont!
Missing character: There is no i in font nullfont!
Missing character: There is no a in font nullfont!
Missing character: There is no e in font nullfont!
Missing character: There is no x in font nullfont!
Missing character: There is no p in font nullfont!
Missing character: There is no o in font nullfont!
Missing character: There is no n in font nullfont!
Missing character: There is no e in font nullfont!
Missing character: There is no n in font nullfont!
Missing character: There is no c in font nullfont!
Missing character: There is no i in font nullfont!
Missing character: There is no a in font nullfont!
Missing character: There is no l in font nullfont!
Missing character: There is no ] in font nullfont!
Missing character: There is no S in font nullfont!
Missing character: There is no e in font nullfont!
Missing character: There is no j in font nullfont!
Missing character: There is no a in font nullfont!
Missing character: There is no m in font nullfont!
Missing character: There is no u in font nullfont!
Missing character: There is no m in font nullfont!
Missing character: There is no a in font nullfont!
Missing character: There is no A in font nullfont!
Missing character: There is no . in font nullfont!
Missing character: There is no A in font nullfont!
Missing character: There is no . in font nullfont!
Missing character: There is no o in font nullfont!
Missing character: There is no r in font nullfont!
Missing character: There is no i in font nullfont!
Missing character: There is no u in font nullfont!
Missing character: There is no n in font nullfont!
Missing character: There is no d in font nullfont!
Missing character: There is no a in font nullfont!
Missing character: There is no d in font nullfont!
Missing character: There is no e in font nullfont!
Missing character: There is no u in font nullfont!
Missing character: There is no m in font nullfont!
Missing character: There is no a in font nullfont!
Missing character: There is no p in font nullfont!
Missing character: There is no o in font nullfont!
Missing character: There is no p in font nullfont!
Missing character: There is no u in font nullfont!
Missing character: There is no l in font nullfont!
Missing character: There is no a in font nullfont!
Missing character: There is no o in font nullfont!
Missing character: There is no c in font nullfont!
Missing character: There is no u in font nullfont!
Missing character: There is no j in font nullfont!
Missing character: There is no a in font nullfont!
Missing character: There is no f in font nullfont!
Missing character: There is no . in font nullfont!
Missing character: There is no d in font nullfont!
Missing character: There is no . in font nullfont!
Missing character: There is no p in font nullfont!
Missing character: There is no . in font nullfont!
Missing character: There is no ( in font nullfont!
Missing character: There is no o in font nullfont!
Missing character: There is no u in font nullfont!
Missing character: There is no f in font nullfont!
Missing character: There is no . in font nullfont!
Missing character: There is no p in font nullfont!
Missing character: There is no . in font nullfont!
Missing character: There is no ) in font nullfont!
Missing character: There is no p in font nullfont!
Missing character: There is no e in font nullfont!
Missing character: There is no r in font nullfont!
Missing character: There is no t in font nullfont!
Missing character: There is no e in font nullfont!
Missing character: There is no n in font nullfont!
Missing character: There is no c in font nullfont!
Missing character: There is no e in font nullfont!
Missing character: There is no f in font nullfont!
Missing character: There is no a in font nullfont!
Missing character: There is no m in font nullfont!
Missing character: There is no l in font nullfont!
Missing character: There is no i in font nullfont!
Missing character: There is no a in font nullfont!
Missing character: There is no e in font nullfont!
Missing character: There is no x in font nullfont!
Missing character: There is no p in font nullfont!
Missing character: There is no o in font nullfont!
Missing character: There is no n in font nullfont!
Missing character: There is no e in font nullfont!
Missing character: There is no n in font nullfont!
Missing character: There is no c in font nullfont!
Missing character: There is no i in font nullfont!
Missing character: There is no a in font nullfont!
Missing character: There is no l in font nullfont!

Overfull \hbox (24.44444pt too wide) in paragraph at lines 153--155
[]\/cmr/m/n/10 ^e
 []


Overfull \hbox (2.77779pt too wide) in paragraph at lines 153--155
\/cmr/m/n/10 ^^S^^P
 []


Overfull \hbox (65.93625pt too wide) in paragraph at lines 153--155
\OML/cmm/m/it/10 X[]; X[]; [] ; X[]$
 []


Overfull \hbox (9.44446pt too wide) in paragraph at lines 153--155
\/cmr/m/n/10 ^^Xc~a
 []


Overfull \hbox (27.21535pt too wide) in paragraph at lines 153--155
\OML/cmm/m/it/10 f\/cmr/m/n/10 (\OML/cmm/m/it/10 x\OMS/cmsy/m/n/10 j\OML/cmm/m/
it/10 ^^R\/cmr/m/n/10 )$
 []


Overfull \hbox (5.00002pt too wide) in paragraph at lines 153--155
\/cmr/m/n/10 ^^Ra
 []


Overfull \hbox (2.77779pt too wide) in paragraph at lines 153--155
\/cmr/m/n/10 ^^S^^P
 []


LaTeX Warning: Command \v invalid in math mode on input line 156.


LaTeX Warning: Command \v invalid in math mode on input line 156.

! Missing $ inserted.
<inserted text> 
                $
l.156 	f(x | \v{\theta}
                       ) = \exp\left(\sum_{k=1}^{s} \eta_k(\v{\theta})t_k(x)...
I've inserted a begin-math/end-math symbol since I think
you left one out. Proceed, with fingers crossed.

! Improper \spacefactor.
<recently read> \spacefactor 
                             
l.156 	f(x | \v{\theta}
                       ) = \exp\left(\sum_{k=1}^{s} \eta_k(\v{\theta})t_k(x)...
You can refer to \spacefactor only in horizontal mode;
you can refer to \prevdepth only in vertical mode; and
neither of these is meaningful inside \write. So
I'm forgetting what you said and using zero instead.

! Extra }, or forgotten $.
\add@accent ... \accent@spacefactor \spacefactor }
                                                  \let \maybe@load@fontshape...
l.156 	f(x | \v{\theta}
                       ) = \exp\left(\sum_{k=1}^{s} \eta_k(\v{\theta})t_k(x)...
I've deleted a group-closing symbol because it seems to be
spurious, as in `$x}$'. But perhaps the } is legitimate and
you forgot something else, as in `\hbox{$x}'. In such cases
the way to recover is to insert both the forgotten and the
deleted material, e.g., by typing `I$}'.

! Please use \mathaccent for accents in math mode.
\add@accent ... \let \ignorespaces \relax \accent 
                                                  #1 #2\egroup \ifmmode \els...
l.156 	f(x | \v{\theta}
                       ) = \exp\left(\sum_{k=1}^{s} \eta_k(\v{\theta})t_k(x)...
I'm changing \accent to \mathaccent here; wish me luck.
(Accents are not the same in formulas as they are in text.)

! Missing { inserted.
<to be read again> 
                   \edef 
l.156 	f(x | \v{\theta}
                       ) = \exp\left(\sum_{k=1}^{s} \eta_k(\v{\theta})t_k(x)...
A left brace was mandatory here, so I've put one in.
You might want to delete and/or insert some corrections
so that I will find a matching right brace soon.
(If you're confused by all this, try typing `I}' now.)

! Extra }, or forgotten $.
\UseTextAccent  ...e@text@encoding \@curr@enc #3}}
                                                  
l.156 	f(x | \v{\theta}
                       ) = \exp\left(\sum_{k=1}^{s} \eta_k(\v{\theta})t_k(x)...
I've deleted a group-closing symbol because it seems to be
spurious, as in `$x}$'. But perhaps the } is legitimate and
you forgot something else, as in `\hbox{$x}'. In such cases
the way to recover is to insert both the forgotten and the
deleted material, e.g., by typing `I$}'.


LaTeX Warning: Command \v invalid in math mode on input line 156.


LaTeX Warning: Command \v invalid in math mode on input line 156.

! Missing $ inserted.
<inserted text> 
                $
l.156 ...exp\left(\sum_{k=1}^{s} \eta_k(\v{\theta}
                                                  )t_k(x)\right) a(\v{\theta...
I've inserted a begin-math/end-math symbol since I think
you left one out. Proceed, with fingers crossed.

! Improper \spacefactor.
<recently read> \spacefactor 
                             
l.156 ...exp\left(\sum_{k=1}^{s} \eta_k(\v{\theta}
                                                  )t_k(x)\right) a(\v{\theta...
You can refer to \spacefactor only in horizontal mode;
you can refer to \prevdepth only in vertical mode; and
neither of these is meaningful inside \write. So
I'm forgetting what you said and using zero instead.

! Extra }, or forgotten $.
\add@accent ... \accent@spacefactor \spacefactor }
                                                  \let \maybe@load@fontshape...
l.156 ...exp\left(\sum_{k=1}^{s} \eta_k(\v{\theta}
                                                  )t_k(x)\right) a(\v{\theta...
I've deleted a group-closing symbol because it seems to be
spurious, as in `$x}$'. But perhaps the } is legitimate and
you forgot something else, as in `\hbox{$x}'. In such cases
the way to recover is to insert both the forgotten and the
deleted material, e.g., by typing `I$}'.

! Please use \mathaccent for accents in math mode.
\add@accent ... \let \ignorespaces \relax \accent 
                                                  #1 #2\egroup \ifmmode \els...
l.156 ...exp\left(\sum_{k=1}^{s} \eta_k(\v{\theta}
                                                  )t_k(x)\right) a(\v{\theta...
I'm changing \accent to \mathaccent here; wish me luck.
(Accents are not the same in formulas as they are in text.)

! Missing { inserted.
<to be read again> 
                   \edef 
l.156 ...exp\left(\sum_{k=1}^{s} \eta_k(\v{\theta}
                                                  )t_k(x)\right) a(\v{\theta...
A left brace was mandatory here, so I've put one in.
You might want to delete and/or insert some corrections
so that I will find a matching right brace soon.
(If you're confused by all this, try typing `I}' now.)

! Extra \right.
l.156 ...{k=1}^{s} \eta_k(\v{\theta})t_k(x)\right)
                                                   a(\v{\theta})h(x),
I'm ignoring a \right that had no matching \left.


LaTeX Warning: Command \v invalid in math mode on input line 156.


LaTeX Warning: Command \v invalid in math mode on input line 156.

! Missing $ inserted.
<inserted text> 
                $
l.156 ...a_k(\v{\theta})t_k(x)\right) a(\v{\theta}
                                                  )h(x),
I've inserted a begin-math/end-math symbol since I think
you left one out. Proceed, with fingers crossed.

! Improper \spacefactor.
<recently read> \spacefactor 
                             
l.156 ...a_k(\v{\theta})t_k(x)\right) a(\v{\theta}
                                                  )h(x),
You can refer to \spacefactor only in horizontal mode;
you can refer to \prevdepth only in vertical mode; and
neither of these is meaningful inside \write. So
I'm forgetting what you said and using zero instead.

! Extra }, or forgotten $.
\add@accent ... \accent@spacefactor \spacefactor }
                                                  \let \maybe@load@fontshape...
l.156 ...a_k(\v{\theta})t_k(x)\right) a(\v{\theta}
                                                  )h(x),
I've deleted a group-closing symbol because it seems to be
spurious, as in `$x}$'. But perhaps the } is legitimate and
you forgot something else, as in `\hbox{$x}'. In such cases
the way to recover is to insert both the forgotten and the
deleted material, e.g., by typing `I$}'.

! Please use \mathaccent for accents in math mode.
\add@accent ... \let \ignorespaces \relax \accent 
                                                  #1 #2\egroup \ifmmode \els...
l.156 ...a_k(\v{\theta})t_k(x)\right) a(\v{\theta}
                                                  )h(x),
I'm changing \accent to \mathaccent here; wish me luck.
(Accents are not the same in formulas as they are in text.)

! Missing { inserted.
<to be read again> 
                   \edef 
l.156 ...a_k(\v{\theta})t_k(x)\right) a(\v{\theta}
                                                  )h(x),
A left brace was mandatory here, so I've put one in.
You might want to delete and/or insert some corrections
so that I will find a matching right brace soon.
(If you're confused by all this, try typing `I}' now.)


! LaTeX Error: Bad math environment delimiter.

See the LaTeX manual or LaTeX Companion for explanation.
Type  H <return>  for immediate help.
 ...                                              
                                                  
l.157 	\]
         
Your command was ignored.
Type  I <command> <return>  to replace it with another command,
or  <return>  to continue without it.

! Missing $ inserted.
<inserted text> 
                $
l.158 	em que $\v{\theta}
                          = (\theta_1, \theta_2, \ldots, \theta_d)$, $d \leq...
I've inserted a begin-math/end-math symbol since I think
you left one out. Proceed, with fingers crossed.

! Improper \spacefactor.
<recently read> \spacefactor 
                             
l.158 	em que $\v{\theta}
                          = (\theta_1, \theta_2, \ldots, \theta_d)$, $d \leq...
You can refer to \spacefactor only in horizontal mode;
you can refer to \prevdepth only in vertical mode; and
neither of these is meaningful inside \write. So
I'm forgetting what you said and using zero instead.

! Extra }, or forgotten $.
\add@accent ... \accent@spacefactor \spacefactor }
                                                  \let \maybe@load@fontshape...
l.158 	em que $\v{\theta}
                          = (\theta_1, \theta_2, \ldots, \theta_d)$, $d \leq...
I've deleted a group-closing symbol because it seems to be
spurious, as in `$x}$'. But perhaps the } is legitimate and
you forgot something else, as in `\hbox{$x}'. In such cases
the way to recover is to insert both the forgotten and the
deleted material, e.g., by typing `I$}'.

! Please use \mathaccent for accents in math mode.
\add@accent ... \let \ignorespaces \relax \accent 
                                                  #1 #2\egroup \ifmmode \els...
l.158 	em que $\v{\theta}
                          = (\theta_1, \theta_2, \ldots, \theta_d)$, $d \leq...
I'm changing \accent to \mathaccent here; wish me luck.
(Accents are not the same in formulas as they are in text.)

! Missing { inserted.
<to be read again> 
                   \edef 
l.158 	em que $\v{\theta}
                          = (\theta_1, \theta_2, \ldots, \theta_d)$, $d \leq...
A left brace was mandatory here, so I've put one in.
You might want to delete and/or insert some corrections
so that I will find a matching right brace soon.
(If you're confused by all this, try typing `I}' now.)

! Missing $ inserted.
<inserted text> 
                $
l.160 	T(\v{X}) = \left
                       (\sum_{i=1}^{n} t_1(X_i), \sum_{i=1}^{n} t_2(X_i), \l...
I've inserted a begin-math/end-math symbol since I think
you left one out. Proceed, with fingers crossed.


! LaTeX Error: Bad math environment delimiter.

See the LaTeX manual or LaTeX Companion for explanation.
Type  H <return>  for immediate help.
 ...                                              
                                                  
l.161 	\]
         
Your command was ignored.
Type  I <command> <return>  to replace it with another command,
or  <return>  to continue without it.


LaTeX Warning: Command \' invalid in math mode on input line 162.

! Please use \mathaccent for accents in math mode.
\add@accent ... \let \ignorespaces \relax \accent 
                                                  #1 #2\egroup \ifmmode \els...
l.162 	é
          uma estatística suficiente para $\v{\theta}$.
I'm changing \accent to \mathaccent here; wish me luck.
(Accents are not the same in formulas as they are in text.)


LaTeX Warning: Command \' invalid in math mode on input line 162.

! Please use \mathaccent for accents in math mode.
\add@accent ... \let \ignorespaces \relax \accent 
                                                  #1 #2\egroup \ifmmode \els...
l.162 	é uma estatí
                     stica suficiente para $\v{\theta}$.
I'm changing \accent to \mathaccent here; wish me luck.
(Accents are not the same in formulas as they are in text.)

! Missing { inserted.
<to be read again> 
                   \begingroup 
l.162 	é uma estatí
                     stica suficiente para $\v{\theta}$.
A left brace was mandatory here, so I've put one in.
You might want to delete and/or insert some corrections
so that I will find a matching right brace soon.
(If you're confused by all this, try typing `I}' now.)


LaTeX Warning: Command \i invalid in math mode on input line 162.

! Missing } inserted.
<inserted text> 
                }
l.162 	é uma estatística suficiente para $
                                            \v{\theta}$.
I've inserted something that you may have forgotten.
(See the <inserted text> above.)
With luck, this will get me unwedged. But if you
really didn't forget anything, try typing `2' now; then
my insertion and my current dilemma will both disappear.

! Missing $ inserted.
<inserted text> 
                $
l.162 ... estatística suficiente para $\v{\theta}
                                                  $.
I've inserted a begin-math/end-math symbol since I think
you left one out. Proceed, with fingers crossed.

! Improper \spacefactor.
<recently read> \spacefactor 
                             
l.162 ... estatística suficiente para $\v{\theta}
                                                  $.
You can refer to \spacefactor only in horizontal mode;
you can refer to \prevdepth only in vertical mode; and
neither of these is meaningful inside \write. So
I'm forgetting what you said and using zero instead.

! Extra }, or forgotten $.
\add@accent ... \accent@spacefactor \spacefactor }
                                                  \let \maybe@load@fontshape...
l.162 ... estatística suficiente para $\v{\theta}
                                                  $.
I've deleted a group-closing symbol because it seems to be
spurious, as in `$x}$'. But perhaps the } is legitimate and
you forgot something else, as in `\hbox{$x}'. In such cases
the way to recover is to insert both the forgotten and the
deleted material, e.g., by typing `I$}'.

! Please use \mathaccent for accents in math mode.
\add@accent ... \let \ignorespaces \relax \accent 
                                                  #1 #2\egroup \ifmmode \els...
l.162 ... estatística suficiente para $\v{\theta}
                                                  $.
I'm changing \accent to \mathaccent here; wish me luck.
(Accents are not the same in formulas as they are in text.)

! Extra }, or forgotten $.
\add@accent ...spaces \relax \accent #1 #2\egroup 
                                                  \ifmmode \else \spacefacto...
l.162 ... estatística suficiente para $\v{\theta}
                                                  $.
I've deleted a group-closing symbol because it seems to be
spurious, as in `$x}$'. But perhaps the } is legitimate and
you forgot something else, as in `\hbox{$x}'. In such cases
the way to recover is to insert both the forgotten and the
deleted material, e.g., by typing `I$}'.


! LaTeX Error: \begin{document} ended by \end{theorem}.

See the LaTeX manual or LaTeX Companion for explanation.
Type  H <return>  for immediate help.
 ...                                              
                                                  
l.163 \end{theorem}
                   
Your command was ignored.
Type  I <command> <return>  to replace it with another command,
or  <return>  to continue without it.

! Missing } inserted.
<inserted text> 
                }
l.163 \end{theorem}
                   
I've inserted something that you may have forgotten.
(See the <inserted text> above.)
With luck, this will get me unwedged. But if you
really didn't forget anything, try typing `2' now; then
my insertion and my current dilemma will both disappear.

! Missing } inserted.
<inserted text> 
                }
l.163 \end{theorem}
                   
I've inserted something that you may have forgotten.
(See the <inserted text> above.)
With luck, this will get me unwedged. But if you
really didn't forget anything, try typing `2' now; then
my insertion and my current dilemma will both disappear.

! Missing } inserted.
<inserted text> 
                }
l.163 \end{theorem}
                   
I've inserted something that you may have forgotten.
(See the <inserted text> above.)
With luck, this will get me unwedged. But if you
really didn't forget anything, try typing `2' now; then
my insertion and my current dilemma will both disappear.

! Missing } inserted.
<inserted text> 
                }
l.163 \end{theorem}
                   
I've inserted something that you may have forgotten.
(See the <inserted text> above.)
With luck, this will get me unwedged. But if you
really didn't forget anything, try typing `2' now; then
my insertion and my current dilemma will both disappear.

! Missing } inserted.
<inserted text> 
                }
l.163 \end{theorem}
                   
I've inserted something that you may have forgotten.
(See the <inserted text> above.)
With luck, this will get me unwedged. But if you
really didn't forget anything, try typing `2' now; then
my insertion and my current dilemma will both disappear.

! Missing } inserted.
<inserted text> 
                }
l.163 \end{theorem}
                   
I've inserted something that you may have forgotten.
(See the <inserted text> above.)
With luck, this will get me unwedged. But if you
really didn't forget anything, try typing `2' now; then
my insertion and my current dilemma will both disappear.

! Missing $ inserted.
<inserted text> 
                $
l.163 \end{theorem}
                   
I've inserted something that you may have forgotten.
(See the <inserted text> above.)
With luck, this will get me unwedged. But if you
really didn't forget anything, try typing `2' now; then
my insertion and my current dilemma will both disappear.

! Missing } inserted.
<inserted text> 
                }
l.163 \end{theorem}
                   
I've inserted something that you may have forgotten.
(See the <inserted text> above.)
With luck, this will get me unwedged. But if you
really didn't forget anything, try typing `2' now; then
my insertion and my current dilemma will both disappear.

! Missing } inserted.
<inserted text> 
                }
l.163 \end{theorem}
                   
I've inserted something that you may have forgotten.
(See the <inserted text> above.)
With luck, this will get me unwedged. But if you
really didn't forget anything, try typing `2' now; then
my insertion and my current dilemma will both disappear.

! Missing \right. inserted.
<inserted text> 
                \right .
l.163 \end{theorem}
                   
I've inserted something that you may have forgotten.
(See the <inserted text> above.)
With luck, this will get me unwedged. But if you
really didn't forget anything, try typing `2' now; then
my insertion and my current dilemma will both disappear.

! Missing $ inserted.
<inserted text> 
                $
l.163 \end{theorem}
                   
I've inserted something that you may have forgotten.
(See the <inserted text> above.)
With luck, this will get me unwedged. But if you
really didn't forget anything, try typing `2' now; then
my insertion and my current dilemma will both disappear.

! Missing } inserted.
<inserted text> 
                }
l.163 \end{theorem}
                   
I've inserted something that you may have forgotten.
(See the <inserted text> above.)
With luck, this will get me unwedged. But if you
really didn't forget anything, try typing `2' now; then
my insertion and my current dilemma will both disappear.

! Missing } inserted.
<inserted text> 
                }
l.163 \end{theorem}
                   
I've inserted something that you may have forgotten.
(See the <inserted text> above.)
With luck, this will get me unwedged. But if you
really didn't forget anything, try typing `2' now; then
my insertion and my current dilemma will both disappear.

! Missing } inserted.
<inserted text> 
                }
l.163 \end{theorem}
                   
I've inserted something that you may have forgotten.
(See the <inserted text> above.)
With luck, this will get me unwedged. But if you
really didn't forget anything, try typing `2' now; then
my insertion and my current dilemma will both disappear.

! Missing $ inserted.
<inserted text> 
                $
l.163 \end{theorem}
                   
I've inserted something that you may have forgotten.
(See the <inserted text> above.)
With luck, this will get me unwedged. But if you
really didn't forget anything, try typing `2' now; then
my insertion and my current dilemma will both disappear.

! Display math should end with $$.
<to be read again> 
                   \endgroup 
l.163 \end{theorem}
                   
The `$' that I just saw supposedly matches a previous `$$'.
So I shall assume that you typed `$$' both times.


Overfull \hbox (18.35422pt too wide) detected at line 163
\OML/cmm/m/it/10 f\/cmr/m/n/10 (\OML/cmm/m/it/10 x\OMS/cmsy/m/n/10 j[]
 []


! LaTeX Error: Environment definition undefined.

See the LaTeX manual or LaTeX Companion for explanation.
Type  H <return>  for immediate help.
 ...                                              
                                                  
l.165 \begin{definition}
                        [Estatística suficiente mínima]
Your command was ignored.
Type  I <command> <return>  to replace it with another command,
or  <return>  to continue without it.


! LaTeX Error: Missing \begin{document}.

See the LaTeX manual or LaTeX Companion for explanation.
Type  H <return>  for immediate help.
 ...                                              
                                                  
l.165 \begin{definition}[
                         Estatística suficiente mínima]
You're in trouble here.  Try typing  <return>  to proceed.
If that doesn't work, type  X <return>  to quit.

Missing character: There is no [ in font nullfont!
Missing character: There is no E in font nullfont!
Missing character: There is no s in font nullfont!
Missing character: There is no t in font nullfont!
Missing character: There is no a in font nullfont!
Missing character: There is no t in font nullfont!
Missing character: There is no s in font nullfont!
Missing character: There is no t in font nullfont!
Missing character: There is no i in font nullfont!
Missing character: There is no c in font nullfont!
Missing character: There is no a in font nullfont!
Missing character: There is no s in font nullfont!
Missing character: There is no u in font nullfont!
Missing character: There is no f in font nullfont!
Missing character: There is no i in font nullfont!
Missing character: There is no c in font nullfont!
Missing character: There is no i in font nullfont!
Missing character: There is no e in font nullfont!
Missing character: There is no n in font nullfont!
Missing character: There is no t in font nullfont!
Missing character: There is no e in font nullfont!
Missing character: There is no m in font nullfont!
Missing character: There is no n in font nullfont!
Missing character: There is no i in font nullfont!
Missing character: There is no m in font nullfont!
Missing character: There is no a in font nullfont!
Missing character: There is no ] in font nullfont!
Missing character: There is no U in font nullfont!
Missing character: There is no m in font nullfont!
Missing character: There is no a in font nullfont!
Missing character: There is no e in font nullfont!
Missing character: There is no s in font nullfont!
Missing character: There is no t in font nullfont!
Missing character: There is no a in font nullfont!
Missing character: There is no t in font nullfont!
Missing character: There is no s in font nullfont!
Missing character: There is no t in font nullfont!
Missing character: There is no i in font nullfont!
Missing character: There is no c in font nullfont!
Missing character: There is no a in font nullfont!

LaTeX Warning: Command \v invalid in math mode on input line 166.


LaTeX Warning: Command \v invalid in math mode on input line 166.

! Please use \mathaccent for accents in math mode.
\add@accent ... \let \ignorespaces \relax \accent 
                                                  #1 #2\egroup \ifmmode \els...
l.166 	Uma estatística $T(\v{X}
                                )$ é chamada estatística suficiente mínim...
I'm changing \accent to \mathaccent here; wish me luck.
(Accents are not the same in formulas as they are in text.)

! Missing { inserted.
<to be read again> 
                   \edef 
l.166 	Uma estatística $T(\v{X}
                                )$ é chamada estatística suficiente mínim...
A left brace was mandatory here, so I've put one in.
You might want to delete and/or insert some corrections
so that I will find a matching right brace soon.
(If you're confused by all this, try typing `I}' now.)

! Missing } inserted.
<inserted text> 
                }
l.166 	Uma estatística $T(\v{X})$
                                   é chamada estatística suficiente mínim...
I've inserted something that you may have forgotten.
(See the <inserted text> above.)
With luck, this will get me unwedged. But if you
really didn't forget anything, try typing `2' now; then
my insertion and my current dilemma will both disappear.

Missing character: There is no c in font nullfont!
Missing character: There is no h in font nullfont!
Missing character: There is no a in font nullfont!
Missing character: There is no m in font nullfont!
Missing character: There is no a in font nullfont!
Missing character: There is no d in font nullfont!
Missing character: There is no a in font nullfont!
Missing character: There is no e in font nullfont!
Missing character: There is no s in font nullfont!
Missing character: There is no t in font nullfont!
Missing character: There is no a in font nullfont!
Missing character: There is no t in font nullfont!
Missing character: There is no s in font nullfont!
Missing character: There is no t in font nullfont!
Missing character: There is no i in font nullfont!
Missing character: There is no c in font nullfont!
Missing character: There is no a in font nullfont!
Missing character: There is no s in font nullfont!
Missing character: There is no u in font nullfont!
Missing character: There is no f in font nullfont!
Missing character: There is no i in font nullfont!
Missing character: There is no c in font nullfont!
Missing character: There is no i in font nullfont!
Missing character: There is no e in font nullfont!
Missing character: There is no n in font nullfont!
Missing character: There is no t in font nullfont!
Missing character: There is no e in font nullfont!
Missing character: There is no m in font nullfont!
Missing character: There is no n in font nullfont!
Missing character: There is no i in font nullfont!
Missing character: There is no m in font nullfont!
Missing character: There is no a in font nullfont!
Missing character: There is no s in font nullfont!
Missing character: There is no e in font nullfont!
Missing character: There is no , in font nullfont!
Missing character: There is no p in font nullfont!
Missing character: There is no a in font nullfont!
Missing character: There is no r in font nullfont!
Missing character: There is no a in font nullfont!
Missing character: There is no q in font nullfont!
Missing character: There is no u in font nullfont!
Missing character: There is no a in font nullfont!
Missing character: There is no l in font nullfont!
Missing character: There is no q in font nullfont!
Missing character: There is no u in font nullfont!
Missing character: There is no e in font nullfont!
Missing character: There is no r in font nullfont!
Missing character: There is no o in font nullfont!
Missing character: There is no u in font nullfont!
Missing character: There is no t in font nullfont!
Missing character: There is no r in font nullfont!
Missing character: There is no a in font nullfont!
Missing character: There is no e in font nullfont!
Missing character: There is no s in font nullfont!
Missing character: There is no t in font nullfont!
Missing character: There is no a in font nullfont!
Missing character: There is no t in font nullfont!
Missing character: There is no s in font nullfont!
Missing character: There is no t in font nullfont!
Missing character: There is no i in font nullfont!
Missing character: There is no c in font nullfont!
Missing character: There is no a in font nullfont!
Missing character: There is no s in font nullfont!
Missing character: There is no u in font nullfont!
Missing character: There is no f in font nullfont!
Missing character: There is no i in font nullfont!
Missing character: There is no c in font nullfont!
Missing character: There is no i in font nullfont!
Missing character: There is no e in font nullfont!
Missing character: There is no n in font nullfont!
Missing character: There is no t in font nullfont!
Missing character: There is no e in font nullfont!

LaTeX Warning: Command \v invalid in math mode on input line 166.


LaTeX Warning: Command \v invalid in math mode on input line 166.

! Please use \mathaccent for accents in math mode.
\add@accent ... \let \ignorespaces \relax \accent 
                                                  #1 #2\egroup \ifmmode \els...
l.166 ...r outra estatística suficiente $T'(\v{X}
                                                  )$, $T(\v{X})$ puder ser e...
I'm changing \accent to \mathaccent here; wish me luck.
(Accents are not the same in formulas as they are in text.)

! Missing { inserted.
<to be read again> 
                   \edef 
l.166 ...r outra estatística suficiente $T'(\v{X}
                                                  )$, $T(\v{X})$ puder ser e...
A left brace was mandatory here, so I've put one in.
You might want to delete and/or insert some corrections
so that I will find a matching right brace soon.
(If you're confused by all this, try typing `I}' now.)

! Missing } inserted.
<inserted text> 
                }
l.166 ...outra estatística suficiente $T'(\v{X})$
                                                  , $T(\v{X})$ puder ser esc...
I've inserted something that you may have forgotten.
(See the <inserted text> above.)
With luck, this will get me unwedged. But if you
really didn't forget anything, try typing `2' now; then
my insertion and my current dilemma will both disappear.

Missing character: There is no , in font nullfont!

LaTeX Warning: Command \v invalid in math mode on input line 166.


LaTeX Warning: Command \v invalid in math mode on input line 166.

! Please use \mathaccent for accents in math mode.
\add@accent ... \let \ignorespaces \relax \accent 
                                                  #1 #2\egroup \ifmmode \els...
l.166 ...tística suficiente $T'(\v{X})$, $T(\v{X}
                                                  )$ puder ser escrita como ...
I'm changing \accent to \mathaccent here; wish me luck.
(Accents are not the same in formulas as they are in text.)

! Missing { inserted.
<to be read again> 
                   \edef 
l.166 ...tística suficiente $T'(\v{X})$, $T(\v{X}
                                                  )$ puder ser escrita como ...
A left brace was mandatory here, so I've put one in.
You might want to delete and/or insert some corrections
so that I will find a matching right brace soon.
(If you're confused by all this, try typing `I}' now.)

! Missing } inserted.
<inserted text> 
                }
l.166 ...�stica suficiente $T'(\v{X})$, $T(\v{X})$
                                                   puder ser escrita como fu...
I've inserted something that you may have forgotten.
(See the <inserted text> above.)
With luck, this will get me unwedged. But if you
really didn't forget anything, try typing `2' now; then
my insertion and my current dilemma will both disappear.

Missing character: There is no p in font nullfont!
Missing character: There is no u in font nullfont!
Missing character: There is no d in font nullfont!
Missing character: There is no e in font nullfont!
Missing character: There is no r in font nullfont!
Missing character: There is no s in font nullfont!
Missing character: There is no e in font nullfont!
Missing character: There is no r in font nullfont!
Missing character: There is no e in font nullfont!
Missing character: There is no s in font nullfont!
Missing character: There is no c in font nullfont!
Missing character: There is no r in font nullfont!
Missing character: There is no i in font nullfont!
Missing character: There is no t in font nullfont!
Missing character: There is no a in font nullfont!
Missing character: There is no c in font nullfont!
Missing character: There is no o in font nullfont!
Missing character: There is no m in font nullfont!
Missing character: There is no o in font nullfont!
Missing character: There is no f in font nullfont!
Missing character: There is no u in font nullfont!
Missing character: There is no n in font nullfont!
Missing character: There is no o in font nullfont!
Missing character: There is no d in font nullfont!
Missing character: There is no e in font nullfont!

LaTeX Warning: Command \v invalid in math mode on input line 166.


LaTeX Warning: Command \v invalid in math mode on input line 166.

! Please use \mathaccent for accents in math mode.
\add@accent ... \let \ignorespaces \relax \accent 
                                                  #1 #2\egroup \ifmmode \els...
l.166 ...er ser escrita como função de $T'(\v{X}
                                                  )$.
I'm changing \accent to \mathaccent here; wish me luck.
(Accents are not the same in formulas as they are in text.)

! Missing { inserted.
<to be read again> 
                   \edef 
l.166 ...er ser escrita como função de $T'(\v{X}
                                                  )$.
A left brace was mandatory here, so I've put one in.
You might want to delete and/or insert some corrections
so that I will find a matching right brace soon.
(If you're confused by all this, try typing `I}' now.)

! Missing } inserted.
<inserted text> 
                }
l.166 ... ser escrita como função de $T'(\v{X})$
                                                  .
I've inserted something that you may have forgotten.
(See the <inserted text> above.)
With luck, this will get me unwedged. But if you
really didn't forget anything, try typing `2' now; then
my insertion and my current dilemma will both disappear.

Missing character: There is no . in font nullfont!

! LaTeX Error: \begin{document} ended by \end{definition}.

See the LaTeX manual or LaTeX Companion for explanation.
Type  H <return>  for immediate help.
 ...                                              
                                                  
l.167 \end{definition}
                      
Your command was ignored.
Type  I <command> <return>  to replace it with another command,
or  <return>  to continue without it.


Overfull \hbox (22.77779pt too wide) in paragraph at lines 165--168
[]\/cmr/m/n/10 ^^S^^P
 []


Overfull \hbox (2.77779pt too wide) in paragraph at lines 165--168
\/cmr/m/n/10 ^^S^^P
 []


Overfull \hbox (2.77779pt too wide) in paragraph at lines 165--168
\/cmr/m/n/10 ^^S^^P
 []


Overfull \hbox (24.07988pt too wide) in paragraph at lines 165--168
\OML/cmm/m/it/10 T\/cmr/m/n/10 ([]$
 []


Overfull \hbox (4.44444pt too wide) in paragraph at lines 165--168
\/cmr/m/n/10 ^^Se
 []


Overfull \hbox (2.77779pt too wide) in paragraph at lines 165--168
\/cmr/m/n/10 ^^S^^P
 []


Overfull \hbox (2.77779pt too wide) in paragraph at lines 165--168
\/cmr/m/n/10 ^^S^^P
 []


Overfull \hbox (2.77779pt too wide) in paragraph at lines 165--168
\/cmr/m/n/10 ^^S^^P
 []


Overfull \hbox (26.88544pt too wide) in paragraph at lines 165--168
\OML/cmm/m/it/10 T[]\/cmr/m/n/10 ([]$
 []


Overfull \hbox (24.07988pt too wide) in paragraph at lines 165--168
\OML/cmm/m/it/10 T\/cmr/m/n/10 ([]$
 []


Overfull \hbox (9.44446pt too wide) in paragraph at lines 165--168
\/cmr/m/n/10 ^^Xc~a
 []


Overfull \hbox (26.88544pt too wide) in paragraph at lines 165--168
\OML/cmm/m/it/10 T[]\/cmr/m/n/10 ([]$
 []


! LaTeX Error: Environment theorem undefined.

See the LaTeX manual or LaTeX Companion for explanation.
Type  H <return>  for immediate help.
 ...                                              
                                                  
l.169 \begin{theorem}
                     [Critério para suficiência mínima]
Your command was ignored.
Type  I <command> <return>  to replace it with another command,
or  <return>  to continue without it.


! LaTeX Error: Missing \begin{document}.

See the LaTeX manual or LaTeX Companion for explanation.
Type  H <return>  for immediate help.
 ...                                              
                                                  
l.169 \begin{theorem}[
                      Critério para suficiência mínima]
You're in trouble here.  Try typing  <return>  to proceed.
If that doesn't work, type  X <return>  to quit.

Missing character: There is no [ in font nullfont!
Missing character: There is no C in font nullfont!
Missing character: There is no r in font nullfont!
Missing character: There is no i in font nullfont!
Missing character: There is no t in font nullfont!
Missing character: There is no r in font nullfont!
Missing character: There is no i in font nullfont!
Missing character: There is no o in font nullfont!
Missing character: There is no p in font nullfont!
Missing character: There is no a in font nullfont!
Missing character: There is no r in font nullfont!
Missing character: There is no a in font nullfont!
Missing character: There is no s in font nullfont!
Missing character: There is no u in font nullfont!
Missing character: There is no f in font nullfont!
Missing character: There is no i in font nullfont!
Missing character: There is no c in font nullfont!
Missing character: There is no i in font nullfont!
Missing character: There is no n in font nullfont!
Missing character: There is no c in font nullfont!
Missing character: There is no i in font nullfont!
Missing character: There is no a in font nullfont!
Missing character: There is no m in font nullfont!
Missing character: There is no n in font nullfont!
Missing character: There is no i in font nullfont!
Missing character: There is no m in font nullfont!
Missing character: There is no a in font nullfont!
Missing character: There is no ] in font nullfont!
Missing character: There is no S in font nullfont!
Missing character: There is no e in font nullfont!
Missing character: There is no j in font nullfont!
Missing character: There is no a in font nullfont!

LaTeX Warning: Command \v invalid in math mode on input line 170.


LaTeX Warning: Command \v invalid in math mode on input line 170.

! Please use \mathaccent for accents in math mode.
\add@accent ... \let \ignorespaces \relax \accent 
                                                  #1 #2\egroup \ifmmode \els...
l.170 	Seja $f(\v{x}
                     | \theta)$ a f.p. (ou f.d.p.) conjunta de uma amostra $...
I'm changing \accent to \mathaccent here; wish me luck.
(Accents are not the same in formulas as they are in text.)

! Missing { inserted.
<to be read again> 
                   \edef 
l.170 	Seja $f(\v{x}
                     | \theta)$ a f.p. (ou f.d.p.) conjunta de uma amostra $...
A left brace was mandatory here, so I've put one in.
You might want to delete and/or insert some corrections
so that I will find a matching right brace soon.
(If you're confused by all this, try typing `I}' now.)

! Missing } inserted.
<inserted text> 
                }
l.170 	Seja $f(\v{x} | \theta)$
                                a f.p. (ou f.d.p.) conjunta de uma amostra $...
I've inserted something that you may have forgotten.
(See the <inserted text> above.)
With luck, this will get me unwedged. But if you
really didn't forget anything, try typing `2' now; then
my insertion and my current dilemma will both disappear.

Missing character: There is no a in font nullfont!
Missing character: There is no f in font nullfont!
Missing character: There is no . in font nullfont!
Missing character: There is no p in font nullfont!
Missing character: There is no . in font nullfont!
Missing character: There is no ( in font nullfont!
Missing character: There is no o in font nullfont!
Missing character: There is no u in font nullfont!
Missing character: There is no f in font nullfont!
Missing character: There is no . in font nullfont!
Missing character: There is no d in font nullfont!
Missing character: There is no . in font nullfont!
Missing character: There is no p in font nullfont!
Missing character: There is no . in font nullfont!
Missing character: There is no ) in font nullfont!
Missing character: There is no c in font nullfont!
Missing character: There is no o in font nullfont!
Missing character: There is no n in font nullfont!
Missing character: There is no j in font nullfont!
Missing character: There is no u in font nullfont!
Missing character: There is no n in font nullfont!
Missing character: There is no t in font nullfont!
Missing character: There is no a in font nullfont!
Missing character: There is no d in font nullfont!
Missing character: There is no e in font nullfont!
Missing character: There is no u in font nullfont!
Missing character: There is no m in font nullfont!
Missing character: There is no a in font nullfont!
Missing character: There is no a in font nullfont!
Missing character: There is no m in font nullfont!
Missing character: There is no o in font nullfont!
Missing character: There is no s in font nullfont!
Missing character: There is no t in font nullfont!
Missing character: There is no r in font nullfont!
Missing character: There is no a in font nullfont!

LaTeX Warning: Command \v invalid in math mode on input line 170.


LaTeX Warning: Command \v invalid in math mode on input line 170.

! Please use \mathaccent for accents in math mode.
\add@accent ... \let \ignorespaces \relax \accent 
                                                  #1 #2\egroup \ifmmode \els...
l.170 ...ou f.d.p.) conjunta de uma amostra $\v{X}
                                                  $. Suponhamos que, para qu...
I'm changing \accent to \mathaccent here; wish me luck.
(Accents are not the same in formulas as they are in text.)

! Missing { inserted.
<to be read again> 
                   \edef 
l.170 ...ou f.d.p.) conjunta de uma amostra $\v{X}
                                                  $. Suponhamos que, para qu...
A left brace was mandatory here, so I've put one in.
You might want to delete and/or insert some corrections
so that I will find a matching right brace soon.
(If you're confused by all this, try typing `I}' now.)

! Missing } inserted.
<inserted text> 
                }
l.170 ...u f.d.p.) conjunta de uma amostra $\v{X}$
                                                  . Suponhamos que, para qua...
I've inserted something that you may have forgotten.
(See the <inserted text> above.)
With luck, this will get me unwedged. But if you
really didn't forget anything, try typing `2' now; then
my insertion and my current dilemma will both disappear.

Missing character: There is no . in font nullfont!
Missing character: There is no S in font nullfont!
Missing character: There is no u in font nullfont!
Missing character: There is no p in font nullfont!
Missing character: There is no o in font nullfont!
Missing character: There is no n in font nullfont!
Missing character: There is no h in font nullfont!
Missing character: There is no a in font nullfont!
Missing character: There is no m in font nullfont!
Missing character: There is no o in font nullfont!
Missing character: There is no s in font nullfont!
Missing character: There is no q in font nullfont!
Missing character: There is no u in font nullfont!
Missing character: There is no e in font nullfont!
Missing character: There is no , in font nullfont!
Missing character: There is no p in font nullfont!
Missing character: There is no a in font nullfont!
Missing character: There is no r in font nullfont!
Missing character: There is no a in font nullfont!
Missing character: There is no q in font nullfont!
Missing character: There is no u in font nullfont!
Missing character: There is no a in font nullfont!
Missing character: There is no i in font nullfont!
Missing character: There is no s in font nullfont!
Missing character: There is no q in font nullfont!
Missing character: There is no u in font nullfont!
Missing character: There is no e in font nullfont!
Missing character: There is no r in font nullfont!
Missing character: There is no d in font nullfont!
Missing character: There is no u in font nullfont!
Missing character: There is no a in font nullfont!
Missing character: There is no s in font nullfont!
Missing character: There is no p in font nullfont!
Missing character: There is no o in font nullfont!
Missing character: There is no s in font nullfont!
Missing character: There is no s in font nullfont!
Missing character: There is no v in font nullfont!
Missing character: There is no e in font nullfont!
Missing character: There is no i in font nullfont!
Missing character: There is no s in font nullfont!
Missing character: There is no a in font nullfont!
Missing character: There is no m in font nullfont!
Missing character: There is no o in font nullfont!
Missing character: There is no s in font nullfont!
Missing character: There is no t in font nullfont!
Missing character: There is no r in font nullfont!
Missing character: There is no a in font nullfont!
Missing character: There is no s in font nullfont!
Missing character: There is no o in font nullfont!
Missing character: There is no b in font nullfont!
Missing character: There is no s in font nullfont!
Missing character: There is no e in font nullfont!
Missing character: There is no r in font nullfont!
Missing character: There is no v in font nullfont!
Missing character: There is no a in font nullfont!
Missing character: There is no d in font nullfont!
Missing character: There is no a in font nullfont!
Missing character: There is no s in font nullfont!
Missing character: There is no , in font nullfont!

LaTeX Warning: Command \v invalid in math mode on input line 170.


LaTeX Warning: Command \v invalid in math mode on input line 170.

! Please use \mathaccent for accents in math mode.
\add@accent ... \let \ignorespaces \relax \accent 
                                                  #1 #2\egroup \ifmmode \els...
l.170 ...as possíveis amostras observadas, $\v{x}
                                                  $ e $\v{y}$, $f(\v{x} | \t...
I'm changing \accent to \mathaccent here; wish me luck.
(Accents are not the same in formulas as they are in text.)

! Missing { inserted.
<to be read again> 
                   \edef 
l.170 ...as possíveis amostras observadas, $\v{x}
                                                  $ e $\v{y}$, $f(\v{x} | \t...
A left brace was mandatory here, so I've put one in.
You might want to delete and/or insert some corrections
so that I will find a matching right brace soon.
(If you're confused by all this, try typing `I}' now.)

! Missing } inserted.
<inserted text> 
                }
l.170 ...s possíveis amostras observadas, $\v{x}$
                                                   e $\v{y}$, $f(\v{x} | \th...
I've inserted something that you may have forgotten.
(See the <inserted text> above.)
With luck, this will get me unwedged. But if you
really didn't forget anything, try typing `2' now; then
my insertion and my current dilemma will both disappear.

Missing character: There is no e in font nullfont!

LaTeX Warning: Command \v invalid in math mode on input line 170.


LaTeX Warning: Command \v invalid in math mode on input line 170.

! Please use \mathaccent for accents in math mode.
\add@accent ... \let \ignorespaces \relax \accent 
                                                  #1 #2\egroup \ifmmode \els...
l.170 ...eis amostras observadas, $\v{x}$ e $\v{y}
                                                  $, $f(\v{x} | \theta)/f(\v...
I'm changing \accent to \mathaccent here; wish me luck.
(Accents are not the same in formulas as they are in text.)

! Missing { inserted.
<to be read again> 
                   \edef 
l.170 ...eis amostras observadas, $\v{x}$ e $\v{y}
                                                  $, $f(\v{x} | \theta)/f(\v...
A left brace was mandatory here, so I've put one in.
You might want to delete and/or insert some corrections
so that I will find a matching right brace soon.
(If you're confused by all this, try typing `I}' now.)

! Missing } inserted.
<inserted text> 
                }
l.170 ...is amostras observadas, $\v{x}$ e $\v{y}$
                                                  , $f(\v{x} | \theta)/f(\v{...
I've inserted something that you may have forgotten.
(See the <inserted text> above.)
With luck, this will get me unwedged. But if you
really didn't forget anything, try typing `2' now; then
my insertion and my current dilemma will both disappear.

Missing character: There is no , in font nullfont!

LaTeX Warning: Command \v invalid in math mode on input line 170.


LaTeX Warning: Command \v invalid in math mode on input line 170.

! Please use \mathaccent for accents in math mode.
\add@accent ... \let \ignorespaces \relax \accent 
                                                  #1 #2\egroup \ifmmode \els...
l.170 ...s observadas, $\v{x}$ e $\v{y}$, $f(\v{x}
                                                   | \theta)/f(\v{y} | \thet...
I'm changing \accent to \mathaccent here; wish me luck.
(Accents are not the same in formulas as they are in text.)

! Missing { inserted.
<to be read again> 
                   \edef 
l.170 ...s observadas, $\v{x}$ e $\v{y}$, $f(\v{x}
                                                   | \theta)/f(\v{y} | \thet...
A left brace was mandatory here, so I've put one in.
You might want to delete and/or insert some corrections
so that I will find a matching right brace soon.
(If you're confused by all this, try typing `I}' now.)


LaTeX Warning: Command \v invalid in math mode on input line 170.

! Please use \mathaccent for accents in math mode.
\add@accent ... \let \ignorespaces \relax \accent 
                                                  #1 #2\egroup \ifmmode \els...
l.170 ...x}$ e $\v{y}$, $f(\v{x} | \theta)/f(\v{y}
                                                   | \theta)$ seja constante...
I'm changing \accent to \mathaccent here; wish me luck.
(Accents are not the same in formulas as they are in text.)

! Missing } inserted.
<inserted text> 
                }
l.170 ...}$, $f(\v{x} | \theta)/f(\v{y} | \theta)$
                                                   seja constante como funç...
I've inserted something that you may have forgotten.
(See the <inserted text> above.)
With luck, this will get me unwedged. But if you
really didn't forget anything, try typing `2' now; then
my insertion and my current dilemma will both disappear.

Missing character: There is no s in font nullfont!
Missing character: There is no e in font nullfont!
Missing character: There is no j in font nullfont!
Missing character: There is no a in font nullfont!
Missing character: There is no c in font nullfont!
Missing character: There is no o in font nullfont!
Missing character: There is no n in font nullfont!
Missing character: There is no s in font nullfont!
Missing character: There is no t in font nullfont!
Missing character: There is no a in font nullfont!
Missing character: There is no n in font nullfont!
Missing character: There is no t in font nullfont!
Missing character: There is no e in font nullfont!
Missing character: There is no c in font nullfont!
Missing character: There is no o in font nullfont!
Missing character: There is no m in font nullfont!
Missing character: There is no o in font nullfont!
Missing character: There is no f in font nullfont!
Missing character: There is no u in font nullfont!
Missing character: There is no n in font nullfont!
Missing character: There is no o in font nullfont!
Missing character: There is no d in font nullfont!
Missing character: There is no e in font nullfont!
Missing character: There is no s in font nullfont!
Missing character: There is no e in font nullfont!
Missing character: There is no , in font nullfont!
Missing character: There is no e in font nullfont!
Missing character: There is no s in font nullfont!
Missing character: There is no o in font nullfont!
Missing character: There is no m in font nullfont!
Missing character: There is no e in font nullfont!
Missing character: There is no n in font nullfont!
Missing character: There is no t in font nullfont!
Missing character: There is no e in font nullfont!
Missing character: There is no s in font nullfont!
Missing character: There is no e in font nullfont!
Missing character: There is no , in font nullfont!

LaTeX Warning: Command \v invalid in math mode on input line 170.


LaTeX Warning: Command \v invalid in math mode on input line 170.

! Please use \mathaccent for accents in math mode.
\add@accent ... \let \ignorespaces \relax \accent 
                                                  #1 #2\egroup \ifmmode \els...
l.170 ...�o de $\theta$ se, e somente se, $T(\v{x}
                                                  ) = T(\v{y})$. Então $T(\...
I'm changing \accent to \mathaccent here; wish me luck.
(Accents are not the same in formulas as they are in text.)

! Missing { inserted.
<to be read again> 
                   \edef 
l.170 ...�o de $\theta$ se, e somente se, $T(\v{x}
                                                  ) = T(\v{y})$. Então $T(\...
A left brace was mandatory here, so I've put one in.
You might want to delete and/or insert some corrections
so that I will find a matching right brace soon.
(If you're confused by all this, try typing `I}' now.)


LaTeX Warning: Command \v invalid in math mode on input line 170.

! Please use \mathaccent for accents in math mode.
\add@accent ... \let \ignorespaces \relax \accent 
                                                  #1 #2\egroup \ifmmode \els...
l.170 ...ta$ se, e somente se, $T(\v{x}) = T(\v{y}
                                                  )$. Então $T(\v{X})$ é u...
I'm changing \accent to \mathaccent here; wish me luck.
(Accents are not the same in formulas as they are in text.)

! Missing } inserted.
<inserted text> 
                }
l.170 ...$ se, e somente se, $T(\v{x}) = T(\v{y})$
                                                  . Então $T(\v{X})$ é uma...
I've inserted something that you may have forgotten.
(See the <inserted text> above.)
With luck, this will get me unwedged. But if you
really didn't forget anything, try typing `2' now; then
my insertion and my current dilemma will both disappear.

Missing character: There is no . in font nullfont!
Missing character: There is no E in font nullfont!
Missing character: There is no n in font nullfont!
Missing character: There is no t in font nullfont!
Missing character: There is no o in font nullfont!

LaTeX Warning: Command \v invalid in math mode on input line 170.


LaTeX Warning: Command \v invalid in math mode on input line 170.

! Please use \mathaccent for accents in math mode.
\add@accent ... \let \ignorespaces \relax \accent 
                                                  #1 #2\egroup \ifmmode \els...
l.170 ...e, $T(\v{x}) = T(\v{y})$. Então $T(\v{X}
                                                  )$ é uma estatística suf...
I'm changing \accent to \mathaccent here; wish me luck.
(Accents are not the same in formulas as they are in text.)

! Missing { inserted.
<to be read again> 
                   \edef 
l.170 ...e, $T(\v{x}) = T(\v{y})$. Então $T(\v{X}
                                                  )$ é uma estatística suf...
A left brace was mandatory here, so I've put one in.
You might want to delete and/or insert some corrections
so that I will find a matching right brace soon.
(If you're confused by all this, try typing `I}' now.)

! Missing } inserted.
<inserted text> 
                }
l.170 ... $T(\v{x}) = T(\v{y})$. Então $T(\v{X})$
                                                   é uma estatística sufic...
I've inserted something that you may have forgotten.
(See the <inserted text> above.)
With luck, this will get me unwedged. But if you
really didn't forget anything, try typing `2' now; then
my insertion and my current dilemma will both disappear.

Missing character: There is no u in font nullfont!
Missing character: There is no m in font nullfont!
Missing character: There is no a in font nullfont!
Missing character: There is no e in font nullfont!
Missing character: There is no s in font nullfont!
Missing character: There is no t in font nullfont!
Missing character: There is no a in font nullfont!
Missing character: There is no t in font nullfont!
Missing character: There is no s in font nullfont!
Missing character: There is no t in font nullfont!
Missing character: There is no i in font nullfont!
Missing character: There is no c in font nullfont!
Missing character: There is no a in font nullfont!
Missing character: There is no s in font nullfont!
Missing character: There is no u in font nullfont!
Missing character: There is no f in font nullfont!
Missing character: There is no i in font nullfont!
Missing character: There is no c in font nullfont!
Missing character: There is no i in font nullfont!
Missing character: There is no e in font nullfont!
Missing character: There is no n in font nullfont!
Missing character: There is no t in font nullfont!
Missing character: There is no e in font nullfont!
Missing character: There is no m in font nullfont!
Missing character: There is no n in font nullfont!
Missing character: There is no i in font nullfont!
Missing character: There is no m in font nullfont!
Missing character: There is no a in font nullfont!
Missing character: There is no . in font nullfont!

! LaTeX Error: \begin{document} ended by \end{theorem}.

See the LaTeX manual or LaTeX Companion for explanation.
Type  H <return>  for immediate help.
 ...                                              
                                                  
l.171 \end{theorem}
                   
Your command was ignored.
Type  I <command> <return>  to replace it with another command,
or  <return>  to continue without it.


Overfull \hbox (24.44444pt too wide) in paragraph at lines 169--172
[]\/cmr/m/n/10 ^^Se
 []


Overfull \hbox (4.44444pt too wide) in paragraph at lines 169--172
\/cmr/m/n/10 ^e
 []


Overfull \hbox (2.77779pt too wide) in paragraph at lines 169--172
\/cmr/m/n/10 ^^S^^P
 []


Overfull \hbox (27.21535pt too wide) in paragraph at lines 169--172
\OML/cmm/m/it/10 f\/cmr/m/n/10 ([]$
 []


Overfull \hbox (9.06943pt too wide) in paragraph at lines 169--172
[]$
 []


Overfull \hbox (2.77779pt too wide) in paragraph at lines 169--172
\/cmr/m/n/10 ^^S^^P
 []


Overfull \hbox (5.71527pt too wide) in paragraph at lines 169--172
[]$
 []


Overfull \hbox (5.2616pt too wide) in paragraph at lines 169--172
[]$
 []


Overfull \hbox (58.97704pt too wide) in paragraph at lines 169--172
\OML/cmm/m/it/10 f\/cmr/m/n/10 ([]$
 []


Overfull \hbox (9.44446pt too wide) in paragraph at lines 169--172
\/cmr/m/n/10 ^^Xc~a
 []


Overfull \hbox (4.97223pt too wide) in paragraph at lines 169--172
\OML/cmm/m/it/10 ^^R$
 []


Overfull \hbox (54.331pt too wide) in paragraph at lines 169--172
\OML/cmm/m/it/10 T\/cmr/m/n/10 ([]$
 []


Overfull \hbox (5.00002pt too wide) in paragraph at lines 169--172
\/cmr/m/n/10 ~a
 []


Overfull \hbox (24.07988pt too wide) in paragraph at lines 169--172
\OML/cmm/m/it/10 T\/cmr/m/n/10 ([]$
 []


Overfull \hbox (4.44444pt too wide) in paragraph at lines 169--172
\/cmr/m/n/10 ^^Se
 []


Overfull \hbox (2.77779pt too wide) in paragraph at lines 169--172
\/cmr/m/n/10 ^^S^^P
 []


Overfull \hbox (2.77779pt too wide) in paragraph at lines 169--172
\/cmr/m/n/10 ^^S^^P
 []


! LaTeX Error: Environment definition undefined.

See the LaTeX manual or LaTeX Companion for explanation.
Type  H <return>  for immediate help.
 ...                                              
                                                  
l.173 \begin{definition}
                        [Estatística ancilar]
Your command was ignored.
Type  I <command> <return>  to replace it with another command,
or  <return>  to continue without it.


! LaTeX Error: Missing \begin{document}.

See the LaTeX manual or LaTeX Companion for explanation.
Type  H <return>  for immediate help.
 ...                                              
                                                  
l.173 \begin{definition}[
                         Estatística ancilar]
You're in trouble here.  Try typing  <return>  to proceed.
If that doesn't work, type  X <return>  to quit.

Missing character: There is no [ in font nullfont!
Missing character: There is no E in font nullfont!
Missing character: There is no s in font nullfont!
Missing character: There is no t in font nullfont!
Missing character: There is no a in font nullfont!
Missing character: There is no t in font nullfont!
Missing character: There is no s in font nullfont!
Missing character: There is no t in font nullfont!
Missing character: There is no i in font nullfont!
Missing character: There is no c in font nullfont!
Missing character: There is no a in font nullfont!
Missing character: There is no a in font nullfont!
Missing character: There is no n in font nullfont!
Missing character: There is no c in font nullfont!
Missing character: There is no i in font nullfont!
Missing character: There is no l in font nullfont!
Missing character: There is no a in font nullfont!
Missing character: There is no r in font nullfont!
Missing character: There is no ] in font nullfont!
Missing character: There is no U in font nullfont!
Missing character: There is no m in font nullfont!
Missing character: There is no a in font nullfont!
Missing character: There is no e in font nullfont!
Missing character: There is no s in font nullfont!
Missing character: There is no t in font nullfont!
Missing character: There is no a in font nullfont!
Missing character: There is no t in font nullfont!
Missing character: There is no s in font nullfont!
Missing character: There is no t in font nullfont!
Missing character: There is no i in font nullfont!
Missing character: There is no c in font nullfont!
Missing character: There is no a in font nullfont!

LaTeX Warning: Command \v invalid in math mode on input line 174.


LaTeX Warning: Command \v invalid in math mode on input line 174.

! Please use \mathaccent for accents in math mode.
\add@accent ... \let \ignorespaces \relax \accent 
                                                  #1 #2\egroup \ifmmode \els...
l.174 	Uma estatística $S(\v{X}
                                )$ cuja distribuição não depende de $\the...
I'm changing \accent to \mathaccent here; wish me luck.
(Accents are not the same in formulas as they are in text.)

! Missing { inserted.
<to be read again> 
                   \edef 
l.174 	Uma estatística $S(\v{X}
                                )$ cuja distribuição não depende de $\the...
A left brace was mandatory here, so I've put one in.
You might want to delete and/or insert some corrections
so that I will find a matching right brace soon.
(If you're confused by all this, try typing `I}' now.)

! Missing } inserted.
<inserted text> 
                }
l.174 	Uma estatística $S(\v{X})$
                                   cuja distribuição não depende de $\the...
I've inserted something that you may have forgotten.
(See the <inserted text> above.)
With luck, this will get me unwedged. But if you
really didn't forget anything, try typing `2' now; then
my insertion and my current dilemma will both disappear.

Missing character: There is no c in font nullfont!
Missing character: There is no u in font nullfont!
Missing character: There is no j in font nullfont!
Missing character: There is no a in font nullfont!
Missing character: There is no d in font nullfont!
Missing character: There is no i in font nullfont!
Missing character: There is no s in font nullfont!
Missing character: There is no t in font nullfont!
Missing character: There is no r in font nullfont!
Missing character: There is no i in font nullfont!
Missing character: There is no b in font nullfont!
Missing character: There is no u in font nullfont!
Missing character: There is no i in font nullfont!
Missing character: There is no o in font nullfont!
Missing character: There is no n in font nullfont!
Missing character: There is no o in font nullfont!
Missing character: There is no d in font nullfont!
Missing character: There is no e in font nullfont!
Missing character: There is no p in font nullfont!
Missing character: There is no e in font nullfont!
Missing character: There is no n in font nullfont!
Missing character: There is no d in font nullfont!
Missing character: There is no e in font nullfont!
Missing character: There is no d in font nullfont!
Missing character: There is no e in font nullfont!
Missing character: There is no c in font nullfont!
Missing character: There is no h in font nullfont!
Missing character: There is no a in font nullfont!
Missing character: There is no m in font nullfont!
Missing character: There is no a in font nullfont!
Missing character: There is no d in font nullfont!
Missing character: There is no a in font nullfont!
Missing character: There is no d in font nullfont!
Missing character: There is no e in font nullfont!
Missing character: There is no e in font nullfont!
Missing character: There is no s in font nullfont!
Missing character: There is no t in font nullfont!
Missing character: There is no a in font nullfont!
Missing character: There is no t in font nullfont!
Missing character: There is no s in font nullfont!
Missing character: There is no t in font nullfont!
Missing character: There is no i in font nullfont!
Missing character: There is no c in font nullfont!
Missing character: There is no a in font nullfont!
Missing character: There is no a in font nullfont!
Missing character: There is no n in font nullfont!
Missing character: There is no c in font nullfont!
Missing character: There is no i in font nullfont!
Missing character: There is no l in font nullfont!
Missing character: There is no a in font nullfont!
Missing character: There is no r in font nullfont!
Missing character: There is no . in font nullfont!

Overfull \hbox (22.77779pt too wide) in paragraph at lines 173--175
[]\/cmr/m/n/10 ^^S^^P
 []


Overfull \hbox (2.77779pt too wide) in paragraph at lines 173--175
\/cmr/m/n/10 ^^S^^P
 []


Overfull \hbox (23.55554pt too wide) in paragraph at lines 173--175
\OML/cmm/m/it/10 S\/cmr/m/n/10 ([]$
 []


Overfull \hbox (9.44446pt too wide) in paragraph at lines 173--175
\/cmr/m/n/10 ^^Xc~a
 []


Overfull \hbox (5.00002pt too wide) in paragraph at lines 173--175
\/cmr/m/n/10 ~a
 []


Overfull \hbox (4.97223pt too wide) in paragraph at lines 173--175
\OML/cmm/m/it/10 ^^R$
 []


Overfull \hbox (4.44444pt too wide) in paragraph at lines 173--175
\/cmr/m/n/10 ^^Se
 []


Overfull \hbox (2.77779pt too wide) in paragraph at lines 173--175
\/cmr/m/n/10 ^^S^^P
 []


! LaTeX Error: Environment note undefined.

See the LaTeX manual or LaTeX Companion for explanation.
Type  H <return>  for immediate help.
 ...                                              
                                                  
l.176 	\begin{note}
                   
Your command was ignored.
Type  I <command> <return>  to replace it with another command,
or  <return>  to continue without it.


! LaTeX Error: Missing \begin{document}.

See the LaTeX manual or LaTeX Companion for explanation.
Type  H <return>  for immediate help.
 ...                                              
                                                  
l.177 		U
         ma estatística $S(\v{X})$ é dita ser ancilar de primeira ordem se...

You're in trouble here.  Try typing  <return>  to proceed.
If that doesn't work, type  X <return>  to quit.

Missing character: There is no U in font nullfont!
Missing character: There is no m in font nullfont!
Missing character: There is no a in font nullfont!
Missing character: There is no e in font nullfont!
Missing character: There is no s in font nullfont!
Missing character: There is no t in font nullfont!
Missing character: There is no a in font nullfont!
Missing character: There is no t in font nullfont!
Missing character: There is no s in font nullfont!
Missing character: There is no t in font nullfont!
Missing character: There is no i in font nullfont!
Missing character: There is no c in font nullfont!
Missing character: There is no a in font nullfont!

LaTeX Warning: Command \v invalid in math mode on input line 177.


LaTeX Warning: Command \v invalid in math mode on input line 177.

! Please use \mathaccent for accents in math mode.
\add@accent ... \let \ignorespaces \relax \accent 
                                                  #1 #2\egroup \ifmmode \els...
l.177 		Uma estatística $S(\v{X}
                                 )$ é dita ser ancilar de primeira ordem se...
I'm changing \accent to \mathaccent here; wish me luck.
(Accents are not the same in formulas as they are in text.)

! Missing { inserted.
<to be read again> 
                   \edef 
l.177 		Uma estatística $S(\v{X}
                                 )$ é dita ser ancilar de primeira ordem se...
A left brace was mandatory here, so I've put one in.
You might want to delete and/or insert some corrections
so that I will find a matching right brace soon.
(If you're confused by all this, try typing `I}' now.)

! Missing } inserted.
<inserted text> 
                }
l.177 		Uma estatística $S(\v{X})$
                                    é dita ser ancilar de primeira ordem se...
I've inserted something that you may have forgotten.
(See the <inserted text> above.)
With luck, this will get me unwedged. But if you
really didn't forget anything, try typing `2' now; then
my insertion and my current dilemma will both disappear.

Missing character: There is no d in font nullfont!
Missing character: There is no i in font nullfont!
Missing character: There is no t in font nullfont!
Missing character: There is no a in font nullfont!
Missing character: There is no s in font nullfont!
Missing character: There is no e in font nullfont!
Missing character: There is no r in font nullfont!
Missing character: There is no a in font nullfont!
Missing character: There is no n in font nullfont!
Missing character: There is no c in font nullfont!
Missing character: There is no i in font nullfont!
Missing character: There is no l in font nullfont!
Missing character: There is no a in font nullfont!
Missing character: There is no r in font nullfont!
Missing character: There is no d in font nullfont!
Missing character: There is no e in font nullfont!
Missing character: There is no p in font nullfont!
Missing character: There is no r in font nullfont!
Missing character: There is no i in font nullfont!
Missing character: There is no m in font nullfont!
Missing character: There is no e in font nullfont!
Missing character: There is no i in font nullfont!
Missing character: There is no r in font nullfont!
Missing character: There is no a in font nullfont!
Missing character: There is no o in font nullfont!
Missing character: There is no r in font nullfont!
Missing character: There is no d in font nullfont!
Missing character: There is no e in font nullfont!
Missing character: There is no m in font nullfont!
Missing character: There is no s in font nullfont!
Missing character: There is no e in font nullfont!
! Undefined control sequence.
<recently read> \E 
                   
l.177 ...dita ser ancilar de primeira ordem se $\E
                                                  _\theta[S(\v{X})]$ não de...
The control sequence at the end of the top line
of your error message was never \def'ed. If you have
misspelled it (e.g., `\hobx'), type `I' and the correct
spelling (e.g., `I\hbox'). Otherwise just continue,
and I'll forget about whatever was undefined.


LaTeX Warning: Command \v invalid in math mode on input line 177.


LaTeX Warning: Command \v invalid in math mode on input line 177.

! Please use \mathaccent for accents in math mode.
\add@accent ... \let \ignorespaces \relax \accent 
                                                  #1 #2\egroup \ifmmode \els...
l.177 ...r de primeira ordem se $\E_\theta[S(\v{X}
                                                  )]$ não depende de $\theta$.
I'm changing \accent to \mathaccent here; wish me luck.
(Accents are not the same in formulas as they are in text.)

! Missing { inserted.
<to be read again> 
                   \edef 
l.177 ...r de primeira ordem se $\E_\theta[S(\v{X}
                                                  )]$ não depende de $\theta$.
A left brace was mandatory here, so I've put one in.
You might want to delete and/or insert some corrections
so that I will find a matching right brace soon.
(If you're confused by all this, try typing `I}' now.)

! Missing } inserted.
<inserted text> 
                }
l.177 ...e primeira ordem se $\E_\theta[S(\v{X})]$
                                                   não depende de $\theta$.
I've inserted something that you may have forgotten.
(See the <inserted text> above.)
With luck, this will get me unwedged. But if you
really didn't forget anything, try typing `2' now; then
my insertion and my current dilemma will both disappear.

Missing character: There is no n in font nullfont!
Missing character: There is no o in font nullfont!
Missing character: There is no d in font nullfont!
Missing character: There is no e in font nullfont!
Missing character: There is no p in font nullfont!
Missing character: There is no e in font nullfont!
Missing character: There is no n in font nullfont!
Missing character: There is no d in font nullfont!
Missing character: There is no e in font nullfont!
Missing character: There is no d in font nullfont!
Missing character: There is no e in font nullfont!
Missing character: There is no . in font nullfont!

! LaTeX Error: \begin{document} ended by \end{note}.

See the LaTeX manual or LaTeX Companion for explanation.
Type  H <return>  for immediate help.
 ...                                              
                                                  
l.178 	\end{note}
                 
Your command was ignored.
Type  I <command> <return>  to replace it with another command,
or  <return>  to continue without it.


! LaTeX Error: \begin{document} ended by \end{definition}.

See the LaTeX manual or LaTeX Companion for explanation.
Type  H <return>  for immediate help.
 ...                                              
                                                  
l.179 \end{definition}
                      
Your command was ignored.
Type  I <command> <return>  to replace it with another command,
or  <return>  to continue without it.


Overfull \hbox (20.0pt too wide) in paragraph at lines 177--180
[]
 []


Overfull \hbox (2.77779pt too wide) in paragraph at lines 177--180
\/cmr/m/n/10 ^^S^^P
 []


Overfull \hbox (23.55554pt too wide) in paragraph at lines 177--180
\OML/cmm/m/it/10 S\/cmr/m/n/10 ([]$
 []


Overfull \hbox (4.44444pt too wide) in paragraph at lines 177--180
\/cmr/m/n/10 ^^Se
 []


Overfull \hbox (33.63539pt too wide) in paragraph at lines 177--180
[]\/cmr/m/n/10 [\OML/cmm/m/it/10 S\/cmr/m/n/10 ([]$
 []


Overfull \hbox (5.00002pt too wide) in paragraph at lines 177--180
\/cmr/m/n/10 ~a
 []


Overfull \hbox (4.97223pt too wide) in paragraph at lines 177--180
\OML/cmm/m/it/10 ^^R$
 []


! LaTeX Error: Environment definition undefined.

See the LaTeX manual or LaTeX Companion for explanation.
Type  H <return>  for immediate help.
 ...                                              
                                                  
l.181 \begin{definition}
                        [Estatística completa]
Your command was ignored.
Type  I <command> <return>  to replace it with another command,
or  <return>  to continue without it.


! LaTeX Error: Missing \begin{document}.

See the LaTeX manual or LaTeX Companion for explanation.
Type  H <return>  for immediate help.
 ...                                              
                                                  
l.181 \begin{definition}[
                         Estatística completa]
You're in trouble here.  Try typing  <return>  to proceed.
If that doesn't work, type  X <return>  to quit.

Missing character: There is no [ in font nullfont!
Missing character: There is no E in font nullfont!
Missing character: There is no s in font nullfont!
Missing character: There is no t in font nullfont!
Missing character: There is no a in font nullfont!
Missing character: There is no t in font nullfont!
Missing character: There is no s in font nullfont!
Missing character: There is no t in font nullfont!
Missing character: There is no i in font nullfont!
Missing character: There is no c in font nullfont!
Missing character: There is no a in font nullfont!
Missing character: There is no c in font nullfont!
Missing character: There is no o in font nullfont!
Missing character: There is no m in font nullfont!
Missing character: There is no p in font nullfont!
Missing character: There is no l in font nullfont!
Missing character: There is no e in font nullfont!
Missing character: There is no t in font nullfont!
Missing character: There is no a in font nullfont!
Missing character: There is no ] in font nullfont!
Missing character: There is no S in font nullfont!
Missing character: There is no e in font nullfont!
Missing character: There is no j in font nullfont!
Missing character: There is no a in font nullfont!
Missing character: There is no u in font nullfont!
Missing character: There is no m in font nullfont!
Missing character: There is no a in font nullfont!
Missing character: There is no f in font nullfont!
Missing character: There is no a in font nullfont!
Missing character: There is no m in font nullfont!
Missing character: There is no l in font nullfont!
Missing character: There is no i in font nullfont!
Missing character: There is no a in font nullfont!
Missing character: There is no d in font nullfont!
Missing character: There is no e in font nullfont!
Missing character: There is no f in font nullfont!
Missing character: There is no . in font nullfont!
Missing character: There is no d in font nullfont!
Missing character: There is no . in font nullfont!
Missing character: There is no p in font nullfont!
Missing character: There is no . in font nullfont!
Missing character: There is no ' in font nullfont!
Missing character: There is no s in font nullfont!
Missing character: There is no ( in font nullfont!
Missing character: There is no o in font nullfont!
Missing character: There is no u in font nullfont!
Missing character: There is no f in font nullfont!
Missing character: There is no . in font nullfont!
Missing character: There is no p in font nullfont!
Missing character: There is no . in font nullfont!
Missing character: There is no ' in font nullfont!
Missing character: There is no s in font nullfont!
Missing character: There is no ) in font nullfont!
Missing character: There is no p in font nullfont!
Missing character: There is no a in font nullfont!
Missing character: There is no r in font nullfont!
Missing character: There is no a in font nullfont!
Missing character: There is no u in font nullfont!
Missing character: There is no m in font nullfont!
Missing character: There is no a in font nullfont!
Missing character: There is no e in font nullfont!
Missing character: There is no s in font nullfont!
Missing character: There is no t in font nullfont!
Missing character: There is no a in font nullfont!
Missing character: There is no t in font nullfont!
Missing character: There is no s in font nullfont!
Missing character: There is no t in font nullfont!
Missing character: There is no i in font nullfont!
Missing character: There is no c in font nullfont!
Missing character: There is no a in font nullfont!

LaTeX Warning: Command \v invalid in math mode on input line 182.


LaTeX Warning: Command \v invalid in math mode on input line 182.

! Please use \mathaccent for accents in math mode.
\add@accent ... \let \ignorespaces \relax \accent 
                                                  #1 #2\egroup \ifmmode \els...
l.182 ...ou f.p.'s) para uma estatística $T(\v{X}
                                                  )$. A família de distribu...
I'm changing \accent to \mathaccent here; wish me luck.
(Accents are not the same in formulas as they are in text.)

! Missing { inserted.
<to be read again> 
                   \edef 
l.182 ...ou f.p.'s) para uma estatística $T(\v{X}
                                                  )$. A família de distribu...
A left brace was mandatory here, so I've put one in.
You might want to delete and/or insert some corrections
so that I will find a matching right brace soon.
(If you're confused by all this, try typing `I}' now.)

! Missing } inserted.
<inserted text> 
                }
l.182 ... f.p.'s) para uma estatística $T(\v{X})$
                                                  . A família de distribui�...
I've inserted something that you may have forgotten.
(See the <inserted text> above.)
With luck, this will get me unwedged. But if you
really didn't forget anything, try typing `2' now; then
my insertion and my current dilemma will both disappear.

Missing character: There is no . in font nullfont!
Missing character: There is no A in font nullfont!
Missing character: There is no f in font nullfont!
Missing character: There is no a in font nullfont!
Missing character: There is no m in font nullfont!
Missing character: There is no l in font nullfont!
Missing character: There is no i in font nullfont!
Missing character: There is no a in font nullfont!
Missing character: There is no d in font nullfont!
Missing character: There is no e in font nullfont!
Missing character: There is no d in font nullfont!
Missing character: There is no i in font nullfont!
Missing character: There is no s in font nullfont!
Missing character: There is no t in font nullfont!
Missing character: There is no r in font nullfont!
Missing character: There is no i in font nullfont!
Missing character: There is no b in font nullfont!
Missing character: There is no u in font nullfont!
Missing character: There is no i in font nullfont!
Missing character: There is no e in font nullfont!
Missing character: There is no s in font nullfont!
Missing character: There is no d in font nullfont!
Missing character: There is no e in font nullfont!
Missing character: There is no p in font nullfont!
Missing character: There is no r in font nullfont!
Missing character: There is no o in font nullfont!
Missing character: There is no b in font nullfont!
Missing character: There is no a in font nullfont!
Missing character: There is no b in font nullfont!
Missing character: There is no i in font nullfont!
Missing character: There is no l in font nullfont!
Missing character: There is no i in font nullfont!
Missing character: There is no d in font nullfont!
Missing character: There is no a in font nullfont!
Missing character: There is no d in font nullfont!
Missing character: There is no e in font nullfont!
Missing character: There is no c in font nullfont!
Missing character: There is no h in font nullfont!
Missing character: There is no a in font nullfont!
Missing character: There is no m in font nullfont!
Missing character: There is no a in font nullfont!
Missing character: There is no d in font nullfont!
Missing character: There is no a in font nullfont!
Missing character: There is no c in font nullfont!
Missing character: There is no o in font nullfont!
Missing character: There is no m in font nullfont!
Missing character: There is no p in font nullfont!
Missing character: There is no l in font nullfont!
Missing character: There is no e in font nullfont!
Missing character: There is no t in font nullfont!
Missing character: There is no a in font nullfont!
Missing character: There is no s in font nullfont!
Missing character: There is no e in font nullfont!
Missing character: There is no , in font nullfont!
Missing character: There is no p in font nullfont!
Missing character: There is no a in font nullfont!
Missing character: There is no r in font nullfont!
Missing character: There is no a in font nullfont!
Missing character: There is no q in font nullfont!
Missing character: There is no u in font nullfont!
Missing character: There is no a in font nullfont!
Missing character: There is no l in font nullfont!
Missing character: There is no q in font nullfont!
Missing character: There is no u in font nullfont!
Missing character: There is no e in font nullfont!
Missing character: There is no r in font nullfont!
Missing character: There is no f in font nullfont!
Missing character: There is no u in font nullfont!
Missing character: There is no n in font nullfont!
Missing character: There is no o in font nullfont!
Missing character: There is no , in font nullfont!

Overfull \hbox (22.77779pt too wide) in paragraph at lines 181--183
[]\/cmr/m/n/10 ^^S^^P
 []


Overfull \hbox (25.11119pt too wide) in paragraph at lines 181--183
\OML/cmm/m/it/10 f\/cmr/m/n/10 (\OML/cmm/m/it/10 t\OMS/cmsy/m/n/10 j\OML/cmm/m/
it/10 ^^R\/cmr/m/n/10 )$
 []


Overfull \hbox (2.77779pt too wide) in paragraph at lines 181--183
\/cmr/m/n/10 ^^S^^P
 []


Overfull \hbox (2.77779pt too wide) in paragraph at lines 181--183
\/cmr/m/n/10 ^^S^^P
 []


Overfull \hbox (24.07988pt too wide) in paragraph at lines 181--183
\OML/cmm/m/it/10 T\/cmr/m/n/10 ([]$
 []


Overfull \hbox (2.77779pt too wide) in paragraph at lines 181--183
\/cmr/m/n/10 ^^S^^P
 []


Overfull \hbox (9.44446pt too wide) in paragraph at lines 181--183
\/cmr/m/n/10 ^^Xc~o
 []


Overfull \hbox (4.44444pt too wide) in paragraph at lines 181--183
\/cmr/m/n/10 ^^Se
 []


Overfull \hbox (9.44446pt too wide) in paragraph at lines 181--183
\/cmr/m/n/10 ^^Xc~a
 []


Overfull \hbox (5.12846pt too wide) in paragraph at lines 181--183
\OML/cmm/m/it/10 g$ 
 []

! Undefined control sequence.
l.184 	\E
         _\theta[g(T)] = 0 \implies \P_\theta[g(T) = 0] = 1,
The control sequence at the end of the top line
of your error message was never \def'ed. If you have
misspelled it (e.g., `\hobx'), type `I' and the correct
spelling (e.g., `I\hbox'). Otherwise just continue,
and I'll forget about whatever was undefined.

! Undefined control sequence.
l.184 	\E_\theta[g(T)] = 0 \implies
                                    \P_\theta[g(T) = 0] = 1,
The control sequence at the end of the top line
of your error message was never \def'ed. If you have
misspelled it (e.g., `\hobx'), type `I' and the correct
spelling (e.g., `I\hbox'). Otherwise just continue,
and I'll forget about whatever was undefined.


Overfull \hbox (124.32614pt too wide) detected at line 185
[]\/cmr/m/n/10 [\OML/cmm/m/it/10 g\/cmr/m/n/10 (\OML/cmm/m/it/10 T\/cmr/m/n/10 
)] = 0\OMS/cmsy/m/n/10 {[]\/cmr/m/n/10 [\OML/cmm/m/it/10 g\/cmr/m/n/10 (\OML/cm
m/m/it/10 T\/cmr/m/n/10 ) = 0] = 1\OML/cmm/m/it/10 ;
 []

Missing character: There is no p in font nullfont!
Missing character: There is no a in font nullfont!
Missing character: There is no r in font nullfont!
Missing character: There is no a in font nullfont!
Missing character: There is no t in font nullfont!
Missing character: There is no o in font nullfont!
Missing character: There is no d in font nullfont!
Missing character: There is no o in font nullfont!
Missing character: There is no . in font nullfont!
Missing character: There is no D in font nullfont!
Missing character: There is no e in font nullfont!
Missing character: There is no f in font nullfont!
Missing character: There is no o in font nullfont!
Missing character: There is no r in font nullfont!
Missing character: There is no m in font nullfont!
Missing character: There is no a in font nullfont!
Missing character: There is no e in font nullfont!
Missing character: There is no q in font nullfont!
Missing character: There is no u in font nullfont!
Missing character: There is no i in font nullfont!
Missing character: There is no v in font nullfont!
Missing character: There is no a in font nullfont!
Missing character: There is no l in font nullfont!
Missing character: There is no e in font nullfont!
Missing character: There is no n in font nullfont!
Missing character: There is no t in font nullfont!
Missing character: There is no e in font nullfont!
Missing character: There is no , in font nullfont!

LaTeX Warning: Command \v invalid in math mode on input line 186.


LaTeX Warning: Command \v invalid in math mode on input line 186.

! Please use \mathaccent for accents in math mode.
\add@accent ... \let \ignorespaces \relax \accent 
                                                  #1 #2\egroup \ifmmode \els...
l.186 ...n \Theta$. De forma equivalente, $T(\v{X}
                                                  )$ é chamada de estatíst...
I'm changing \accent to \mathaccent here; wish me luck.
(Accents are not the same in formulas as they are in text.)

! Missing { inserted.
<to be read again> 
                   \edef 
l.186 ...n \Theta$. De forma equivalente, $T(\v{X}
                                                  )$ é chamada de estatíst...
A left brace was mandatory here, so I've put one in.
You might want to delete and/or insert some corrections
so that I will find a matching right brace soon.
(If you're confused by all this, try typing `I}' now.)

! Missing } inserted.
<inserted text> 
                }
l.186 ...\Theta$. De forma equivalente, $T(\v{X})$
                                                   é chamada de estatístic...
I've inserted something that you may have forgotten.
(See the <inserted text> above.)
With luck, this will get me unwedged. But if you
really didn't forget anything, try typing `2' now; then
my insertion and my current dilemma will both disappear.

Missing character: There is no c in font nullfont!
Missing character: There is no h in font nullfont!
Missing character: There is no a in font nullfont!
Missing character: There is no m in font nullfont!
Missing character: There is no a in font nullfont!
Missing character: There is no d in font nullfont!
Missing character: There is no a in font nullfont!
Missing character: There is no d in font nullfont!
Missing character: There is no e in font nullfont!
Missing character: There is no e in font nullfont!
Missing character: There is no s in font nullfont!
Missing character: There is no t in font nullfont!
Missing character: There is no a in font nullfont!
Missing character: There is no t in font nullfont!
Missing character: There is no s in font nullfont!
Missing character: There is no t in font nullfont!
Missing character: There is no i in font nullfont!
Missing character: There is no c in font nullfont!
Missing character: There is no a in font nullfont!
Missing character: There is no c in font nullfont!
Missing character: There is no o in font nullfont!
Missing character: There is no m in font nullfont!
Missing character: There is no p in font nullfont!
Missing character: There is no l in font nullfont!
Missing character: There is no e in font nullfont!
Missing character: There is no t in font nullfont!
Missing character: There is no a in font nullfont!
Missing character: There is no . in font nullfont!

! LaTeX Error: \begin{document} ended by \end{definition}.

See the LaTeX manual or LaTeX Companion for explanation.
Type  H <return>  for immediate help.
 ...                                              
                                                  
l.187 \end{definition}
                      
Your command was ignored.
Type  I <command> <return>  to replace it with another command,
or  <return>  to continue without it.


Overfull \hbox (14.41663pt too wide) in paragraph at lines 185--188
  $\OML/cmm/m/it/10 ^^R \OMS/cmsy/m/n/10 2
 []


Overfull \hbox (7.7778pt too wide) in paragraph at lines 185--188
\/cmr/m/n/10 ^^B$
 []


Overfull \hbox (24.07988pt too wide) in paragraph at lines 185--188
\OML/cmm/m/it/10 T\/cmr/m/n/10 ([]$
 []


Overfull \hbox (4.44444pt too wide) in paragraph at lines 185--188
\/cmr/m/n/10 ^^Se
 []


Overfull \hbox (2.77779pt too wide) in paragraph at lines 185--188
\/cmr/m/n/10 ^^S^^P
 []


! LaTeX Error: Environment theorem undefined.

See the LaTeX manual or LaTeX Companion for explanation.
Type  H <return>  for immediate help.
 ...                                              
                                                  
l.189 \begin{theorem}
                     [Basu]
Your command was ignored.
Type  I <command> <return>  to replace it with another command,
or  <return>  to continue without it.


! LaTeX Error: Missing \begin{document}.

See the LaTeX manual or LaTeX Companion for explanation.
Type  H <return>  for immediate help.
 ...                                              
                                                  
l.189 \begin{theorem}[
                      Basu]
You're in trouble here.  Try typing  <return>  to proceed.
If that doesn't work, type  X <return>  to quit.

Missing character: There is no [ in font nullfont!
Missing character: There is no B in font nullfont!
Missing character: There is no a in font nullfont!
Missing character: There is no s in font nullfont!
Missing character: There is no u in font nullfont!
Missing character: There is no ] in font nullfont!
Missing character: There is no S in font nullfont!
Missing character: There is no e in font nullfont!

LaTeX Warning: Command \v invalid in math mode on input line 190.


LaTeX Warning: Command \v invalid in math mode on input line 190.

! Please use \mathaccent for accents in math mode.
\add@accent ... \let \ignorespaces \relax \accent 
                                                  #1 #2\egroup \ifmmode \els...
l.190 	Se $T(\v{X}
                  )$ for uma estatística suficiente mínima e completa, ent...
I'm changing \accent to \mathaccent here; wish me luck.
(Accents are not the same in formulas as they are in text.)

! Missing { inserted.
<to be read again> 
                   \edef 
l.190 	Se $T(\v{X}
                  )$ for uma estatística suficiente mínima e completa, ent...
A left brace was mandatory here, so I've put one in.
You might want to delete and/or insert some corrections
so that I will find a matching right brace soon.
(If you're confused by all this, try typing `I}' now.)

! Missing } inserted.
<inserted text> 
                }
l.190 	Se $T(\v{X})$
                     for uma estatística suficiente mínima e completa, ent...
I've inserted something that you may have forgotten.
(See the <inserted text> above.)
With luck, this will get me unwedged. But if you
really didn't forget anything, try typing `2' now; then
my insertion and my current dilemma will both disappear.

Missing character: There is no f in font nullfont!
Missing character: There is no o in font nullfont!
Missing character: There is no r in font nullfont!
Missing character: There is no u in font nullfont!
Missing character: There is no m in font nullfont!
Missing character: There is no a in font nullfont!
Missing character: There is no e in font nullfont!
Missing character: There is no s in font nullfont!
Missing character: There is no t in font nullfont!
Missing character: There is no a in font nullfont!
Missing character: There is no t in font nullfont!
Missing character: There is no s in font nullfont!
Missing character: There is no t in font nullfont!
Missing character: There is no i in font nullfont!
Missing character: There is no c in font nullfont!
Missing character: There is no a in font nullfont!
Missing character: There is no s in font nullfont!
Missing character: There is no u in font nullfont!
Missing character: There is no f in font nullfont!
Missing character: There is no i in font nullfont!
Missing character: There is no c in font nullfont!
Missing character: There is no i in font nullfont!
Missing character: There is no e in font nullfont!
Missing character: There is no n in font nullfont!
Missing character: There is no t in font nullfont!
Missing character: There is no e in font nullfont!
Missing character: There is no m in font nullfont!
Missing character: There is no n in font nullfont!
Missing character: There is no i in font nullfont!
Missing character: There is no m in font nullfont!
Missing character: There is no a in font nullfont!
Missing character: There is no e in font nullfont!
Missing character: There is no c in font nullfont!
Missing character: There is no o in font nullfont!
Missing character: There is no m in font nullfont!
Missing character: There is no p in font nullfont!
Missing character: There is no l in font nullfont!
Missing character: There is no e in font nullfont!
Missing character: There is no t in font nullfont!
Missing character: There is no a in font nullfont!
Missing character: There is no , in font nullfont!
Missing character: There is no e in font nullfont!
Missing character: There is no n in font nullfont!
Missing character: There is no t in font nullfont!
Missing character: There is no o in font nullfont!

LaTeX Warning: Command \v invalid in math mode on input line 190.


LaTeX Warning: Command \v invalid in math mode on input line 190.

! Please use \mathaccent for accents in math mode.
\add@accent ... \let \ignorespaces \relax \accent 
                                                  #1 #2\egroup \ifmmode \els...
l.190 ...iente mínima e completa, então $T(\v{X}
                                                  )$ será independente de t...
I'm changing \accent to \mathaccent here; wish me luck.
(Accents are not the same in formulas as they are in text.)

! Missing { inserted.
<to be read again> 
                   \edef 
l.190 ...iente mínima e completa, então $T(\v{X}
                                                  )$ será independente de t...
A left brace was mandatory here, so I've put one in.
You might want to delete and/or insert some corrections
so that I will find a matching right brace soon.
(If you're confused by all this, try typing `I}' now.)

! Missing } inserted.
<inserted text> 
                }
l.190 ...nte mínima e completa, então $T(\v{X})$
                                                   será independente de tod...
I've inserted something that you may have forgotten.
(See the <inserted text> above.)
With luck, this will get me unwedged. But if you
really didn't forget anything, try typing `2' now; then
my insertion and my current dilemma will both disappear.

Missing character: There is no s in font nullfont!
Missing character: There is no e in font nullfont!
Missing character: There is no r in font nullfont!
Missing character: There is no i in font nullfont!
Missing character: There is no n in font nullfont!
Missing character: There is no d in font nullfont!
Missing character: There is no e in font nullfont!
Missing character: There is no p in font nullfont!
Missing character: There is no e in font nullfont!
Missing character: There is no n in font nullfont!
Missing character: There is no d in font nullfont!
Missing character: There is no e in font nullfont!
Missing character: There is no n in font nullfont!
Missing character: There is no t in font nullfont!
Missing character: There is no e in font nullfont!
Missing character: There is no d in font nullfont!
Missing character: There is no e in font nullfont!
Missing character: There is no t in font nullfont!
Missing character: There is no o in font nullfont!
Missing character: There is no d in font nullfont!
Missing character: There is no a in font nullfont!
Missing character: There is no e in font nullfont!
Missing character: There is no s in font nullfont!
Missing character: There is no t in font nullfont!
Missing character: There is no a in font nullfont!
Missing character: There is no t in font nullfont!
Missing character: There is no s in font nullfont!
Missing character: There is no t in font nullfont!
Missing character: There is no i in font nullfont!
Missing character: There is no c in font nullfont!
Missing character: There is no a in font nullfont!
Missing character: There is no a in font nullfont!
Missing character: There is no n in font nullfont!
Missing character: There is no c in font nullfont!
Missing character: There is no i in font nullfont!
Missing character: There is no l in font nullfont!
Missing character: There is no a in font nullfont!
Missing character: There is no r in font nullfont!
Missing character: There is no . in font nullfont!

! LaTeX Error: \begin{document} ended by \end{theorem}.

See the LaTeX manual or LaTeX Companion for explanation.
Type  H <return>  for immediate help.
 ...                                              
                                                  
l.191 \end{theorem}
                   
Your command was ignored.
Type  I <command> <return>  to replace it with another command,
or  <return>  to continue without it.


Overfull \hbox (20.0pt too wide) in paragraph at lines 189--192
[]
 []


Overfull \hbox (24.07988pt too wide) in paragraph at lines 189--192
\OML/cmm/m/it/10 T\/cmr/m/n/10 ([]$
 []


Overfull \hbox (2.77779pt too wide) in paragraph at lines 189--192
\/cmr/m/n/10 ^^S^^P
 []


Overfull \hbox (2.77779pt too wide) in paragraph at lines 189--192
\/cmr/m/n/10 ^^S^^P
 []


Overfull \hbox (5.00002pt too wide) in paragraph at lines 189--192
\/cmr/m/n/10 ~a
 []


Overfull \hbox (24.07988pt too wide) in paragraph at lines 189--192
\OML/cmm/m/it/10 T\/cmr/m/n/10 ([]$
 []


Overfull \hbox (5.00002pt too wide) in paragraph at lines 189--192
\/cmr/m/n/10 ^^Sa
 []


Overfull \hbox (2.77779pt too wide) in paragraph at lines 189--192
\/cmr/m/n/10 ^^S^^P
 []


! LaTeX Error: Environment theorem undefined.

See the LaTeX manual or LaTeX Companion for explanation.
Type  H <return>  for immediate help.
 ...                                              
                                                  
l.193 \begin{theorem}
                     [Estatísticas completas na família exponencial]
Your command was ignored.
Type  I <command> <return>  to replace it with another command,
or  <return>  to continue without it.


! LaTeX Error: Missing \begin{document}.

See the LaTeX manual or LaTeX Companion for explanation.
Type  H <return>  for immediate help.
 ...                                              
                                                  
l.193 \begin{theorem}[
                      Estatísticas completas na família exponencial]
You're in trouble here.  Try typing  <return>  to proceed.
If that doesn't work, type  X <return>  to quit.

Missing character: There is no [ in font nullfont!
Missing character: There is no E in font nullfont!
Missing character: There is no s in font nullfont!
Missing character: There is no t in font nullfont!
Missing character: There is no a in font nullfont!
Missing character: There is no t in font nullfont!
Missing character: There is no s in font nullfont!
Missing character: There is no t in font nullfont!
Missing character: There is no i in font nullfont!
Missing character: There is no c in font nullfont!
Missing character: There is no a in font nullfont!
Missing character: There is no s in font nullfont!
Missing character: There is no c in font nullfont!
Missing character: There is no o in font nullfont!
Missing character: There is no m in font nullfont!
Missing character: There is no p in font nullfont!
Missing character: There is no l in font nullfont!
Missing character: There is no e in font nullfont!
Missing character: There is no t in font nullfont!
Missing character: There is no a in font nullfont!
Missing character: There is no s in font nullfont!
Missing character: There is no n in font nullfont!
Missing character: There is no a in font nullfont!
Missing character: There is no f in font nullfont!
Missing character: There is no a in font nullfont!
Missing character: There is no m in font nullfont!
Missing character: There is no l in font nullfont!
Missing character: There is no i in font nullfont!
Missing character: There is no a in font nullfont!
Missing character: There is no e in font nullfont!
Missing character: There is no x in font nullfont!
Missing character: There is no p in font nullfont!
Missing character: There is no o in font nullfont!
Missing character: There is no n in font nullfont!
Missing character: There is no e in font nullfont!
Missing character: There is no n in font nullfont!
Missing character: There is no c in font nullfont!
Missing character: There is no i in font nullfont!
Missing character: There is no a in font nullfont!
Missing character: There is no l in font nullfont!
Missing character: There is no ] in font nullfont!
Missing character: There is no S in font nullfont!
Missing character: There is no e in font nullfont!
Missing character: There is no j in font nullfont!
Missing character: There is no a in font nullfont!
Missing character: There is no m in font nullfont!
Missing character: There is no u in font nullfont!
Missing character: There is no m in font nullfont!
Missing character: There is no a in font nullfont!
Missing character: There is no A in font nullfont!
Missing character: There is no . in font nullfont!
Missing character: There is no A in font nullfont!
Missing character: There is no . in font nullfont!
Missing character: There is no o in font nullfont!
Missing character: There is no r in font nullfont!
Missing character: There is no i in font nullfont!
Missing character: There is no u in font nullfont!
Missing character: There is no n in font nullfont!
Missing character: There is no d in font nullfont!
Missing character: There is no a in font nullfont!
Missing character: There is no d in font nullfont!
Missing character: There is no e in font nullfont!
Missing character: There is no u in font nullfont!
Missing character: There is no m in font nullfont!
Missing character: There is no a in font nullfont!
Missing character: There is no p in font nullfont!
Missing character: There is no o in font nullfont!
Missing character: There is no p in font nullfont!
Missing character: There is no u in font nullfont!
Missing character: There is no l in font nullfont!
Missing character: There is no a in font nullfont!
Missing character: There is no o in font nullfont!
Missing character: There is no c in font nullfont!
Missing character: There is no o in font nullfont!
Missing character: There is no m in font nullfont!
Missing character: There is no f in font nullfont!
Missing character: There is no . in font nullfont!
Missing character: There is no d in font nullfont!
Missing character: There is no . in font nullfont!
Missing character: There is no p in font nullfont!
Missing character: There is no . in font nullfont!
Missing character: There is no ( in font nullfont!
Missing character: There is no o in font nullfont!
Missing character: There is no u in font nullfont!
Missing character: There is no f in font nullfont!
Missing character: There is no . in font nullfont!
Missing character: There is no p in font nullfont!
Missing character: There is no . in font nullfont!
Missing character: There is no ) in font nullfont!
Missing character: There is no p in font nullfont!
Missing character: There is no e in font nullfont!
Missing character: There is no r in font nullfont!
Missing character: There is no t in font nullfont!
Missing character: There is no e in font nullfont!
Missing character: There is no n in font nullfont!
Missing character: There is no c in font nullfont!
Missing character: There is no e in font nullfont!
Missing character: There is no n in font nullfont!
Missing character: There is no t in font nullfont!
Missing character: There is no e in font nullfont!
Missing character: There is no f in font nullfont!
Missing character: There is no a in font nullfont!
Missing character: There is no m in font nullfont!
Missing character: There is no l in font nullfont!
Missing character: There is no i in font nullfont!
Missing character: There is no a in font nullfont!
Missing character: There is no e in font nullfont!
Missing character: There is no x in font nullfont!
Missing character: There is no p in font nullfont!
Missing character: There is no o in font nullfont!
Missing character: There is no n in font nullfont!
Missing character: There is no e in font nullfont!
Missing character: There is no n in font nullfont!
Missing character: There is no c in font nullfont!
Missing character: There is no i in font nullfont!
Missing character: There is no a in font nullfont!
Missing character: There is no l in font nullfont!

Overfull \hbox (22.77779pt too wide) in paragraph at lines 193--195
[]\/cmr/m/n/10 ^^S^^P
 []


Overfull \hbox (2.77779pt too wide) in paragraph at lines 193--195
\/cmr/m/n/10 ^^S^^P
 []


Overfull \hbox (65.93625pt too wide) in paragraph at lines 193--195
\OML/cmm/m/it/10 X[]; X[]; [] ; X[]$
 []


Overfull \hbox (9.44446pt too wide) in paragraph at lines 193--195
\/cmr/m/n/10 ^^Xc~a
 []


Overfull \hbox (5.00002pt too wide) in paragraph at lines 193--195
\/cmr/m/n/10 ^^Ra
 []


Overfull \hbox (2.77779pt too wide) in paragraph at lines 193--195
\/cmr/m/n/10 ^^S^^P
 []


LaTeX Warning: Command \v invalid in math mode on input line 196.


LaTeX Warning: Command \v invalid in math mode on input line 196.

! Missing $ inserted.
<inserted text> 
                $
l.196 		f(x | \v{\theta}
                        ) = \exp\left(\sum_{k=1}^{s} \eta_k(\v{\theta})t_k(x...
I've inserted a begin-math/end-math symbol since I think
you left one out. Proceed, with fingers crossed.

! Improper \spacefactor.
<recently read> \spacefactor 
                             
l.196 		f(x | \v{\theta}
                        ) = \exp\left(\sum_{k=1}^{s} \eta_k(\v{\theta})t_k(x...
You can refer to \spacefactor only in horizontal mode;
you can refer to \prevdepth only in vertical mode; and
neither of these is meaningful inside \write. So
I'm forgetting what you said and using zero instead.

! Extra }, or forgotten $.
\add@accent ... \accent@spacefactor \spacefactor }
                                                  \let \maybe@load@fontshape...
l.196 		f(x | \v{\theta}
                        ) = \exp\left(\sum_{k=1}^{s} \eta_k(\v{\theta})t_k(x...
I've deleted a group-closing symbol because it seems to be
spurious, as in `$x}$'. But perhaps the } is legitimate and
you forgot something else, as in `\hbox{$x}'. In such cases
the way to recover is to insert both the forgotten and the
deleted material, e.g., by typing `I$}'.

! Please use \mathaccent for accents in math mode.
\add@accent ... \let \ignorespaces \relax \accent 
                                                  #1 #2\egroup \ifmmode \els...
l.196 		f(x | \v{\theta}
                        ) = \exp\left(\sum_{k=1}^{s} \eta_k(\v{\theta})t_k(x...
I'm changing \accent to \mathaccent here; wish me luck.
(Accents are not the same in formulas as they are in text.)

! Missing { inserted.
<to be read again> 
                   \edef 
l.196 		f(x | \v{\theta}
                        ) = \exp\left(\sum_{k=1}^{s} \eta_k(\v{\theta})t_k(x...
A left brace was mandatory here, so I've put one in.
You might want to delete and/or insert some corrections
so that I will find a matching right brace soon.
(If you're confused by all this, try typing `I}' now.)

! Extra }, or forgotten $.
\UseTextAccent  ...e@text@encoding \@curr@enc #3}}
                                                  
l.196 		f(x | \v{\theta}
                        ) = \exp\left(\sum_{k=1}^{s} \eta_k(\v{\theta})t_k(x...
I've deleted a group-closing symbol because it seems to be
spurious, as in `$x}$'. But perhaps the } is legitimate and
you forgot something else, as in `\hbox{$x}'. In such cases
the way to recover is to insert both the forgotten and the
deleted material, e.g., by typing `I$}'.


LaTeX Warning: Command \v invalid in math mode on input line 196.


LaTeX Warning: Command \v invalid in math mode on input line 196.

! Missing $ inserted.
<inserted text> 
                $
l.196 ...exp\left(\sum_{k=1}^{s} \eta_k(\v{\theta}
                                                  )t_k(x)\right) a(\v{\theta...
I've inserted a begin-math/end-math symbol since I think
you left one out. Proceed, with fingers crossed.

! Improper \spacefactor.
<recently read> \spacefactor 
                             
l.196 ...exp\left(\sum_{k=1}^{s} \eta_k(\v{\theta}
                                                  )t_k(x)\right) a(\v{\theta...
You can refer to \spacefactor only in horizontal mode;
you can refer to \prevdepth only in vertical mode; and
neither of these is meaningful inside \write. So
I'm forgetting what you said and using zero instead.

! Extra }, or forgotten $.
\add@accent ... \accent@spacefactor \spacefactor }
                                                  \let \maybe@load@fontshape...
l.196 ...exp\left(\sum_{k=1}^{s} \eta_k(\v{\theta}
                                                  )t_k(x)\right) a(\v{\theta...
I've deleted a group-closing symbol because it seems to be
spurious, as in `$x}$'. But perhaps the } is legitimate and
you forgot something else, as in `\hbox{$x}'. In such cases
the way to recover is to insert both the forgotten and the
deleted material, e.g., by typing `I$}'.

! Please use \mathaccent for accents in math mode.
\add@accent ... \let \ignorespaces \relax \accent 
                                                  #1 #2\egroup \ifmmode \els...
l.196 ...exp\left(\sum_{k=1}^{s} \eta_k(\v{\theta}
                                                  )t_k(x)\right) a(\v{\theta...
I'm changing \accent to \mathaccent here; wish me luck.
(Accents are not the same in formulas as they are in text.)

! Missing { inserted.
<to be read again> 
                   \edef 
l.196 ...exp\left(\sum_{k=1}^{s} \eta_k(\v{\theta}
                                                  )t_k(x)\right) a(\v{\theta...
A left brace was mandatory here, so I've put one in.
You might want to delete and/or insert some corrections
so that I will find a matching right brace soon.
(If you're confused by all this, try typing `I}' now.)

! Extra \right.
l.196 ...{k=1}^{s} \eta_k(\v{\theta})t_k(x)\right)
                                                   a(\v{\theta})h(x),
I'm ignoring a \right that had no matching \left.


LaTeX Warning: Command \v invalid in math mode on input line 196.


LaTeX Warning: Command \v invalid in math mode on input line 196.

! Missing $ inserted.
<inserted text> 
                $
l.196 ...a_k(\v{\theta})t_k(x)\right) a(\v{\theta}
                                                  )h(x),
I've inserted a begin-math/end-math symbol since I think
you left one out. Proceed, with fingers crossed.

! Improper \spacefactor.
<recently read> \spacefactor 
                             
l.196 ...a_k(\v{\theta})t_k(x)\right) a(\v{\theta}
                                                  )h(x),
You can refer to \spacefactor only in horizontal mode;
you can refer to \prevdepth only in vertical mode; and
neither of these is meaningful inside \write. So
I'm forgetting what you said and using zero instead.

! Extra }, or forgotten $.
\add@accent ... \accent@spacefactor \spacefactor }
                                                  \let \maybe@load@fontshape...
l.196 ...a_k(\v{\theta})t_k(x)\right) a(\v{\theta}
                                                  )h(x),
I've deleted a group-closing symbol because it seems to be
spurious, as in `$x}$'. But perhaps the } is legitimate and
you forgot something else, as in `\hbox{$x}'. In such cases
the way to recover is to insert both the forgotten and the
deleted material, e.g., by typing `I$}'.

! Please use \mathaccent for accents in math mode.
\add@accent ... \let \ignorespaces \relax \accent 
                                                  #1 #2\egroup \ifmmode \els...
l.196 ...a_k(\v{\theta})t_k(x)\right) a(\v{\theta}
                                                  )h(x),
I'm changing \accent to \mathaccent here; wish me luck.
(Accents are not the same in formulas as they are in text.)

! Missing { inserted.
<to be read again> 
                   \edef 
l.196 ...a_k(\v{\theta})t_k(x)\right) a(\v{\theta}
                                                  )h(x),
A left brace was mandatory here, so I've put one in.
You might want to delete and/or insert some corrections
so that I will find a matching right brace soon.
(If you're confused by all this, try typing `I}' now.)


! LaTeX Error: Bad math environment delimiter.

See the LaTeX manual or LaTeX Companion for explanation.
Type  H <return>  for immediate help.
 ...                                              
                                                  
l.197 	\]
         
Your command was ignored.
Type  I <command> <return>  to replace it with another command,
or  <return>  to continue without it.

! Missing $ inserted.
<inserted text> 
                $
l.198 	em que $\v{\theta}
                          = (\theta_1, \theta_2, \ldots, \theta_s)$. Então,...
I've inserted a begin-math/end-math symbol since I think
you left one out. Proceed, with fingers crossed.

! Improper \spacefactor.
<recently read> \spacefactor 
                             
l.198 	em que $\v{\theta}
                          = (\theta_1, \theta_2, \ldots, \theta_s)$. Então,...
You can refer to \spacefactor only in horizontal mode;
you can refer to \prevdepth only in vertical mode; and
neither of these is meaningful inside \write. So
I'm forgetting what you said and using zero instead.

! Extra }, or forgotten $.
\add@accent ... \accent@spacefactor \spacefactor }
                                                  \let \maybe@load@fontshape...
l.198 	em que $\v{\theta}
                          = (\theta_1, \theta_2, \ldots, \theta_s)$. Então,...
I've deleted a group-closing symbol because it seems to be
spurious, as in `$x}$'. But perhaps the } is legitimate and
you forgot something else, as in `\hbox{$x}'. In such cases
the way to recover is to insert both the forgotten and the
deleted material, e.g., by typing `I$}'.

! Please use \mathaccent for accents in math mode.
\add@accent ... \let \ignorespaces \relax \accent 
                                                  #1 #2\egroup \ifmmode \els...
l.198 	em que $\v{\theta}
                          = (\theta_1, \theta_2, \ldots, \theta_s)$. Então,...
I'm changing \accent to \mathaccent here; wish me luck.
(Accents are not the same in formulas as they are in text.)

! Missing { inserted.
<to be read again> 
                   \edef 
l.198 	em que $\v{\theta}
                          = (\theta_1, \theta_2, \ldots, \theta_s)$. Então,...
A left brace was mandatory here, so I've put one in.
You might want to delete and/or insert some corrections
so that I will find a matching right brace soon.
(If you're confused by all this, try typing `I}' now.)

! Missing $ inserted.
<inserted text> 
                $
l.200 		T(\v{X}) = \left
                        (\sum_{i=1}^{n} t_1(X_i), \sum_{i=1}^{n} t_2(X_i), \...
I've inserted a begin-math/end-math symbol since I think
you left one out. Proceed, with fingers crossed.


! LaTeX Error: Bad math environment delimiter.

See the LaTeX manual or LaTeX Companion for explanation.
Type  H <return>  for immediate help.
 ...                                              
                                                  
l.201 	\]
         
Your command was ignored.
Type  I <command> <return>  to replace it with another command,
or  <return>  to continue without it.


LaTeX Warning: Command \' invalid in math mode on input line 202.

! Please use \mathaccent for accents in math mode.
\add@accent ... \let \ignorespaces \relax \accent 
                                                  #1 #2\egroup \ifmmode \els...
l.202 	é
          completa, desde que $\Theta$ contenha um conjunto aberto em $\Re^s$.
I'm changing \accent to \mathaccent here; wish me luck.
(Accents are not the same in formulas as they are in text.)

! Missing $ inserted.
<inserted text> 
                $
l.202 	é completa, desde que $\Theta
                                     $ contenha um conjunto aberto em $\Re^s$.
I've inserted a begin-math/end-math symbol since I think
you left one out. Proceed, with fingers crossed.


! LaTeX Error: \begin{document} ended by \end{theorem}.

See the LaTeX manual or LaTeX Companion for explanation.
Type  H <return>  for immediate help.
 ...                                              
                                                  
l.203 \end{theorem}
                   
Your command was ignored.
Type  I <command> <return>  to replace it with another command,
or  <return>  to continue without it.

! Missing } inserted.
<inserted text> 
                }
l.203 \end{theorem}
                   
I've inserted something that you may have forgotten.
(See the <inserted text> above.)
With luck, this will get me unwedged. But if you
really didn't forget anything, try typing `2' now; then
my insertion and my current dilemma will both disappear.

! Missing } inserted.
<inserted text> 
                }
l.203 \end{theorem}
                   
I've inserted something that you may have forgotten.
(See the <inserted text> above.)
With luck, this will get me unwedged. But if you
really didn't forget anything, try typing `2' now; then
my insertion and my current dilemma will both disappear.

! Missing } inserted.
<inserted text> 
                }
l.203 \end{theorem}
                   
I've inserted something that you may have forgotten.
(See the <inserted text> above.)
With luck, this will get me unwedged. But if you
really didn't forget anything, try typing `2' now; then
my insertion and my current dilemma will both disappear.

! Missing } inserted.
<inserted text> 
                }
l.203 \end{theorem}
                   
I've inserted something that you may have forgotten.
(See the <inserted text> above.)
With luck, this will get me unwedged. But if you
really didn't forget anything, try typing `2' now; then
my insertion and my current dilemma will both disappear.

! Missing $ inserted.
<inserted text> 
                $
l.203 \end{theorem}
                   
I've inserted something that you may have forgotten.
(See the <inserted text> above.)
With luck, this will get me unwedged. But if you
really didn't forget anything, try typing `2' now; then
my insertion and my current dilemma will both disappear.

! Missing } inserted.
<inserted text> 
                }
l.203 \end{theorem}
                   
I've inserted something that you may have forgotten.
(See the <inserted text> above.)
With luck, this will get me unwedged. But if you
really didn't forget anything, try typing `2' now; then
my insertion and my current dilemma will both disappear.

! Missing } inserted.
<inserted text> 
                }
l.203 \end{theorem}
                   
I've inserted something that you may have forgotten.
(See the <inserted text> above.)
With luck, this will get me unwedged. But if you
really didn't forget anything, try typing `2' now; then
my insertion and my current dilemma will both disappear.

! Missing \right. inserted.
<inserted text> 
                \right .
l.203 \end{theorem}
                   
I've inserted something that you may have forgotten.
(See the <inserted text> above.)
With luck, this will get me unwedged. But if you
really didn't forget anything, try typing `2' now; then
my insertion and my current dilemma will both disappear.

! Missing $ inserted.
<inserted text> 
                $
l.203 \end{theorem}
                   
I've inserted something that you may have forgotten.
(See the <inserted text> above.)
With luck, this will get me unwedged. But if you
really didn't forget anything, try typing `2' now; then
my insertion and my current dilemma will both disappear.

! Missing } inserted.
<inserted text> 
                }
l.203 \end{theorem}
                   
I've inserted something that you may have forgotten.
(See the <inserted text> above.)
With luck, this will get me unwedged. But if you
really didn't forget anything, try typing `2' now; then
my insertion and my current dilemma will both disappear.

! Missing } inserted.
<inserted text> 
                }
l.203 \end{theorem}
                   
I've inserted something that you may have forgotten.
(See the <inserted text> above.)
With luck, this will get me unwedged. But if you
really didn't forget anything, try typing `2' now; then
my insertion and my current dilemma will both disappear.

! Missing } inserted.
<inserted text> 
                }
l.203 \end{theorem}
                   
I've inserted something that you may have forgotten.
(See the <inserted text> above.)
With luck, this will get me unwedged. But if you
really didn't forget anything, try typing `2' now; then
my insertion and my current dilemma will both disappear.

! Missing $ inserted.
<inserted text> 
                $
l.203 \end{theorem}
                   
I've inserted something that you may have forgotten.
(See the <inserted text> above.)
With luck, this will get me unwedged. But if you
really didn't forget anything, try typing `2' now; then
my insertion and my current dilemma will both disappear.

! Display math should end with $$.
<to be read again> 
                   \endgroup 
l.203 \end{theorem}
                   
The `$' that I just saw supposedly matches a previous `$$'.
So I shall assume that you typed `$$' both times.


Overfull \hbox (18.35422pt too wide) detected at line 203
\OML/cmm/m/it/10 f\/cmr/m/n/10 (\OML/cmm/m/it/10 x\OMS/cmsy/m/n/10 j[]
 []


! LaTeX Error: Environment theorem undefined.

See the LaTeX manual or LaTeX Companion for explanation.
Type  H <return>  for immediate help.
 ...                                              
                                                  
l.205 \begin{theorem}
                     
Your command was ignored.
Type  I <command> <return>  to replace it with another command,
or  <return>  to continue without it.


! LaTeX Error: Missing \begin{document}.

See the LaTeX manual or LaTeX Companion for explanation.
Type  H <return>  for immediate help.
 ...                                              
                                                  
l.206 	S
        e uma estatística suficiente mínima existe, então qualquer estat�...

You're in trouble here.  Try typing  <return>  to proceed.
If that doesn't work, type  X <return>  to quit.

Missing character: There is no S in font nullfont!
Missing character: There is no e in font nullfont!
Missing character: There is no u in font nullfont!
Missing character: There is no m in font nullfont!
Missing character: There is no a in font nullfont!
Missing character: There is no e in font nullfont!
Missing character: There is no s in font nullfont!
Missing character: There is no t in font nullfont!
Missing character: There is no a in font nullfont!
Missing character: There is no t in font nullfont!
Missing character: There is no s in font nullfont!
Missing character: There is no t in font nullfont!
Missing character: There is no i in font nullfont!
Missing character: There is no c in font nullfont!
Missing character: There is no a in font nullfont!
Missing character: There is no s in font nullfont!
Missing character: There is no u in font nullfont!
Missing character: There is no f in font nullfont!
Missing character: There is no i in font nullfont!
Missing character: There is no c in font nullfont!
Missing character: There is no i in font nullfont!
Missing character: There is no e in font nullfont!
Missing character: There is no n in font nullfont!
Missing character: There is no t in font nullfont!
Missing character: There is no e in font nullfont!
Missing character: There is no m in font nullfont!
Missing character: There is no n in font nullfont!
Missing character: There is no i in font nullfont!
Missing character: There is no m in font nullfont!
Missing character: There is no a in font nullfont!
Missing character: There is no e in font nullfont!
Missing character: There is no x in font nullfont!
Missing character: There is no i in font nullfont!
Missing character: There is no s in font nullfont!
Missing character: There is no t in font nullfont!
Missing character: There is no e in font nullfont!
Missing character: There is no , in font nullfont!
Missing character: There is no e in font nullfont!
Missing character: There is no n in font nullfont!
Missing character: There is no t in font nullfont!
Missing character: There is no o in font nullfont!
Missing character: There is no q in font nullfont!
Missing character: There is no u in font nullfont!
Missing character: There is no a in font nullfont!
Missing character: There is no l in font nullfont!
Missing character: There is no q in font nullfont!
Missing character: There is no u in font nullfont!
Missing character: There is no e in font nullfont!
Missing character: There is no r in font nullfont!
Missing character: There is no e in font nullfont!
Missing character: There is no s in font nullfont!
Missing character: There is no t in font nullfont!
Missing character: There is no a in font nullfont!
Missing character: There is no t in font nullfont!
Missing character: There is no s in font nullfont!
Missing character: There is no t in font nullfont!
Missing character: There is no i in font nullfont!
Missing character: There is no c in font nullfont!
Missing character: There is no a in font nullfont!
Missing character: There is no c in font nullfont!
Missing character: There is no o in font nullfont!
Missing character: There is no m in font nullfont!
Missing character: There is no p in font nullfont!
Missing character: There is no l in font nullfont!
Missing character: There is no e in font nullfont!
Missing character: There is no t in font nullfont!
Missing character: There is no a in font nullfont!
Missing character: There is no t in font nullfont!
Missing character: There is no a in font nullfont!
Missing character: There is no m in font nullfont!
Missing character: There is no b in font nullfont!
Missing character: There is no m in font nullfont!
Missing character: There is no s in font nullfont!
Missing character: There is no e in font nullfont!
Missing character: There is no r in font nullfont!
Missing character: There is no u in font nullfont!
Missing character: There is no m in font nullfont!
Missing character: There is no a in font nullfont!
Missing character: There is no e in font nullfont!
Missing character: There is no s in font nullfont!
Missing character: There is no t in font nullfont!
Missing character: There is no a in font nullfont!
Missing character: There is no t in font nullfont!
Missing character: There is no s in font nullfont!
Missing character: There is no t in font nullfont!
Missing character: There is no i in font nullfont!
Missing character: There is no c in font nullfont!
Missing character: There is no a in font nullfont!
Missing character: There is no s in font nullfont!
Missing character: There is no u in font nullfont!
Missing character: There is no f in font nullfont!
Missing character: There is no i in font nullfont!
Missing character: There is no c in font nullfont!
Missing character: There is no i in font nullfont!
Missing character: There is no e in font nullfont!
Missing character: There is no n in font nullfont!
Missing character: There is no t in font nullfont!
Missing character: There is no e in font nullfont!
Missing character: There is no m in font nullfont!
Missing character: There is no n in font nullfont!
Missing character: There is no i in font nullfont!
Missing character: There is no m in font nullfont!
Missing character: There is no a in font nullfont!
Missing character: There is no . in font nullfont!

! LaTeX Error: \begin{document} ended by \end{theorem}.

See the LaTeX manual or LaTeX Companion for explanation.
Type  H <return>  for immediate help.
 ...                                              
                                                  
l.207 \end{theorem}
                   
Your command was ignored.
Type  I <command> <return>  to replace it with another command,
or  <return>  to continue without it.


Overfull \hbox (20.0pt too wide) in paragraph at lines 206--208
[]
 []


Overfull \hbox (2.77779pt too wide) in paragraph at lines 206--208
\/cmr/m/n/10 ^^S^^P
 []


Overfull \hbox (2.77779pt too wide) in paragraph at lines 206--208
\/cmr/m/n/10 ^^S^^P
 []


Overfull \hbox (5.00002pt too wide) in paragraph at lines 206--208
\/cmr/m/n/10 ~a
 []


Overfull \hbox (2.77779pt too wide) in paragraph at lines 206--208
\/cmr/m/n/10 ^^S^^P
 []


Overfull \hbox (4.44444pt too wide) in paragraph at lines 206--208
\/cmr/m/n/10 ^^Se
 []


Overfull \hbox (5.00002pt too wide) in paragraph at lines 206--208
\/cmr/m/n/10 ^^Sa
 []


Overfull \hbox (2.77779pt too wide) in paragraph at lines 206--208
\/cmr/m/n/10 ^^S^^P
 []


Overfull \hbox (2.77779pt too wide) in paragraph at lines 206--208
\/cmr/m/n/10 ^^S^^P
 []

! Undefined control sequence.
l.209 \section
              {Estimação Pontual I}
The control sequence at the end of the top line
of your error message was never \def'ed. If you have
misspelled it (e.g., `\hobx'), type `I' and the correct
spelling (e.g., `I\hbox'). Otherwise just continue,
and I'll forget about whatever was undefined.


! LaTeX Error: Missing \begin{document}.

See the LaTeX manual or LaTeX Companion for explanation.
Type  H <return>  for immediate help.
 ...                                              
                                                  
l.209 \section{E
                stimação Pontual I}
You're in trouble here.  Try typing  <return>  to proceed.
If that doesn't work, type  X <return>  to quit.

Missing character: There is no E in font nullfont!
Missing character: There is no s in font nullfont!
Missing character: There is no t in font nullfont!
Missing character: There is no i in font nullfont!
Missing character: There is no m in font nullfont!
Missing character: There is no a in font nullfont!
Missing character: There is no o in font nullfont!
Missing character: There is no P in font nullfont!
Missing character: There is no o in font nullfont!
Missing character: There is no n in font nullfont!
Missing character: There is no t in font nullfont!
Missing character: There is no u in font nullfont!
Missing character: There is no a in font nullfont!
Missing character: There is no l in font nullfont!
Missing character: There is no I in font nullfont!

Overfull \hbox (29.44446pt too wide) in paragraph at lines 209--210
[]\/cmr/m/n/10 ^^Xc~a
 []


! LaTeX Error: Environment definition undefined.

See the LaTeX manual or LaTeX Companion for explanation.
Type  H <return>  for immediate help.
 ...                                              
                                                  
l.211 \begin{definition}
                        [Estimador pontual]
Your command was ignored.
Type  I <command> <return>  to replace it with another command,
or  <return>  to continue without it.


! LaTeX Error: Missing \begin{document}.

See the LaTeX manual or LaTeX Companion for explanation.
Type  H <return>  for immediate help.
 ...                                              
                                                  
l.211 \begin{definition}[
                         Estimador pontual]
You're in trouble here.  Try typing  <return>  to proceed.
If that doesn't work, type  X <return>  to quit.

Missing character: There is no [ in font nullfont!
Missing character: There is no E in font nullfont!
Missing character: There is no s in font nullfont!
Missing character: There is no t in font nullfont!
Missing character: There is no i in font nullfont!
Missing character: There is no m in font nullfont!
Missing character: There is no a in font nullfont!
Missing character: There is no d in font nullfont!
Missing character: There is no o in font nullfont!
Missing character: There is no r in font nullfont!
Missing character: There is no p in font nullfont!
Missing character: There is no o in font nullfont!
Missing character: There is no n in font nullfont!
Missing character: There is no t in font nullfont!
Missing character: There is no u in font nullfont!
Missing character: There is no a in font nullfont!
Missing character: There is no l in font nullfont!
Missing character: There is no ] in font nullfont!
Missing character: There is no U in font nullfont!
Missing character: There is no m in font nullfont!
Missing character: There is no e in font nullfont!
Missing character: There is no s in font nullfont!
Missing character: There is no t in font nullfont!
Missing character: There is no i in font nullfont!
Missing character: There is no m in font nullfont!
Missing character: There is no a in font nullfont!
Missing character: There is no d in font nullfont!
Missing character: There is no o in font nullfont!
Missing character: There is no r in font nullfont!
Missing character: There is no p in font nullfont!
Missing character: There is no o in font nullfont!
Missing character: There is no n in font nullfont!
Missing character: There is no t in font nullfont!
Missing character: There is no u in font nullfont!
Missing character: There is no a in font nullfont!
Missing character: There is no l in font nullfont!
Missing character: There is no q in font nullfont!
Missing character: There is no u in font nullfont!
Missing character: There is no a in font nullfont!
Missing character: There is no l in font nullfont!
Missing character: There is no q in font nullfont!
Missing character: There is no u in font nullfont!
Missing character: There is no e in font nullfont!
Missing character: There is no r in font nullfont!
Missing character: There is no f in font nullfont!
Missing character: There is no u in font nullfont!
Missing character: There is no n in font nullfont!
Missing character: There is no o in font nullfont!
Missing character: There is no d in font nullfont!
Missing character: There is no e in font nullfont!
Missing character: There is no u in font nullfont!
Missing character: There is no m in font nullfont!
Missing character: There is no a in font nullfont!
Missing character: There is no a in font nullfont!
Missing character: There is no m in font nullfont!
Missing character: There is no o in font nullfont!
Missing character: There is no s in font nullfont!
Missing character: There is no t in font nullfont!
Missing character: There is no r in font nullfont!
Missing character: There is no a in font nullfont!
Missing character: There is no . in font nullfont!

Overfull \hbox (20.0pt too wide) in paragraph at lines 211--213
[]
 []


Overfull \hbox (4.44444pt too wide) in paragraph at lines 211--213
\/cmr/m/n/10 ^^Se
 []


Overfull \hbox (9.44446pt too wide) in paragraph at lines 211--213
\/cmr/m/n/10 ^^Xc~a
 []


! LaTeX Error: Environment note undefined.

See the LaTeX manual or LaTeX Companion for explanation.
Type  H <return>  for immediate help.
 ...                                              
                                                  
l.214 	\begin{note}
                   
Your command was ignored.
Type  I <command> <return>  to replace it with another command,
or  <return>  to continue without it.


! LaTeX Error: Missing \begin{document}.

See the LaTeX manual or LaTeX Companion for explanation.
Type  H <return>  for immediate help.
 ...                                              
                                                  
l.215 		Q
         ualquer estatística é um estimador.
You're in trouble here.  Try typing  <return>  to proceed.
If that doesn't work, type  X <return>  to quit.

Missing character: There is no Q in font nullfont!
Missing character: There is no u in font nullfont!
Missing character: There is no a in font nullfont!
Missing character: There is no l in font nullfont!
Missing character: There is no q in font nullfont!
Missing character: There is no u in font nullfont!
Missing character: There is no e in font nullfont!
Missing character: There is no r in font nullfont!
Missing character: There is no e in font nullfont!
Missing character: There is no s in font nullfont!
Missing character: There is no t in font nullfont!
Missing character: There is no a in font nullfont!
Missing character: There is no t in font nullfont!
Missing character: There is no s in font nullfont!
Missing character: There is no t in font nullfont!
Missing character: There is no i in font nullfont!
Missing character: There is no c in font nullfont!
Missing character: There is no a in font nullfont!
Missing character: There is no u in font nullfont!
Missing character: There is no m in font nullfont!
Missing character: There is no e in font nullfont!
Missing character: There is no s in font nullfont!
Missing character: There is no t in font nullfont!
Missing character: There is no i in font nullfont!
Missing character: There is no m in font nullfont!
Missing character: There is no a in font nullfont!
Missing character: There is no d in font nullfont!
Missing character: There is no o in font nullfont!
Missing character: There is no r in font nullfont!
Missing character: There is no . in font nullfont!

! LaTeX Error: \begin{document} ended by \end{note}.

See the LaTeX manual or LaTeX Companion for explanation.
Type  H <return>  for immediate help.
 ...                                              
                                                  
l.216 	\end{note}
                 
Your command was ignored.
Type  I <command> <return>  to replace it with another command,
or  <return>  to continue without it.


! LaTeX Error: \begin{document} ended by \end{definition}.

See the LaTeX manual or LaTeX Companion for explanation.
Type  H <return>  for immediate help.
 ...                                              
                                                  
l.217 \end{definition}
                      
Your command was ignored.
Type  I <command> <return>  to replace it with another command,
or  <return>  to continue without it.


Overfull \hbox (20.0pt too wide) in paragraph at lines 215--218
[]
 []


Overfull \hbox (2.77779pt too wide) in paragraph at lines 215--218
\/cmr/m/n/10 ^^S^^P
 []


Overfull \hbox (4.44444pt too wide) in paragraph at lines 215--218
\/cmr/m/n/10 ^^Se
 []


! LaTeX Error: Environment definition undefined.

See the LaTeX manual or LaTeX Companion for explanation.
Type  H <return>  for immediate help.
 ...                                              
                                                  
l.219 \begin{definition}
                        [Estimativa]
Your command was ignored.
Type  I <command> <return>  to replace it with another command,
or  <return>  to continue without it.


! LaTeX Error: Missing \begin{document}.

See the LaTeX manual or LaTeX Companion for explanation.
Type  H <return>  for immediate help.
 ...                                              
                                                  
l.219 \begin{definition}[
                         Estimativa]
You're in trouble here.  Try typing  <return>  to proceed.
If that doesn't work, type  X <return>  to quit.

Missing character: There is no [ in font nullfont!
Missing character: There is no E in font nullfont!
Missing character: There is no s in font nullfont!
Missing character: There is no t in font nullfont!
Missing character: There is no i in font nullfont!
Missing character: There is no m in font nullfont!
Missing character: There is no a in font nullfont!
Missing character: There is no t in font nullfont!
Missing character: There is no i in font nullfont!
Missing character: There is no v in font nullfont!
Missing character: There is no a in font nullfont!
Missing character: There is no ] in font nullfont!
Missing character: There is no U in font nullfont!
Missing character: There is no m in font nullfont!
Missing character: There is no a in font nullfont!
Missing character: There is no e in font nullfont!
Missing character: There is no s in font nullfont!
Missing character: There is no t in font nullfont!
Missing character: There is no i in font nullfont!
Missing character: There is no m in font nullfont!
Missing character: There is no a in font nullfont!
Missing character: There is no t in font nullfont!
Missing character: There is no i in font nullfont!
Missing character: There is no v in font nullfont!
Missing character: There is no a in font nullfont!
Missing character: There is no u in font nullfont!
Missing character: There is no m in font nullfont!
Missing character: There is no v in font nullfont!
Missing character: There is no a in font nullfont!
Missing character: There is no l in font nullfont!
Missing character: There is no o in font nullfont!
Missing character: There is no r in font nullfont!
Missing character: There is no ( in font nullfont!
Missing character: There is no v in font nullfont!
Missing character: There is no a in font nullfont!
Missing character: There is no l in font nullfont!
Missing character: There is no o in font nullfont!
Missing character: There is no r in font nullfont!
Missing character: There is no e in font nullfont!
Missing character: There is no s in font nullfont!
Missing character: There is no ) in font nullfont!
Missing character: There is no o in font nullfont!
Missing character: There is no b in font nullfont!
Missing character: There is no s in font nullfont!
Missing character: There is no e in font nullfont!
Missing character: There is no r in font nullfont!
Missing character: There is no v in font nullfont!
Missing character: There is no a in font nullfont!
Missing character: There is no d in font nullfont!
Missing character: There is no o in font nullfont!
Missing character: There is no ( in font nullfont!
Missing character: There is no s in font nullfont!
Missing character: There is no ) in font nullfont!
Missing character: There is no d in font nullfont!
Missing character: There is no e in font nullfont!
Missing character: There is no u in font nullfont!
Missing character: There is no m in font nullfont!
Missing character: There is no e in font nullfont!
Missing character: There is no s in font nullfont!
Missing character: There is no t in font nullfont!
Missing character: There is no i in font nullfont!
Missing character: There is no m in font nullfont!
Missing character: There is no a in font nullfont!
Missing character: There is no d in font nullfont!
Missing character: There is no o in font nullfont!
Missing character: There is no r in font nullfont!
Missing character: There is no , in font nullfont!
Missing character: There is no o in font nullfont!
Missing character: There is no b in font nullfont!
Missing character: There is no t in font nullfont!
Missing character: There is no i in font nullfont!
Missing character: There is no d in font nullfont!
Missing character: There is no o in font nullfont!
Missing character: There is no a in font nullfont!
Missing character: There is no p in font nullfont!
Missing character: There is no a in font nullfont!
Missing character: There is no r in font nullfont!
Missing character: There is no t in font nullfont!
Missing character: There is no i in font nullfont!
Missing character: There is no r in font nullfont!
Missing character: There is no d in font nullfont!
Missing character: There is no e in font nullfont!
Missing character: There is no u in font nullfont!
Missing character: There is no m in font nullfont!
Missing character: There is no a in font nullfont!
Missing character: There is no a in font nullfont!
Missing character: There is no m in font nullfont!
Missing character: There is no o in font nullfont!
Missing character: There is no s in font nullfont!
Missing character: There is no t in font nullfont!
Missing character: There is no r in font nullfont!
Missing character: There is no a in font nullfont!
Missing character: There is no o in font nullfont!
Missing character: There is no b in font nullfont!
Missing character: There is no s in font nullfont!
Missing character: There is no e in font nullfont!
Missing character: There is no r in font nullfont!
Missing character: There is no v in font nullfont!
Missing character: There is no a in font nullfont!
Missing character: There is no d in font nullfont!
Missing character: There is no a in font nullfont!
Missing character: There is no . in font nullfont!

! LaTeX Error: \begin{document} ended by \end{definition}.

See the LaTeX manual or LaTeX Companion for explanation.
Type  H <return>  for immediate help.
 ...                                              
                                                  
l.221 \end{definition}
                      
Your command was ignored.
Type  I <command> <return>  to replace it with another command,
or  <return>  to continue without it.


Overfull \hbox (20.0pt too wide) in paragraph at lines 219--222
[]
 []


Overfull \hbox (4.44444pt too wide) in paragraph at lines 219--222
\/cmr/m/n/10 ^^Se
 []


! LaTeX Error: Environment definition undefined.

See the LaTeX manual or LaTeX Companion for explanation.
Type  H <return>  for immediate help.
 ...                                              
                                                  
l.223 \begin{definition}
                        [Função de verossimilhança]
Your command was ignored.
Type  I <command> <return>  to replace it with another command,
or  <return>  to continue without it.


! LaTeX Error: Missing \begin{document}.

See the LaTeX manual or LaTeX Companion for explanation.
Type  H <return>  for immediate help.
 ...                                              
                                                  
l.223 \begin{definition}[
                         Função de verossimilhança]
You're in trouble here.  Try typing  <return>  to proceed.
If that doesn't work, type  X <return>  to quit.

Missing character: There is no [ in font nullfont!
Missing character: There is no F in font nullfont!
Missing character: There is no u in font nullfont!
Missing character: There is no n in font nullfont!
Missing character: There is no o in font nullfont!
Missing character: There is no d in font nullfont!
Missing character: There is no e in font nullfont!
Missing character: There is no v in font nullfont!
Missing character: There is no e in font nullfont!
Missing character: There is no r in font nullfont!
Missing character: There is no o in font nullfont!
Missing character: There is no s in font nullfont!
Missing character: There is no s in font nullfont!
Missing character: There is no i in font nullfont!
Missing character: There is no m in font nullfont!
Missing character: There is no i in font nullfont!
Missing character: There is no l in font nullfont!
Missing character: There is no h in font nullfont!
Missing character: There is no a in font nullfont!
Missing character: There is no n in font nullfont!
Missing character: There is no a in font nullfont!
Missing character: There is no ] in font nullfont!
Missing character: There is no S in font nullfont!
Missing character: There is no e in font nullfont!
Missing character: There is no j in font nullfont!
Missing character: There is no a in font nullfont!
Missing character: There is no m in font nullfont!
Missing character: There is no u in font nullfont!
Missing character: There is no m in font nullfont!
Missing character: There is no a in font nullfont!
Missing character: There is no a in font nullfont!
Missing character: There is no m in font nullfont!
Missing character: There is no o in font nullfont!
Missing character: There is no s in font nullfont!
Missing character: There is no t in font nullfont!
Missing character: There is no r in font nullfont!
Missing character: There is no a in font nullfont!
Missing character: There is no o in font nullfont!
Missing character: There is no r in font nullfont!
Missing character: There is no i in font nullfont!
Missing character: There is no u in font nullfont!
Missing character: There is no n in font nullfont!
Missing character: There is no d in font nullfont!
Missing character: There is no a in font nullfont!
Missing character: There is no d in font nullfont!
Missing character: There is no e in font nullfont!
Missing character: There is no u in font nullfont!
Missing character: There is no m in font nullfont!
Missing character: There is no a in font nullfont!
Missing character: There is no p in font nullfont!
Missing character: There is no o in font nullfont!
Missing character: There is no p in font nullfont!
Missing character: There is no u in font nullfont!
Missing character: There is no l in font nullfont!
Missing character: There is no a in font nullfont!
Missing character: There is no o in font nullfont!
Missing character: There is no c in font nullfont!
Missing character: There is no o in font nullfont!
Missing character: There is no m in font nullfont!
Missing character: There is no f in font nullfont!
Missing character: There is no . in font nullfont!
Missing character: There is no d in font nullfont!
Missing character: There is no . in font nullfont!
Missing character: There is no p in font nullfont!
Missing character: There is no . in font nullfont!
Missing character: There is no ( in font nullfont!
Missing character: There is no o in font nullfont!
Missing character: There is no u in font nullfont!
Missing character: There is no f in font nullfont!
Missing character: There is no . in font nullfont!
Missing character: There is no p in font nullfont!
Missing character: There is no . in font nullfont!
Missing character: There is no ) in font nullfont!
Missing character: There is no . in font nullfont!
Missing character: There is no A in font nullfont!
Missing character: There is no f in font nullfont!
Missing character: There is no u in font nullfont!
Missing character: There is no n in font nullfont!
Missing character: There is no o in font nullfont!
Missing character: There is no d in font nullfont!
Missing character: There is no e in font nullfont!
Missing character: There is no v in font nullfont!
Missing character: There is no e in font nullfont!
Missing character: There is no r in font nullfont!
Missing character: There is no o in font nullfont!
Missing character: There is no s in font nullfont!
Missing character: There is no s in font nullfont!
Missing character: There is no i in font nullfont!
Missing character: There is no m in font nullfont!
Missing character: There is no i in font nullfont!
Missing character: There is no l in font nullfont!
Missing character: There is no h in font nullfont!
Missing character: There is no a in font nullfont!
Missing character: There is no n in font nullfont!
Missing character: There is no a in font nullfont!
Missing character: There is no s in font nullfont!
Missing character: There is no e in font nullfont!
Missing character: There is no r in font nullfont!

Overfull \hbox (29.44446pt too wide) in paragraph at lines 223--225
[]\/cmr/m/n/10 ^^Xc~a
 []


Overfull \hbox (4.44444pt too wide) in paragraph at lines 223--225
\/cmr/m/n/10 ^^Xc
 []


Overfull \hbox (65.93625pt too wide) in paragraph at lines 223--225
\OML/cmm/m/it/10 X[]; X[]; [] ; X[]$
 []


Overfull \hbox (9.44446pt too wide) in paragraph at lines 223--225
\/cmr/m/n/10 ^^Xc~a
 []


Overfull \hbox (27.21535pt too wide) in paragraph at lines 223--225
\OML/cmm/m/it/10 f\/cmr/m/n/10 (\OML/cmm/m/it/10 x\OMS/cmsy/m/n/10 j\OML/cmm/m/
it/10 ^^R\/cmr/m/n/10 )$
 []


Overfull \hbox (9.44446pt too wide) in paragraph at lines 223--225
\/cmr/m/n/10 ^^Xc~a
 []


Overfull \hbox (4.44444pt too wide) in paragraph at lines 223--225
\/cmr/m/n/10 ^^Xc
 []


Overfull \hbox (5.00002pt too wide) in paragraph at lines 223--225
\/cmr/m/n/10 ^^Sa 
 []


LaTeX Warning: Command \v invalid in math mode on input line 226.


LaTeX Warning: Command \v invalid in math mode on input line 226.

! Please use \mathaccent for accents in math mode.
\add@accent ... \let \ignorespaces \relax \accent 
                                                  #1 #2\egroup \ifmmode \els...
l.226 	L(\theta | \v{x}
                       ) = f(\v{x} | \theta).
I'm changing \accent to \mathaccent here; wish me luck.
(Accents are not the same in formulas as they are in text.)

! Missing { inserted.
<to be read again> 
                   \edef 
l.226 	L(\theta | \v{x}
                       ) = f(\v{x} | \theta).
A left brace was mandatory here, so I've put one in.
You might want to delete and/or insert some corrections
so that I will find a matching right brace soon.
(If you're confused by all this, try typing `I}' now.)


LaTeX Warning: Command \v invalid in math mode on input line 226.

! Please use \mathaccent for accents in math mode.
\add@accent ... \let \ignorespaces \relax \accent 
                                                  #1 #2\egroup \ifmmode \els...
l.226 	L(\theta | \v{x}) = f(\v{x}
                                   | \theta).
I'm changing \accent to \mathaccent here; wish me luck.
(Accents are not the same in formulas as they are in text.)


! LaTeX Error: Bad math environment delimiter.

See the LaTeX manual or LaTeX Companion for explanation.
Type  H <return>  for immediate help.
 ...                                              
                                                  
l.227 	\]
         
Your command was ignored.
Type  I <command> <return>  to replace it with another command,
or  <return>  to continue without it.

! Missing } inserted.
<inserted text> 
                }
l.228 	Qualquer estimador $
                           \hat{\theta} \equiv \hat{\theta}_n(\v{X}) \in \Th...
I've inserted something that you may have forgotten.
(See the <inserted text> above.)
With luck, this will get me unwedged. But if you
really didn't forget anything, try typing `2' now; then
my insertion and my current dilemma will both disappear.

! Display math should end with $$.
<to be read again> 
                   \protect 
l.228 	Qualquer estimador $\hat
                               {\theta} \equiv \hat{\theta}_n(\v{X}) \in \Th...
The `$' that I just saw supposedly matches a previous `$$'.
So I shall assume that you typed `$$' both times.


Overfull \hbox (158.77222pt too wide) detected at line 228
\OML/cmm/m/it/10 L\/cmr/m/n/10 (\OML/cmm/m/it/10 ^^R\OMS/cmsy/m/n/10 j[]
 []

! Missing $ inserted.
<inserted text> 
                $
l.228 	Qualquer estimador $\hat
                               {\theta} \equiv \hat{\theta}_n(\v{X}) \in \Th...
I've inserted a begin-math/end-math symbol since I think
you left one out. Proceed, with fingers crossed.


LaTeX Warning: Command \v invalid in math mode on input line 228.


LaTeX Warning: Command \v invalid in math mode on input line 228.

! Please use \mathaccent for accents in math mode.
\add@accent ... \let \ignorespaces \relax \accent 
                                                  #1 #2\egroup \ifmmode \els...
l.228 ...$\hat{\theta} \equiv \hat{\theta}_n(\v{X}
                                                  ) \in \Theta$ tal que
I'm changing \accent to \mathaccent here; wish me luck.
(Accents are not the same in formulas as they are in text.)

! Missing { inserted.
<to be read again> 
                   \edef 
l.228 ...$\hat{\theta} \equiv \hat{\theta}_n(\v{X}
                                                  ) \in \Theta$ tal que
A left brace was mandatory here, so I've put one in.
You might want to delete and/or insert some corrections
so that I will find a matching right brace soon.
(If you're confused by all this, try typing `I}' now.)

! Missing } inserted.
<inserted text> 
                }
l.228 ... \equiv \hat{\theta}_n(\v{X}) \in \Theta$
                                                   tal que
I've inserted something that you may have forgotten.
(See the <inserted text> above.)
With luck, this will get me unwedged. But if you
really didn't forget anything, try typing `2' now; then
my insertion and my current dilemma will both disappear.

Missing character: There is no t in font nullfont!
Missing character: There is no a in font nullfont!
Missing character: There is no l in font nullfont!
Missing character: There is no q in font nullfont!
Missing character: There is no u in font nullfont!
Missing character: There is no e in font nullfont!

Overfull \hbox (15.52774pt too wide) in paragraph at lines 228--229
$[] \OMS/cmsy/m/n/10 ^^Q
 []


Overfull \hbox (46.98491pt too wide) in paragraph at lines 228--229
[]\/cmr/m/n/10 ([]$
 []


LaTeX Warning: Command \v invalid in math mode on input line 230.


LaTeX Warning: Command \v invalid in math mode on input line 230.

! Please use \mathaccent for accents in math mode.
\add@accent ... \let \ignorespaces \relax \accent 
                                                  #1 #2\egroup \ifmmode \els...
l.230 	L(\hat{\theta} | \v{X}
                             ) = \sup_{\theta \in \Theta} L(\theta | \v{X})
I'm changing \accent to \mathaccent here; wish me luck.
(Accents are not the same in formulas as they are in text.)

! Missing { inserted.
<to be read again> 
                   \edef 
l.230 	L(\hat{\theta} | \v{X}
                             ) = \sup_{\theta \in \Theta} L(\theta | \v{X})
A left brace was mandatory here, so I've put one in.
You might want to delete and/or insert some corrections
so that I will find a matching right brace soon.
(If you're confused by all this, try typing `I}' now.)


LaTeX Warning: Command \v invalid in math mode on input line 230.

! Please use \mathaccent for accents in math mode.
\add@accent ... \let \ignorespaces \relax \accent 
                                                  #1 #2\egroup \ifmmode \els...
l.230 ...\sup_{\theta \in \Theta} L(\theta | \v{X}
                                                  )
I'm changing \accent to \mathaccent here; wish me luck.
(Accents are not the same in formulas as they are in text.)


! LaTeX Error: Bad math environment delimiter.

See the LaTeX manual or LaTeX Companion for explanation.
Type  H <return>  for immediate help.
 ...                                              
                                                  
l.231 	\]
         
Your command was ignored.
Type  I <command> <return>  to replace it with another command,
or  <return>  to continue without it.


LaTeX Warning: Command \' invalid in math mode on input line 232.

! Please use \mathaccent for accents in math mode.
\add@accent ... \let \ignorespaces \relax \accent 
                                                  #1 #2\egroup \ifmmode \els...
l.232 	é
          chamado estimador de máxima verossimilhança (EMV) de $\theta$.
I'm changing \accent to \mathaccent here; wish me luck.
(Accents are not the same in formulas as they are in text.)


LaTeX Warning: Command \' invalid in math mode on input line 232.

! Please use \mathaccent for accents in math mode.
\add@accent ... \let \ignorespaces \relax \accent 
                                                  #1 #2\egroup \ifmmode \els...
l.232 	é chamado estimador de má
                                  xima verossimilhança (EMV) de $\theta$.
I'm changing \accent to \mathaccent here; wish me luck.
(Accents are not the same in formulas as they are in text.)


LaTeX Warning: Command \c invalid in math mode on input line 232.

! Please use \mathaccent for accents in math mode.
<recently read> \accent 
                        
l.232 ...mado estimador de máxima verossimilhanç
                                                  a (EMV) de $\theta$.
I'm changing \accent to \mathaccent here; wish me luck.
(Accents are not the same in formulas as they are in text.)

! Missing } inserted.
<inserted text> 
                }
l.232 ...or de máxima verossimilhança (EMV) de $
                                                  \theta$.
I've inserted something that you may have forgotten.
(See the <inserted text> above.)
With luck, this will get me unwedged. But if you
really didn't forget anything, try typing `2' now; then
my insertion and my current dilemma will both disappear.

! Display math should end with $$.
<to be read again> 
                   \theta 
l.232 ...máxima verossimilhança (EMV) de $\theta
                                                  $.
The `$' that I just saw supposedly matches a previous `$$'.
So I shall assume that you typed `$$' both times.


Overfull \hbox (348.80063pt too wide) detected at line 232
\OML/cmm/m/it/10 L\/cmr/m/n/10 ([]\OMS/cmsy/m/n/10 j[]
 []

! Missing $ inserted.
<inserted text> 
                $
l.232 ...máxima verossimilhança (EMV) de $\theta
                                                  $.
I've inserted a begin-math/end-math symbol since I think
you left one out. Proceed, with fingers crossed.

Missing character: There is no . in font nullfont!

! LaTeX Error: \begin{document} ended by \end{definition}.

See the LaTeX manual or LaTeX Companion for explanation.
Type  H <return>  for immediate help.
 ...                                              
                                                  
l.233 \end{definition}
                      
Your command was ignored.
Type  I <command> <return>  to replace it with another command,
or  <return>  to continue without it.


Overfull \hbox (4.97223pt too wide) in paragraph at lines 232--234
$\OML/cmm/m/it/10 ^^R$
 []


! LaTeX Error: Environment theorem undefined.

See the LaTeX manual or LaTeX Companion for explanation.
Type  H <return>  for immediate help.
 ...                                              
                                                  
l.235 \begin{theorem}
                     [Pontos críticos]
Your command was ignored.
Type  I <command> <return>  to replace it with another command,
or  <return>  to continue without it.


! LaTeX Error: Missing \begin{document}.

See the LaTeX manual or LaTeX Companion for explanation.
Type  H <return>  for immediate help.
 ...                                              
                                                  
l.235 \begin{theorem}[
                      Pontos críticos]
You're in trouble here.  Try typing  <return>  to proceed.
If that doesn't work, type  X <return>  to quit.

Missing character: There is no [ in font nullfont!
Missing character: There is no P in font nullfont!
Missing character: There is no o in font nullfont!
Missing character: There is no n in font nullfont!
Missing character: There is no t in font nullfont!
Missing character: There is no o in font nullfont!
Missing character: There is no s in font nullfont!
Missing character: There is no c in font nullfont!
Missing character: There is no r in font nullfont!
Missing character: There is no t in font nullfont!
Missing character: There is no i in font nullfont!
Missing character: There is no c in font nullfont!
Missing character: There is no o in font nullfont!
Missing character: There is no s in font nullfont!
Missing character: There is no ] in font nullfont!
Missing character: There is no S in font nullfont!
Missing character: There is no e in font nullfont!
Missing character: There is no j in font nullfont!
Missing character: There is no a in font nullfont!
Missing character: There is no u in font nullfont!
Missing character: There is no m in font nullfont!
Missing character: There is no a in font nullfont!
Missing character: There is no f in font nullfont!
Missing character: There is no u in font nullfont!
Missing character: There is no n in font nullfont!
Missing character: There is no o in font nullfont!
Missing character: There is no c in font nullfont!
Missing character: There is no o in font nullfont!
Missing character: There is no n in font nullfont!
Missing character: There is no t in font nullfont!
Missing character: There is no n in font nullfont!
Missing character: There is no u in font nullfont!
Missing character: There is no a in font nullfont!
Missing character: There is no e in font nullfont!
Missing character: There is no d in font nullfont!
Missing character: There is no u in font nullfont!
Missing character: There is no p in font nullfont!
Missing character: There is no l in font nullfont!
Missing character: There is no a in font nullfont!
Missing character: There is no m in font nullfont!
Missing character: There is no e in font nullfont!
Missing character: There is no n in font nullfont!
Missing character: There is no t in font nullfont!
Missing character: There is no e in font nullfont!
Missing character: There is no d in font nullfont!
Missing character: There is no i in font nullfont!
Missing character: There is no f in font nullfont!
Missing character: There is no e in font nullfont!
Missing character: There is no r in font nullfont!
Missing character: There is no e in font nullfont!
Missing character: There is no n in font nullfont!
Missing character: There is no c in font nullfont!
Missing character: There is no i in font nullfont!
Missing character: There is no v in font nullfont!
Missing character: There is no e in font nullfont!
Missing character: There is no l in font nullfont!
Missing character: There is no e in font nullfont!
Missing character: There is no m in font nullfont!
Missing character: There is no a in font nullfont!
Missing character: There is no l in font nullfont!
Missing character: There is no g in font nullfont!
Missing character: There is no u in font nullfont!
Missing character: There is no m in font nullfont!
Missing character: There is no i in font nullfont!
Missing character: There is no n in font nullfont!
Missing character: There is no t in font nullfont!
Missing character: There is no e in font nullfont!
Missing character: There is no r in font nullfont!
Missing character: There is no v in font nullfont!
Missing character: There is no a in font nullfont!
Missing character: There is no l in font nullfont!
Missing character: There is no o in font nullfont!
Missing character: There is no a in font nullfont!
Missing character: There is no b in font nullfont!
Missing character: There is no e in font nullfont!
Missing character: There is no r in font nullfont!
Missing character: There is no t in font nullfont!
Missing character: There is no o in font nullfont!
Missing character: There is no q in font nullfont!
Missing character: There is no u in font nullfont!
Missing character: There is no e in font nullfont!
Missing character: There is no c in font nullfont!
Missing character: There is no o in font nullfont!
Missing character: There is no n in font nullfont!
Missing character: There is no t in font nullfont!
Missing character: There is no m in font nullfont!
Missing character: There is no . in font nullfont!
Missing character: There is no S in font nullfont!
Missing character: There is no e in font nullfont!
Missing character: There is no , in font nullfont!
Missing character: There is no e in font nullfont!
Missing character: There is no n in font nullfont!
Missing character: There is no t in font nullfont!
Missing character: There is no o in font nullfont!
Missing character: There is no t in font nullfont!
Missing character: There is no e in font nullfont!
Missing character: There is no m in font nullfont!
Missing character: There is no u in font nullfont!
Missing character: There is no m in font nullfont!
Missing character: There is no m in font nullfont!
Missing character: There is no x in font nullfont!
Missing character: There is no i in font nullfont!
Missing character: There is no m in font nullfont!
Missing character: There is no o in font nullfont!
Missing character: There is no ( in font nullfont!
Missing character: There is no m in font nullfont!
Missing character: There is no n in font nullfont!
Missing character: There is no i in font nullfont!
Missing character: There is no m in font nullfont!
Missing character: There is no o in font nullfont!
Missing character: There is no ) in font nullfont!
Missing character: There is no r in font nullfont!
Missing character: There is no e in font nullfont!
Missing character: There is no l in font nullfont!
Missing character: There is no a in font nullfont!
Missing character: There is no t in font nullfont!
Missing character: There is no i in font nullfont!
Missing character: There is no v in font nullfont!
Missing character: There is no o in font nullfont!
Missing character: There is no e in font nullfont!
Missing character: There is no m in font nullfont!
Missing character: There is no , in font nullfont!
Missing character: There is no d in font nullfont!
Missing character: There is no e in font nullfont!
Missing character: There is no s in font nullfont!
Missing character: There is no d in font nullfont!
Missing character: There is no e in font nullfont!
Missing character: There is no q in font nullfont!
Missing character: There is no u in font nullfont!
Missing character: There is no e in font nullfont!
Missing character: There is no ( in font nullfont!
Missing character: There is no ) in font nullfont!
Missing character: There is no . in font nullfont!
Missing character: There is no A in font nullfont!
Missing character: There is no d in font nullfont!
Missing character: There is no e in font nullfont!
Missing character: There is no m in font nullfont!
Missing character: There is no a in font nullfont!
Missing character: There is no i in font nullfont!
Missing character: There is no s in font nullfont!
Missing character: There is no , in font nullfont!
Missing character: There is no o in font nullfont!
Missing character: There is no c in font nullfont!
Missing character: There is no o in font nullfont!
Missing character: There is no n in font nullfont!
Missing character: There is no j in font nullfont!
Missing character: There is no u in font nullfont!
Missing character: There is no n in font nullfont!
Missing character: There is no t in font nullfont!
Missing character: There is no o in font nullfont!
Missing character: There is no c in font nullfont!
Missing character: There is no h in font nullfont!
Missing character: There is no a in font nullfont!
Missing character: There is no m in font nullfont!
Missing character: There is no a in font nullfont!
Missing character: There is no d in font nullfont!
Missing character: There is no o in font nullfont!
Missing character: There is no d in font nullfont!
Missing character: There is no e in font nullfont!
Missing character: There is no c in font nullfont!
Missing character: There is no o in font nullfont!
Missing character: There is no n in font nullfont!
Missing character: There is no j in font nullfont!
Missing character: There is no u in font nullfont!
Missing character: There is no n in font nullfont!
Missing character: There is no t in font nullfont!
Missing character: There is no o in font nullfont!
Missing character: There is no d in font nullfont!
Missing character: There is no o in font nullfont!
Missing character: There is no s in font nullfont!
Missing character: There is no p in font nullfont!
Missing character: There is no o in font nullfont!
Missing character: There is no n in font nullfont!
Missing character: There is no t in font nullfont!
Missing character: There is no o in font nullfont!
Missing character: There is no s in font nullfont!
Missing character: There is no c in font nullfont!
Missing character: There is no r in font nullfont!
Missing character: There is no t in font nullfont!
Missing character: There is no i in font nullfont!
Missing character: There is no c in font nullfont!
Missing character: There is no o in font nullfont!
Missing character: There is no s in font nullfont!
Missing character: There is no d in font nullfont!
Missing character: There is no e in font nullfont!
Missing character: There is no . in font nullfont!
Missing character: There is no O in font nullfont!
Missing character: There is no s in font nullfont!
Missing character: There is no n in font nullfont!
Missing character: There is no i in font nullfont!
Missing character: There is no c in font nullfont!
Missing character: There is no o in font nullfont!
Missing character: There is no s in font nullfont!
Missing character: There is no m in font nullfont!
Missing character: There is no x in font nullfont!
Missing character: There is no i in font nullfont!
Missing character: There is no m in font nullfont!
Missing character: There is no o in font nullfont!
Missing character: There is no s in font nullfont!
Missing character: There is no ( in font nullfont!
Missing character: There is no m in font nullfont!
Missing character: There is no n in font nullfont!
Missing character: There is no i in font nullfont!
Missing character: There is no m in font nullfont!
Missing character: There is no o in font nullfont!
Missing character: There is no s in font nullfont!
Missing character: There is no ) in font nullfont!
Missing character: There is no p in font nullfont!
Missing character: There is no o in font nullfont!
Missing character: There is no s in font nullfont!
Missing character: There is no s in font nullfont!
Missing character: There is no v in font nullfont!
Missing character: There is no e in font nullfont!
Missing character: There is no i in font nullfont!
Missing character: There is no s in font nullfont!
Missing character: There is no d in font nullfont!
Missing character: There is no e in font nullfont!
Missing character: There is no p in font nullfont!
Missing character: There is no a in font nullfont!
Missing character: There is no r in font nullfont!
Missing character: There is no a in font nullfont!
Missing character: There is no e in font nullfont!
Missing character: There is no s in font nullfont!
Missing character: There is no t in font nullfont!
Missing character: There is no o in font nullfont!
Missing character: There is no n in font nullfont!
Missing character: There is no o in font nullfont!
Missing character: There is no s in font nullfont!
Missing character: There is no p in font nullfont!
Missing character: There is no o in font nullfont!
Missing character: There is no n in font nullfont!
Missing character: There is no t in font nullfont!
Missing character: There is no o in font nullfont!
Missing character: There is no s in font nullfont!
Missing character: There is no c in font nullfont!
Missing character: There is no r in font nullfont!
Missing character: There is no t in font nullfont!
Missing character: There is no i in font nullfont!
Missing character: There is no c in font nullfont!
Missing character: There is no o in font nullfont!
Missing character: There is no s in font nullfont!
Missing character: There is no e in font nullfont!
Missing character: There is no n in font nullfont!
Missing character: There is no t in font nullfont!
Missing character: There is no r in font nullfont!
Missing character: There is no e in font nullfont!
Missing character: There is no e in font nullfont!
Missing character: There is no , in font nullfont!
Missing character: There is no b in font nullfont!
Missing character: There is no e in font nullfont!
Missing character: There is no m in font nullfont!
Missing character: There is no c in font nullfont!
Missing character: There is no o in font nullfont!
Missing character: There is no m in font nullfont!
Missing character: There is no o in font nullfont!
Missing character: There is no e in font nullfont!
Missing character: There is no m in font nullfont!
Missing character: There is no e in font nullfont!
Missing character: There is no e in font nullfont!
Missing character: There is no m in font nullfont!
Missing character: There is no . in font nullfont!

! LaTeX Error: \begin{document} ended by \end{theorem}.

See the LaTeX manual or LaTeX Companion for explanation.
Type  H <return>  for immediate help.
 ...                                              
                                                  
l.237 \end{theorem}
                   
Your command was ignored.
Type  I <command> <return>  to replace it with another command,
or  <return>  to continue without it.


Overfull \hbox (20.0pt too wide) in paragraph at lines 235--238
[]
 []


Overfull \hbox (2.77779pt too wide) in paragraph at lines 235--238
\/cmr/m/n/10 ^^S^^P
 []


Overfull \hbox (18.62154pt too wide) in paragraph at lines 235--238
\OML/cmm/m/it/10 g\/cmr/m/n/10 (\OML/cmm/m/it/10 x\/cmr/m/n/10 )$
 []


Overfull \hbox (9.44446pt too wide) in paragraph at lines 235--238
\/cmr/m/n/10 ^^Xc~a
 []


Overfull \hbox (2.77779pt too wide) in paragraph at lines 235--238
\/cmr/m/n/10 ^^S^^P
 []


Overfull \hbox (5.00002pt too wide) in paragraph at lines 235--238
\/cmr/m/n/10 ^^Sa
 []


Overfull \hbox (5.18054pt too wide) in paragraph at lines 235--238
\OML/cmm/m/it/10 I$
 []


Overfull \hbox (4.44444pt too wide) in paragraph at lines 235--238
\/cmr/m/n/10 ^^Se
 []


Overfull \hbox (5.28589pt too wide) in paragraph at lines 235--238
\OML/cmm/m/it/10 a$
 []


Overfull \hbox (31.55322pt too wide) in paragraph at lines 235--238
\OML/cmm/m/it/10 g[]\/cmr/m/n/10 (\OML/cmm/m/it/10 a\/cmr/m/n/10 ) =
 []


Overfull \hbox (5.00002pt too wide) in paragraph at lines 235--238
\/cmr/m/n/10 0$
 []


Overfull \hbox (5.00002pt too wide) in paragraph at lines 235--238
\/cmr/m/n/10 ~a
 []


Overfull \hbox (18.62154pt too wide) in paragraph at lines 235--238
\OML/cmm/m/it/10 g\/cmr/m/n/10 (\OML/cmm/m/it/10 x\/cmr/m/n/10 )$
 []


Overfull \hbox (5.00002pt too wide) in paragraph at lines 235--238
\/cmr/m/n/10 ^^Sa
 []


Overfull \hbox (2.77779pt too wide) in paragraph at lines 235--238
\/cmr/m/n/10 ^^S^^P
 []


Overfull \hbox (16.27078pt too wide) in paragraph at lines 235--238
\OML/cmm/m/it/10 x \/cmr/m/n/10 =
 []


Overfull \hbox (5.28589pt too wide) in paragraph at lines 235--238
\OML/cmm/m/it/10 a$
 []


Overfull \hbox (33.85878pt too wide) in paragraph at lines 235--238
\OML/cmm/m/it/10 g[]\/cmr/m/n/10 (\OML/cmm/m/it/10 a\/cmr/m/n/10 ) \OML/cmm/m/i
t/10 <
 []


Overfull \hbox (5.00002pt too wide) in paragraph at lines 235--238
\/cmr/m/n/10 0$
 []


Overfull \hbox (33.85878pt too wide) in paragraph at lines 235--238
\OML/cmm/m/it/10 g[]\/cmr/m/n/10 (\OML/cmm/m/it/10 a\/cmr/m/n/10 ) \OML/cmm/m/i
t/10 >
 []


Overfull \hbox (5.00002pt too wide) in paragraph at lines 235--238
\/cmr/m/n/10 0$
 []


Overfull \hbox (19.7303pt too wide) in paragraph at lines 235--238
\OMS/cmsy/m/n/10 f\OML/cmm/m/it/10 a \OMS/cmsy/m/n/10 2
 []


Overfull \hbox (10.73604pt too wide) in paragraph at lines 235--238
\OML/cmm/m/it/10 I \OMS/cmsy/m/n/10 j
 []


Overfull \hbox (31.55322pt too wide) in paragraph at lines 235--238
\OML/cmm/m/it/10 g[]\/cmr/m/n/10 (\OML/cmm/m/it/10 a\/cmr/m/n/10 ) =
 []


Overfull \hbox (10.00003pt too wide) in paragraph at lines 235--238
\/cmr/m/n/10 0\OMS/cmsy/m/n/10 g$
 []


Overfull \hbox (4.44444pt too wide) in paragraph at lines 235--238
\/cmr/m/n/10 ^^Se
 []


Overfull \hbox (2.77779pt too wide) in paragraph at lines 235--238
\/cmr/m/n/10 ^^S^^P
 []


Overfull \hbox (18.62154pt too wide) in paragraph at lines 235--238
\OML/cmm/m/it/10 g\/cmr/m/n/10 (\OML/cmm/m/it/10 x\/cmr/m/n/10 )$
 []


Overfull \hbox (5.55557pt too wide) in paragraph at lines 235--238
\/cmr/m/n/10 ^^Su
 []


Overfull \hbox (5.00002pt too wide) in paragraph at lines 235--238
\/cmr/m/n/10 ^^Sa
 []


Overfull \hbox (2.77779pt too wide) in paragraph at lines 235--238
\/cmr/m/n/10 ^^S^^P
 []


Overfull \hbox (2.77779pt too wide) in paragraph at lines 235--238
\/cmr/m/n/10 ^^S^^P
 []


Overfull \hbox (18.62154pt too wide) in paragraph at lines 235--238
\OML/cmm/m/it/10 g\/cmr/m/n/10 (\OML/cmm/m/it/10 x\/cmr/m/n/10 )$
 []


Overfull \hbox (14.88307pt too wide) in paragraph at lines 235--238
\OML/cmm/m/it/10 c \OMS/cmsy/m/n/10 ^^T
 []


Overfull \hbox (16.27078pt too wide) in paragraph at lines 235--238
\OML/cmm/m/it/10 x \OMS/cmsy/m/n/10 ^^T
 []


Overfull \hbox (5.20486pt too wide) in paragraph at lines 235--238
\OML/cmm/m/it/10 d$
 []


Overfull \hbox (5.00002pt too wide) in paragraph at lines 235--238
\/cmr/m/n/10 ~a
 []


Overfull \hbox (2.77779pt too wide) in paragraph at lines 235--238
\/cmr/m/n/10 ^^S^^P
 []


Overfull \hbox (4.32756pt too wide) in paragraph at lines 235--238
\OML/cmm/m/it/10 c$
 []


Overfull \hbox (5.20486pt too wide) in paragraph at lines 235--238
\OML/cmm/m/it/10 d$
 []


Overfull \hbox (4.32756pt too wide) in paragraph at lines 235--238
\OML/cmm/m/it/10 c$
 []


Overfull \hbox (5.20486pt too wide) in paragraph at lines 235--238
\OML/cmm/m/it/10 d$
 []


! LaTeX Error: Environment theorem undefined.

See the LaTeX manual or LaTeX Companion for explanation.
Type  H <return>  for immediate help.
 ...                                              
                                                  
l.239 \begin{theorem}
                     [Propriedade da invariância]
Your command was ignored.
Type  I <command> <return>  to replace it with another command,
or  <return>  to continue without it.


! LaTeX Error: Missing \begin{document}.

See the LaTeX manual or LaTeX Companion for explanation.
Type  H <return>  for immediate help.
 ...                                              
                                                  
l.239 \begin{theorem}[
                      Propriedade da invariância]
You're in trouble here.  Try typing  <return>  to proceed.
If that doesn't work, type  X <return>  to quit.

Missing character: There is no [ in font nullfont!
Missing character: There is no P in font nullfont!
Missing character: There is no r in font nullfont!
Missing character: There is no o in font nullfont!
Missing character: There is no p in font nullfont!
Missing character: There is no r in font nullfont!
Missing character: There is no i in font nullfont!
Missing character: There is no e in font nullfont!
Missing character: There is no d in font nullfont!
Missing character: There is no a in font nullfont!
Missing character: There is no d in font nullfont!
Missing character: There is no e in font nullfont!
Missing character: There is no d in font nullfont!
Missing character: There is no a in font nullfont!
Missing character: There is no i in font nullfont!
Missing character: There is no n in font nullfont!
Missing character: There is no v in font nullfont!
Missing character: There is no a in font nullfont!
Missing character: There is no r in font nullfont!
Missing character: There is no i in font nullfont!
Missing character: There is no n in font nullfont!
Missing character: There is no c in font nullfont!
Missing character: There is no i in font nullfont!
Missing character: There is no a in font nullfont!
Missing character: There is no ] in font nullfont!
Missing character: There is no S in font nullfont!
Missing character: There is no e in font nullfont!
Missing character: There is no j in font nullfont!
Missing character: There is no a in font nullfont!
Missing character: There is no o in font nullfont!
Missing character: There is no E in font nullfont!
Missing character: There is no M in font nullfont!
Missing character: There is no V in font nullfont!
Missing character: There is no d in font nullfont!
Missing character: There is no e in font nullfont!
Missing character: There is no . in font nullfont!
Missing character: There is no E in font nullfont!
Missing character: There is no n in font nullfont!
Missing character: There is no t in font nullfont!
Missing character: There is no o in font nullfont!
Missing character: There is no , in font nullfont!
Missing character: There is no p in font nullfont!
Missing character: There is no a in font nullfont!
Missing character: There is no r in font nullfont!
Missing character: There is no a in font nullfont!
Missing character: There is no q in font nullfont!
Missing character: There is no u in font nullfont!
Missing character: There is no a in font nullfont!
Missing character: There is no l in font nullfont!
Missing character: There is no q in font nullfont!
Missing character: There is no u in font nullfont!
Missing character: There is no e in font nullfont!
Missing character: There is no r in font nullfont!
Missing character: There is no e in font nullfont!
Missing character: There is no s in font nullfont!
Missing character: There is no t in font nullfont!
Missing character: There is no i in font nullfont!
Missing character: There is no m in font nullfont!
Missing character: There is no a in font nullfont!
Missing character: There is no n in font nullfont!
Missing character: There is no d in font nullfont!
Missing character: There is no o in font nullfont!
Missing character: There is no , in font nullfont!
Missing character: There is no s in font nullfont!
Missing character: There is no e in font nullfont!
Missing character: There is no u in font nullfont!
Missing character: There is no E in font nullfont!
Missing character: There is no M in font nullfont!
Missing character: There is no V in font nullfont!
Missing character: There is no s in font nullfont!
Missing character: There is no e in font nullfont!
Missing character: There is no r in font nullfont!
Missing character: There is no . in font nullfont!

! LaTeX Error: \begin{document} ended by \end{theorem}.

See the LaTeX manual or LaTeX Companion for explanation.
Type  H <return>  for immediate help.
 ...                                              
                                                  
l.241 \end{theorem}
                   
Your command was ignored.
Type  I <command> <return>  to replace it with another command,
or  <return>  to continue without it.


Overfull \hbox (20.0pt too wide) in paragraph at lines 239--242
[]
 []


Overfull \hbox (5.00002pt too wide) in paragraph at lines 239--242
\/cmr/m/n/10 ^a
 []


Overfull \hbox (4.97223pt too wide) in paragraph at lines 239--242
[]$
 []


Overfull \hbox (4.97223pt too wide) in paragraph at lines 239--242
\OML/cmm/m/it/10 ^^R$
 []


Overfull \hbox (5.00002pt too wide) in paragraph at lines 239--242
\/cmr/m/n/10 ~a
 []


Overfull \hbox (18.25351pt too wide) in paragraph at lines 239--242
\OML/cmm/m/it/10 ^^\\/cmr/m/n/10 (\OML/cmm/m/it/10 ^^R\/cmr/m/n/10 )$
 []


Overfull \hbox (5.00002pt too wide) in paragraph at lines 239--242
\/cmr/m/n/10 ^^Sa
 []


Overfull \hbox (18.25351pt too wide) in paragraph at lines 239--242
\OML/cmm/m/it/10 ^^\\/cmr/m/n/10 ([])$
 []


! LaTeX Error: Environment theorem undefined.

See the LaTeX manual or LaTeX Companion for explanation.
Type  H <return>  for immediate help.
 ...                                              
                                                  
l.243 \begin{theorem}
                     [Relação EMV e Suficiência]
Your command was ignored.
Type  I <command> <return>  to replace it with another command,
or  <return>  to continue without it.


! LaTeX Error: Missing \begin{document}.

See the LaTeX manual or LaTeX Companion for explanation.
Type  H <return>  for immediate help.
 ...                                              
                                                  
l.243 \begin{theorem}[
                      Relação EMV e Suficiência]
You're in trouble here.  Try typing  <return>  to proceed.
If that doesn't work, type  X <return>  to quit.

Missing character: There is no [ in font nullfont!
Missing character: There is no R in font nullfont!
Missing character: There is no e in font nullfont!
Missing character: There is no l in font nullfont!
Missing character: There is no a in font nullfont!
Missing character: There is no o in font nullfont!
Missing character: There is no E in font nullfont!
Missing character: There is no M in font nullfont!
Missing character: There is no V in font nullfont!
Missing character: There is no e in font nullfont!
Missing character: There is no S in font nullfont!
Missing character: There is no u in font nullfont!
Missing character: There is no f in font nullfont!
Missing character: There is no i in font nullfont!
Missing character: There is no c in font nullfont!
Missing character: There is no i in font nullfont!
Missing character: There is no n in font nullfont!
Missing character: There is no c in font nullfont!
Missing character: There is no i in font nullfont!
Missing character: There is no a in font nullfont!
Missing character: There is no ] in font nullfont!
Missing character: There is no S in font nullfont!
Missing character: There is no e in font nullfont!
Missing character: There is no j in font nullfont!
Missing character: There is no a in font nullfont!

LaTeX Warning: Command \v invalid in math mode on input line 244.


LaTeX Warning: Command \v invalid in math mode on input line 244.

! Please use \mathaccent for accents in math mode.
\add@accent ... \let \ignorespaces \relax \accent 
                                                  #1 #2\egroup \ifmmode \els...
l.244 	Seja $L(\theta | \v{x}
                             )$ a função de verossimilhança da amostra $X...
I'm changing \accent to \mathaccent here; wish me luck.
(Accents are not the same in formulas as they are in text.)

! Missing { inserted.
<to be read again> 
                   \edef 
l.244 	Seja $L(\theta | \v{x}
                             )$ a função de verossimilhança da amostra $X...
A left brace was mandatory here, so I've put one in.
You might want to delete and/or insert some corrections
so that I will find a matching right brace soon.
(If you're confused by all this, try typing `I}' now.)

! Missing } inserted.
<inserted text> 
                }
l.244 	Seja $L(\theta | \v{x})$
                                a função de verossimilhança da amostra $X...
I've inserted something that you may have forgotten.
(See the <inserted text> above.)
With luck, this will get me unwedged. But if you
really didn't forget anything, try typing `2' now; then
my insertion and my current dilemma will both disappear.

Missing character: There is no a in font nullfont!
Missing character: There is no f in font nullfont!
Missing character: There is no u in font nullfont!
Missing character: There is no n in font nullfont!
Missing character: There is no o in font nullfont!
Missing character: There is no d in font nullfont!
Missing character: There is no e in font nullfont!
Missing character: There is no v in font nullfont!
Missing character: There is no e in font nullfont!
Missing character: There is no r in font nullfont!
Missing character: There is no o in font nullfont!
Missing character: There is no s in font nullfont!
Missing character: There is no s in font nullfont!
Missing character: There is no i in font nullfont!
Missing character: There is no m in font nullfont!
Missing character: There is no i in font nullfont!
Missing character: There is no l in font nullfont!
Missing character: There is no h in font nullfont!
Missing character: There is no a in font nullfont!
Missing character: There is no n in font nullfont!
Missing character: There is no a in font nullfont!
Missing character: There is no d in font nullfont!
Missing character: There is no a in font nullfont!
Missing character: There is no a in font nullfont!
Missing character: There is no m in font nullfont!
Missing character: There is no o in font nullfont!
Missing character: There is no s in font nullfont!
Missing character: There is no t in font nullfont!
Missing character: There is no r in font nullfont!
Missing character: There is no a in font nullfont!
Missing character: There is no , in font nullfont!
Missing character: There is no e in font nullfont!
Missing character: There is no s in font nullfont!
Missing character: There is no e in font nullfont!
Missing character: There is no j in font nullfont!
Missing character: There is no a in font nullfont!

LaTeX Warning: Command \v invalid in math mode on input line 244.


LaTeX Warning: Command \v invalid in math mode on input line 244.

! Please use \mathaccent for accents in math mode.
\add@accent ... \let \ignorespaces \relax \accent 
                                                  #1 #2\egroup \ifmmode \els...
l.244 ...1, X_2, \ldots, X_n$, e seja $T = T(\v{X}
                                                  )$ uma estatística sufici...
I'm changing \accent to \mathaccent here; wish me luck.
(Accents are not the same in formulas as they are in text.)

! Missing { inserted.
<to be read again> 
                   \edef 
l.244 ...1, X_2, \ldots, X_n$, e seja $T = T(\v{X}
                                                  )$ uma estatística sufici...
A left brace was mandatory here, so I've put one in.
You might want to delete and/or insert some corrections
so that I will find a matching right brace soon.
(If you're confused by all this, try typing `I}' now.)

! Missing } inserted.
<inserted text> 
                }
l.244 ... X_2, \ldots, X_n$, e seja $T = T(\v{X})$
                                                   uma estatística suficien...
I've inserted something that you may have forgotten.
(See the <inserted text> above.)
With luck, this will get me unwedged. But if you
really didn't forget anything, try typing `2' now; then
my insertion and my current dilemma will both disappear.

Missing character: There is no u in font nullfont!
Missing character: There is no m in font nullfont!
Missing character: There is no a in font nullfont!
Missing character: There is no e in font nullfont!
Missing character: There is no s in font nullfont!
Missing character: There is no t in font nullfont!
Missing character: There is no a in font nullfont!
Missing character: There is no t in font nullfont!
Missing character: There is no s in font nullfont!
Missing character: There is no t in font nullfont!
Missing character: There is no i in font nullfont!
Missing character: There is no c in font nullfont!
Missing character: There is no a in font nullfont!
Missing character: There is no s in font nullfont!
Missing character: There is no u in font nullfont!
Missing character: There is no f in font nullfont!
Missing character: There is no i in font nullfont!
Missing character: There is no c in font nullfont!
Missing character: There is no i in font nullfont!
Missing character: There is no e in font nullfont!
Missing character: There is no n in font nullfont!
Missing character: There is no t in font nullfont!
Missing character: There is no e in font nullfont!
Missing character: There is no p in font nullfont!
Missing character: There is no a in font nullfont!
Missing character: There is no r in font nullfont!
Missing character: There is no a in font nullfont!
Missing character: There is no . in font nullfont!
Missing character: There is no O in font nullfont!
Missing character: There is no E in font nullfont!
Missing character: There is no M in font nullfont!
Missing character: There is no V in font nullfont!
Missing character: There is no d in font nullfont!
Missing character: There is no e in font nullfont!
Missing character: There is no , in font nullfont!
Missing character: There is no s in font nullfont!
Missing character: There is no e in font nullfont!
Missing character: There is no e in font nullfont!
Missing character: There is no x in font nullfont!
Missing character: There is no i in font nullfont!
Missing character: There is no s in font nullfont!
Missing character: There is no t in font nullfont!
Missing character: There is no i in font nullfont!
Missing character: There is no r in font nullfont!
Missing character: There is no , in font nullfont!
Missing character: There is no s in font nullfont!
Missing character: There is no e in font nullfont!
Missing character: There is no r in font nullfont!
Missing character: There is no f in font nullfont!
Missing character: There is no u in font nullfont!
Missing character: There is no n in font nullfont!
Missing character: There is no o in font nullfont!
Missing character: There is no d in font nullfont!
Missing character: There is no e in font nullfont!
Missing character: There is no . in font nullfont!

! LaTeX Error: \begin{document} ended by \end{theorem}.

See the LaTeX manual or LaTeX Companion for explanation.
Type  H <return>  for immediate help.
 ...                                              
                                                  
l.245 \end{theorem}
                   
Your command was ignored.
Type  I <command> <return>  to replace it with another command,
or  <return>  to continue without it.


Overfull \hbox (29.44446pt too wide) in paragraph at lines 243--246
[]\/cmr/m/n/10 ^^Xc~a
 []


Overfull \hbox (4.44444pt too wide) in paragraph at lines 243--246
\/cmr/m/n/10 ^e
 []


Overfull \hbox (28.04866pt too wide) in paragraph at lines 243--246
\OML/cmm/m/it/10 L\/cmr/m/n/10 (\OML/cmm/m/it/10 ^^R\OMS/cmsy/m/n/10 j[]$
 []


Overfull \hbox (9.44446pt too wide) in paragraph at lines 243--246
\/cmr/m/n/10 ^^Xc~a
 []


Overfull \hbox (4.44444pt too wide) in paragraph at lines 243--246
\/cmr/m/n/10 ^^Xc
 []


Overfull \hbox (65.93625pt too wide) in paragraph at lines 243--246
\OML/cmm/m/it/10 X[]; X[]; [] ; X[]$
 []


Overfull \hbox (17.78816pt too wide) in paragraph at lines 243--246
\OML/cmm/m/it/10 T \/cmr/m/n/10 =
 []


Overfull \hbox (24.07988pt too wide) in paragraph at lines 243--246
\OML/cmm/m/it/10 T\/cmr/m/n/10 ([]$
 []


Overfull \hbox (2.77779pt too wide) in paragraph at lines 243--246
\/cmr/m/n/10 ^^S^^P
 []


Overfull \hbox (4.97223pt too wide) in paragraph at lines 243--246
\OML/cmm/m/it/10 ^^R$
 []


Overfull \hbox (4.97223pt too wide) in paragraph at lines 243--246
\OML/cmm/m/it/10 ^^R$
 []


Overfull \hbox (5.00002pt too wide) in paragraph at lines 243--246
\/cmr/m/n/10 ^^Sa
 []


Overfull \hbox (9.44446pt too wide) in paragraph at lines 243--246
\/cmr/m/n/10 ^^Xc~a
 []


Overfull \hbox (7.23265pt too wide) in paragraph at lines 243--246
\OML/cmm/m/it/10 T$
 []


! LaTeX Error: Environment theorem undefined.

See the LaTeX manual or LaTeX Companion for explanation.
Type  H <return>  for immediate help.
 ...                                              
                                                  
l.247 \begin{theorem}
                     [EMV na família exponencial]
Your command was ignored.
Type  I <command> <return>  to replace it with another command,
or  <return>  to continue without it.


! LaTeX Error: Missing \begin{document}.

See the LaTeX manual or LaTeX Companion for explanation.
Type  H <return>  for immediate help.
 ...                                              
                                                  
l.247 \begin{theorem}[
                      EMV na família exponencial]
You're in trouble here.  Try typing  <return>  to proceed.
If that doesn't work, type  X <return>  to quit.

Missing character: There is no [ in font nullfont!
Missing character: There is no E in font nullfont!
Missing character: There is no M in font nullfont!
Missing character: There is no V in font nullfont!
Missing character: There is no n in font nullfont!
Missing character: There is no a in font nullfont!
Missing character: There is no f in font nullfont!
Missing character: There is no a in font nullfont!
Missing character: There is no m in font nullfont!
Missing character: There is no l in font nullfont!
Missing character: There is no i in font nullfont!
Missing character: There is no a in font nullfont!
Missing character: There is no e in font nullfont!
Missing character: There is no x in font nullfont!
Missing character: There is no p in font nullfont!
Missing character: There is no o in font nullfont!
Missing character: There is no n in font nullfont!
Missing character: There is no e in font nullfont!
Missing character: There is no n in font nullfont!
Missing character: There is no c in font nullfont!
Missing character: There is no i in font nullfont!
Missing character: There is no a in font nullfont!
Missing character: There is no l in font nullfont!
Missing character: There is no ] in font nullfont!
Missing character: There is no S in font nullfont!
Missing character: There is no e in font nullfont!
Missing character: There is no j in font nullfont!
Missing character: There is no a in font nullfont!
Missing character: There is no m in font nullfont!
Missing character: There is no u in font nullfont!
Missing character: There is no m in font nullfont!
Missing character: There is no a in font nullfont!
Missing character: There is no A in font nullfont!
Missing character: There is no . in font nullfont!
Missing character: There is no A in font nullfont!
Missing character: There is no . in font nullfont!
Missing character: There is no p in font nullfont!
Missing character: There is no e in font nullfont!
Missing character: There is no r in font nullfont!
Missing character: There is no t in font nullfont!
Missing character: There is no e in font nullfont!
Missing character: There is no n in font nullfont!
Missing character: There is no c in font nullfont!
Missing character: There is no e in font nullfont!
Missing character: There is no n in font nullfont!
Missing character: There is no t in font nullfont!
Missing character: There is no e in font nullfont!
Missing character: There is no f in font nullfont!
Missing character: There is no a in font nullfont!
Missing character: There is no m in font nullfont!
Missing character: There is no l in font nullfont!
Missing character: There is no i in font nullfont!
Missing character: There is no a in font nullfont!
Missing character: There is no e in font nullfont!
Missing character: There is no x in font nullfont!
Missing character: There is no p in font nullfont!
Missing character: There is no o in font nullfont!
Missing character: There is no n in font nullfont!
Missing character: There is no e in font nullfont!
Missing character: There is no n in font nullfont!
Missing character: There is no c in font nullfont!
Missing character: There is no i in font nullfont!
Missing character: There is no a in font nullfont!
Missing character: There is no l in font nullfont!
Missing character: There is no c in font nullfont!
Missing character: There is no a in font nullfont!
Missing character: There is no n in font nullfont!
Missing character: There is no n in font nullfont!
Missing character: There is no i in font nullfont!
Missing character: There is no c in font nullfont!
Missing character: There is no a in font nullfont!
Missing character: There is no , in font nullfont!
Missing character: There is no c in font nullfont!
Missing character: There is no u in font nullfont!
Missing character: There is no j in font nullfont!
Missing character: There is no a in font nullfont!
Missing character: There is no f in font nullfont!
Missing character: There is no . in font nullfont!
Missing character: There is no d in font nullfont!
Missing character: There is no . in font nullfont!
Missing character: There is no p in font nullfont!
Missing character: There is no . in font nullfont!
Missing character: There is no ( in font nullfont!
Missing character: There is no o in font nullfont!
Missing character: There is no u in font nullfont!
Missing character: There is no f in font nullfont!
Missing character: There is no . in font nullfont!
Missing character: There is no p in font nullfont!
Missing character: There is no . in font nullfont!
Missing character: There is no ) in font nullfont!
Missing character: There is no c in font nullfont!
Missing character: There is no o in font nullfont!
Missing character: There is no n in font nullfont!
Missing character: There is no j in font nullfont!
Missing character: There is no u in font nullfont!
Missing character: There is no n in font nullfont!
Missing character: There is no t in font nullfont!
Missing character: There is no a in font nullfont!
Missing character: There is no p in font nullfont!
Missing character: There is no o in font nullfont!
Missing character: There is no d in font nullfont!
Missing character: There is no e in font nullfont!
Missing character: There is no s in font nullfont!
Missing character: There is no e in font nullfont!
Missing character: There is no r in font nullfont!
Missing character: There is no e in font nullfont!
Missing character: There is no s in font nullfont!
Missing character: There is no c in font nullfont!
Missing character: There is no r in font nullfont!
Missing character: There is no i in font nullfont!
Missing character: There is no t in font nullfont!
Missing character: There is no a in font nullfont!
Missing character: There is no c in font nullfont!
Missing character: There is no o in font nullfont!
Missing character: There is no m in font nullfont!
Missing character: There is no o in font nullfont!

Overfull \hbox (20.0pt too wide) in paragraph at lines 247--249
[]
 []


Overfull \hbox (2.77779pt too wide) in paragraph at lines 247--249
\/cmr/m/n/10 ^^S^^P
 []


Overfull \hbox (65.93625pt too wide) in paragraph at lines 247--249
\OML/cmm/m/it/10 X[]; X[]; [] ; X[]$
 []


Overfull \hbox (5.00002pt too wide) in paragraph at lines 247--249
\/cmr/m/n/10 ^^Ra
 []


Overfull \hbox (2.77779pt too wide) in paragraph at lines 247--249
\/cmr/m/n/10 ^^S^^P
 []


Overfull \hbox (5.00002pt too wide) in paragraph at lines 247--249
\/cmr/m/n/10 ^o
 []


LaTeX Warning: Command \v invalid in math mode on input line 250.


LaTeX Warning: Command \v invalid in math mode on input line 250.

! Please use \mathaccent for accents in math mode.
\add@accent ... \let \ignorespaces \relax \accent 
                                                  #1 #2\egroup \ifmmode \els...
l.250 	f(\v{x}
               | \eta) = \exp\left(\eta \sum_{i=1}^{n} T(x_i) - nA(\eta)\rig...
I'm changing \accent to \mathaccent here; wish me luck.
(Accents are not the same in formulas as they are in text.)

! Missing { inserted.
<to be read again> 
                   \edef 
l.250 	f(\v{x}
               | \eta) = \exp\left(\eta \sum_{i=1}^{n} T(x_i) - nA(\eta)\rig...
A left brace was mandatory here, so I've put one in.
You might want to delete and/or insert some corrections
so that I will find a matching right brace soon.
(If you're confused by all this, try typing `I}' now.)


LaTeX Warning: Command \v invalid in math mode on input line 250.

! Please use \mathaccent for accents in math mode.
\add@accent ... \let \ignorespaces \relax \accent 
                                                  #1 #2\egroup \ifmmode \els...
l.250 ...1}^{n} T(x_i) - nA(\eta)\right) h^*(\v{x}
                                                  ).
I'm changing \accent to \mathaccent here; wish me luck.
(Accents are not the same in formulas as they are in text.)


! LaTeX Error: Bad math environment delimiter.

See the LaTeX manual or LaTeX Companion for explanation.
Type  H <return>  for immediate help.
 ...                                              
                                                  
l.251 	\]
         
Your command was ignored.
Type  I <command> <return>  to replace it with another command,
or  <return>  to continue without it.

! Missing } inserted.
<inserted text> 
                }
l.252 	Temos que o EMV de $
                           \eta$ será solução da equação
I've inserted something that you may have forgotten.
(See the <inserted text> above.)
With luck, this will get me unwedged. But if you
really didn't forget anything, try typing `2' now; then
my insertion and my current dilemma will both disappear.

! Display math should end with $$.
<to be read again> 
                   \eta 
l.252 	Temos que o EMV de $\eta
                               $ será solução da equação
The `$' that I just saw supposedly matches a previous `$$'.
So I shall assume that you typed `$$' both times.


Overfull \hbox (274.87915pt too wide) detected at line 252
\OML/cmm/m/it/10 f\/cmr/m/n/10 ([]
 []

! Missing $ inserted.
<inserted text> 
                $
l.252 	Temos que o EMV de $\eta
                               $ será solução da equação
I've inserted a begin-math/end-math symbol since I think
you left one out. Proceed, with fingers crossed.

Missing character: There is no s in font nullfont!
Missing character: There is no e in font nullfont!
Missing character: There is no r in font nullfont!
Missing character: There is no s in font nullfont!
Missing character: There is no o in font nullfont!
Missing character: There is no l in font nullfont!
Missing character: There is no u in font nullfont!
Missing character: There is no o in font nullfont!
Missing character: There is no d in font nullfont!
Missing character: There is no a in font nullfont!
Missing character: There is no e in font nullfont!
Missing character: There is no q in font nullfont!
Missing character: There is no u in font nullfont!
Missing character: There is no a in font nullfont!
Missing character: There is no o in font nullfont!

Overfull \hbox (5.32408pt too wide) in paragraph at lines 252--253
$\OML/cmm/m/it/10 ^^Q$
 []


Overfull \hbox (5.00002pt too wide) in paragraph at lines 252--253
\/cmr/m/n/10 ^^Sa
 []


Overfull \hbox (9.44446pt too wide) in paragraph at lines 252--253
\/cmr/m/n/10 ^^Xc~a
 []


Overfull \hbox (9.44446pt too wide) in paragraph at lines 252--253
\/cmr/m/n/10 ^^Xc~a 
 []

! Undefined control sequence.
l.254 	\frac{1}{n} \sum_{i=1}^{n} T(X_i) = \E
                                             [T(X_1)],
The control sequence at the end of the top line
of your error message was never \def'ed. If you have
misspelled it (e.g., `\hobx'), type `I' and the correct
spelling (e.g., `I\hbox'). Otherwise just continue,
and I'll forget about whatever was undefined.


Overfull \hbox (102.25243pt too wide) detected at line 255
[] [] \OML/cmm/m/it/10 T\/cmr/m/n/10 (\OML/cmm/m/it/10 X[]\/cmr/m/n/10 ) = [\OM
L/cmm/m/it/10 T\/cmr/m/n/10 (\OML/cmm/m/it/10 X[]\/cmr/m/n/10 )]\OML/cmm/m/it/1
0 ;
 []

Missing character: There is no d in font nullfont!
Missing character: There is no e in font nullfont!
Missing character: There is no s in font nullfont!
Missing character: There is no d in font nullfont!
Missing character: There is no e in font nullfont!
Missing character: There is no q in font nullfont!
Missing character: There is no u in font nullfont!
Missing character: There is no e in font nullfont!
Missing character: There is no e in font nullfont!
Missing character: There is no s in font nullfont!
Missing character: There is no s in font nullfont!
Missing character: There is no a in font nullfont!
Missing character: There is no s in font nullfont!
Missing character: There is no o in font nullfont!
Missing character: There is no l in font nullfont!
Missing character: There is no u in font nullfont!
Missing character: There is no o in font nullfont!
Missing character: There is no p in font nullfont!
Missing character: There is no e in font nullfont!
Missing character: There is no r in font nullfont!
Missing character: There is no t in font nullfont!
Missing character: There is no e in font nullfont!
Missing character: There is no n in font nullfont!
Missing character: There is no a in font nullfont!
Missing character: There is no a in font nullfont!
Missing character: There is no o in font nullfont!
Missing character: There is no e in font nullfont!
Missing character: There is no s in font nullfont!
Missing character: There is no p in font nullfont!
Missing character: There is no a in font nullfont!
Missing character: There is no o in font nullfont!
Missing character: There is no p in font nullfont!
Missing character: There is no a in font nullfont!
Missing character: There is no r in font nullfont!
Missing character: There is no a in font nullfont!
Missing character: There is no m in font nullfont!
Missing character: There is no t in font nullfont!
Missing character: There is no r in font nullfont!
Missing character: There is no i in font nullfont!
Missing character: There is no c in font nullfont!
Missing character: There is no o in font nullfont!
Missing character: There is no d in font nullfont!
Missing character: There is no e in font nullfont!
Missing character: There is no . in font nullfont!

Overfull \hbox (9.44446pt too wide) in paragraph at lines 255--257
   \/cmr/m/n/10 ^^Xc~a
 []


Overfull \hbox (4.44444pt too wide) in paragraph at lines 255--257
\/cmr/m/n/10 ^^Xc
 []


Overfull \hbox (4.44444pt too wide) in paragraph at lines 255--257
\/cmr/m/n/10 ^^Xc
 []


Overfull \hbox (4.44444pt too wide) in paragraph at lines 255--257
\/cmr/m/n/10 ^^Se
 []


Overfull \hbox (5.32408pt too wide) in paragraph at lines 255--257
\OML/cmm/m/it/10 ^^Q$ 
 []


! LaTeX Error: Environment note undefined.

See the LaTeX manual or LaTeX Companion for explanation.
Type  H <return>  for immediate help.
 ...                                              
                                                  
l.258 	\begin{note}
                   
Your command was ignored.
Type  I <command> <return>  to replace it with another command,
or  <return>  to continue without it.


! LaTeX Error: Missing \begin{document}.

See the LaTeX manual or LaTeX Companion for explanation.
Type  H <return>  for immediate help.
 ...                                              
                                                  
l.259 		D
         evido à propriedade da invariância, o resultado permanece válido...

You're in trouble here.  Try typing  <return>  to proceed.
If that doesn't work, type  X <return>  to quit.

Missing character: There is no D in font nullfont!
Missing character: There is no e in font nullfont!
Missing character: There is no v in font nullfont!
Missing character: There is no i in font nullfont!
Missing character: There is no d in font nullfont!
Missing character: There is no o in font nullfont!
Missing character: There is no p in font nullfont!
Missing character: There is no r in font nullfont!
Missing character: There is no o in font nullfont!
Missing character: There is no p in font nullfont!
Missing character: There is no r in font nullfont!
Missing character: There is no i in font nullfont!
Missing character: There is no e in font nullfont!
Missing character: There is no d in font nullfont!
Missing character: There is no a in font nullfont!
Missing character: There is no d in font nullfont!
Missing character: There is no e in font nullfont!
Missing character: There is no d in font nullfont!
Missing character: There is no a in font nullfont!
Missing character: There is no i in font nullfont!
Missing character: There is no n in font nullfont!
Missing character: There is no v in font nullfont!
Missing character: There is no a in font nullfont!
Missing character: There is no r in font nullfont!
Missing character: There is no i in font nullfont!
Missing character: There is no n in font nullfont!
Missing character: There is no c in font nullfont!
Missing character: There is no i in font nullfont!
Missing character: There is no a in font nullfont!
Missing character: There is no , in font nullfont!
Missing character: There is no o in font nullfont!
Missing character: There is no r in font nullfont!
Missing character: There is no e in font nullfont!
Missing character: There is no s in font nullfont!
Missing character: There is no u in font nullfont!
Missing character: There is no l in font nullfont!
Missing character: There is no t in font nullfont!
Missing character: There is no a in font nullfont!
Missing character: There is no d in font nullfont!
Missing character: There is no o in font nullfont!
Missing character: There is no p in font nullfont!
Missing character: There is no e in font nullfont!
Missing character: There is no r in font nullfont!
Missing character: There is no m in font nullfont!
Missing character: There is no a in font nullfont!
Missing character: There is no n in font nullfont!
Missing character: There is no e in font nullfont!
Missing character: There is no c in font nullfont!
Missing character: There is no e in font nullfont!
Missing character: There is no v in font nullfont!
Missing character: There is no l in font nullfont!
Missing character: There is no i in font nullfont!
Missing character: There is no d in font nullfont!
Missing character: There is no o in font nullfont!
Missing character: There is no p in font nullfont!
Missing character: There is no a in font nullfont!
Missing character: There is no r in font nullfont!
Missing character: There is no a in font nullfont!
Missing character: There is no o in font nullfont!
Missing character: There is no c in font nullfont!
Missing character: There is no a in font nullfont!
Missing character: There is no s in font nullfont!
Missing character: There is no o in font nullfont!
Missing character: There is no g in font nullfont!
Missing character: There is no e in font nullfont!
Missing character: There is no r in font nullfont!
Missing character: There is no a in font nullfont!
Missing character: There is no l in font nullfont!
Missing character: There is no d in font nullfont!
Missing character: There is no a in font nullfont!
Missing character: There is no f in font nullfont!
Missing character: There is no a in font nullfont!
Missing character: There is no m in font nullfont!
Missing character: There is no l in font nullfont!
Missing character: There is no i in font nullfont!
Missing character: There is no a in font nullfont!
Missing character: There is no e in font nullfont!
Missing character: There is no x in font nullfont!
Missing character: There is no p in font nullfont!
Missing character: There is no o in font nullfont!
Missing character: There is no n in font nullfont!
Missing character: There is no e in font nullfont!
Missing character: There is no n in font nullfont!
Missing character: There is no c in font nullfont!
Missing character: There is no i in font nullfont!
Missing character: There is no a in font nullfont!
Missing character: There is no l in font nullfont!
Missing character: There is no , in font nullfont!
Missing character: There is no e in font nullfont!
Missing character: There is no m in font nullfont!
Missing character: There is no q in font nullfont!
Missing character: There is no u in font nullfont!
Missing character: There is no e in font nullfont!
Missing character: There is no c in font nullfont!
Missing character: There is no a in font nullfont!
Missing character: There is no d in font nullfont!
Missing character: There is no a in font nullfont!
Missing character: There is no t in font nullfont!
Missing character: There is no e in font nullfont!
Missing character: There is no m in font nullfont!
Missing character: There is no f in font nullfont!
Missing character: There is no . in font nullfont!
Missing character: There is no d in font nullfont!
Missing character: There is no . in font nullfont!
Missing character: There is no p in font nullfont!
Missing character: There is no . in font nullfont!
Missing character: There is no ( in font nullfont!
Missing character: There is no o in font nullfont!
Missing character: There is no u in font nullfont!
Missing character: There is no f in font nullfont!
Missing character: There is no . in font nullfont!
Missing character: There is no p in font nullfont!
Missing character: There is no . in font nullfont!
Missing character: There is no ) in font nullfont!

Overfull \hbox (20.0pt too wide) in paragraph at lines 259--260
[]
 []


Overfull \hbox (5.00002pt too wide) in paragraph at lines 259--260
\/cmr/m/n/10 ^^Ra
 []


Overfull \hbox (5.00002pt too wide) in paragraph at lines 259--260
\/cmr/m/n/10 ^a
 []


Overfull \hbox (5.00002pt too wide) in paragraph at lines 259--260
\/cmr/m/n/10 ^^Sa
 []


Overfull \hbox (2.77779pt too wide) in paragraph at lines 259--260
\/cmr/m/n/10 ^^S^^P
 []


Overfull \hbox (11.61401pt too wide) in paragraph at lines 259--260
\OML/cmm/m/it/10 X[]$
 []


Overfull \hbox (155.27333pt too wide) detected at line 262
\OML/cmm/m/it/10 f\/cmr/m/n/10 (\OML/cmm/m/it/10 x\OMS/cmsy/m/n/10 j\OML/cmm/m/
it/10 ^^R\/cmr/m/n/10 ) = []\OMS/cmsy/m/n/10 f\OML/cmm/m/it/10 ^^Q\/cmr/m/n/10 
(\OML/cmm/m/it/10 ^^R\/cmr/m/n/10 )\OML/cmm/m/it/10 T\/cmr/m/n/10 (\OML/cmm/m/i
t/10 x\/cmr/m/n/10 ) \OMS/cmsy/m/n/10 ^^@ \OML/cmm/m/it/10 B\/cmr/m/n/10 (\OML/
cmm/m/it/10 ^^R\/cmr/m/n/10 )\OMS/cmsy/m/n/10 g\OML/cmm/m/it/10 h\/cmr/m/n/10 (
\OML/cmm/m/it/10 x\/cmr/m/n/10 )\OML/cmm/m/it/10 :
 []


! LaTeX Error: \begin{document} ended by \end{note}.

See the LaTeX manual or LaTeX Companion for explanation.
Type  H <return>  for immediate help.
 ...                                              
                                                  
l.263 	\end{note}
                 
Your command was ignored.
Type  I <command> <return>  to replace it with another command,
or  <return>  to continue without it.


! LaTeX Error: Environment note undefined.

See the LaTeX manual or LaTeX Companion for explanation.
Type  H <return>  for immediate help.
 ...                                              
                                                  
l.265 	\begin{note}
                   
Your command was ignored.
Type  I <command> <return>  to replace it with another command,
or  <return>  to continue without it.


! LaTeX Error: Missing \begin{document}.

See the LaTeX manual or LaTeX Companion for explanation.
Type  H <return>  for immediate help.
 ...                                              
                                                  
l.266 		O
          Teorema 4 pode ser generalizado para o caso multiparamétrico:
You're in trouble here.  Try typing  <return>  to proceed.
If that doesn't work, type  X <return>  to quit.

Missing character: There is no O in font nullfont!
Missing character: There is no T in font nullfont!
Missing character: There is no e in font nullfont!
Missing character: There is no o in font nullfont!
Missing character: There is no r in font nullfont!
Missing character: There is no e in font nullfont!
Missing character: There is no m in font nullfont!
Missing character: There is no a in font nullfont!
Missing character: There is no 4 in font nullfont!
Missing character: There is no p in font nullfont!
Missing character: There is no o in font nullfont!
Missing character: There is no d in font nullfont!
Missing character: There is no e in font nullfont!
Missing character: There is no s in font nullfont!
Missing character: There is no e in font nullfont!
Missing character: There is no r in font nullfont!
Missing character: There is no g in font nullfont!
Missing character: There is no e in font nullfont!
Missing character: There is no n in font nullfont!
Missing character: There is no e in font nullfont!
Missing character: There is no r in font nullfont!
Missing character: There is no a in font nullfont!
Missing character: There is no l in font nullfont!
Missing character: There is no i in font nullfont!
Missing character: There is no z in font nullfont!
Missing character: There is no a in font nullfont!
Missing character: There is no d in font nullfont!
Missing character: There is no o in font nullfont!
Missing character: There is no p in font nullfont!
Missing character: There is no a in font nullfont!
Missing character: There is no r in font nullfont!
Missing character: There is no a in font nullfont!
Missing character: There is no o in font nullfont!
Missing character: There is no c in font nullfont!
Missing character: There is no a in font nullfont!
Missing character: There is no s in font nullfont!
Missing character: There is no o in font nullfont!
Missing character: There is no m in font nullfont!
Missing character: There is no u in font nullfont!
Missing character: There is no l in font nullfont!
Missing character: There is no t in font nullfont!
Missing character: There is no i in font nullfont!
Missing character: There is no p in font nullfont!
Missing character: There is no a in font nullfont!
Missing character: There is no r in font nullfont!
Missing character: There is no a in font nullfont!
Missing character: There is no m in font nullfont!
Missing character: There is no t in font nullfont!
Missing character: There is no r in font nullfont!
Missing character: There is no i in font nullfont!
Missing character: There is no c in font nullfont!
Missing character: There is no o in font nullfont!
Missing character: There is no : in font nullfont!

Overfull \hbox (20.0pt too wide) in paragraph at lines 266--267
[]
 []


Overfull \hbox (4.44444pt too wide) in paragraph at lines 266--267
\/cmr/m/n/10 ^^Se 
 []


LaTeX Warning: Command \v invalid in math mode on input line 268.


LaTeX Warning: Command \v invalid in math mode on input line 268.

! Please use \mathaccent for accents in math mode.
\add@accent ... \let \ignorespaces \relax \accent 
                                                  #1 #2\egroup \ifmmode \els...
l.268 		f(\v{x}
                | \v{\theta}) = \exp\left(\sum_{k=1}^{s} \eta_k(\v{\theta})T...
I'm changing \accent to \mathaccent here; wish me luck.
(Accents are not the same in formulas as they are in text.)

! Missing { inserted.
<to be read again> 
                   \edef 
l.268 		f(\v{x}
                | \v{\theta}) = \exp\left(\sum_{k=1}^{s} \eta_k(\v{\theta})T...
A left brace was mandatory here, so I've put one in.
You might want to delete and/or insert some corrections
so that I will find a matching right brace soon.
(If you're confused by all this, try typing `I}' now.)


LaTeX Warning: Command \v invalid in math mode on input line 268.

! Missing $ inserted.
<inserted text> 
                $
l.268 		f(\v{x} | \v{\theta}
                            ) = \exp\left(\sum_{k=1}^{s} \eta_k(\v{\theta})T...
I've inserted a begin-math/end-math symbol since I think
you left one out. Proceed, with fingers crossed.

! Improper \spacefactor.
<recently read> \spacefactor 
                             
l.268 		f(\v{x} | \v{\theta}
                            ) = \exp\left(\sum_{k=1}^{s} \eta_k(\v{\theta})T...
You can refer to \spacefactor only in horizontal mode;
you can refer to \prevdepth only in vertical mode; and
neither of these is meaningful inside \write. So
I'm forgetting what you said and using zero instead.

! Extra }, or forgotten $.
\add@accent ... \accent@spacefactor \spacefactor }
                                                  \let \maybe@load@fontshape...
l.268 		f(\v{x} | \v{\theta}
                            ) = \exp\left(\sum_{k=1}^{s} \eta_k(\v{\theta})T...
I've deleted a group-closing symbol because it seems to be
spurious, as in `$x}$'. But perhaps the } is legitimate and
you forgot something else, as in `\hbox{$x}'. In such cases
the way to recover is to insert both the forgotten and the
deleted material, e.g., by typing `I$}'.

! Please use \mathaccent for accents in math mode.
\add@accent ... \let \ignorespaces \relax \accent 
                                                  #1 #2\egroup \ifmmode \els...
l.268 		f(\v{x} | \v{\theta}
                            ) = \exp\left(\sum_{k=1}^{s} \eta_k(\v{\theta})T...
I'm changing \accent to \mathaccent here; wish me luck.
(Accents are not the same in formulas as they are in text.)

! Extra }, or forgotten $.
\add@accent ...spaces \relax \accent #1 #2\egroup 
                                                  \ifmmode \else \spacefacto...
l.268 		f(\v{x} | \v{\theta}
                            ) = \exp\left(\sum_{k=1}^{s} \eta_k(\v{\theta})T...
I've deleted a group-closing symbol because it seems to be
spurious, as in `$x}$'. But perhaps the } is legitimate and
you forgot something else, as in `\hbox{$x}'. In such cases
the way to recover is to insert both the forgotten and the
deleted material, e.g., by typing `I$}'.


LaTeX Warning: Command \v invalid in math mode on input line 268.

! Missing $ inserted.
<inserted text> 
                $
l.268 ...exp\left(\sum_{k=1}^{s} \eta_k(\v{\theta}
                                                  )T_k(\v{x}) - B(\v{\theta}...
I've inserted a begin-math/end-math symbol since I think
you left one out. Proceed, with fingers crossed.

! Improper \spacefactor.
<recently read> \spacefactor 
                             
l.268 ...exp\left(\sum_{k=1}^{s} \eta_k(\v{\theta}
                                                  )T_k(\v{x}) - B(\v{\theta}...
You can refer to \spacefactor only in horizontal mode;
you can refer to \prevdepth only in vertical mode; and
neither of these is meaningful inside \write. So
I'm forgetting what you said and using zero instead.

! Extra }, or forgotten $.
\add@accent ... \accent@spacefactor \spacefactor }
                                                  \let \maybe@load@fontshape...
l.268 ...exp\left(\sum_{k=1}^{s} \eta_k(\v{\theta}
                                                  )T_k(\v{x}) - B(\v{\theta}...
I've deleted a group-closing symbol because it seems to be
spurious, as in `$x}$'. But perhaps the } is legitimate and
you forgot something else, as in `\hbox{$x}'. In such cases
the way to recover is to insert both the forgotten and the
deleted material, e.g., by typing `I$}'.

! Please use \mathaccent for accents in math mode.
\add@accent ... \let \ignorespaces \relax \accent 
                                                  #1 #2\egroup \ifmmode \els...
l.268 ...exp\left(\sum_{k=1}^{s} \eta_k(\v{\theta}
                                                  )T_k(\v{x}) - B(\v{\theta}...
I'm changing \accent to \mathaccent here; wish me luck.
(Accents are not the same in formulas as they are in text.)

! Extra }, or forgotten $.
\add@accent ...spaces \relax \accent #1 #2\egroup 
                                                  \ifmmode \else \spacefacto...
l.268 ...exp\left(\sum_{k=1}^{s} \eta_k(\v{\theta}
                                                  )T_k(\v{x}) - B(\v{\theta}...
I've deleted a group-closing symbol because it seems to be
spurious, as in `$x}$'. But perhaps the } is legitimate and
you forgot something else, as in `\hbox{$x}'. In such cases
the way to recover is to insert both the forgotten and the
deleted material, e.g., by typing `I$}'.


LaTeX Warning: Command \v invalid in math mode on input line 268.

! Please use \mathaccent for accents in math mode.
\add@accent ... \let \ignorespaces \relax \accent 
                                                  #1 #2\egroup \ifmmode \els...
l.268 ...sum_{k=1}^{s} \eta_k(\v{\theta})T_k(\v{x}
                                                  ) - B(\v{\theta})\right) h...
I'm changing \accent to \mathaccent here; wish me luck.
(Accents are not the same in formulas as they are in text.)


LaTeX Warning: Command \v invalid in math mode on input line 268.

! Missing $ inserted.
<inserted text> 
                $
l.268 ...ta_k(\v{\theta})T_k(\v{x}) - B(\v{\theta}
                                                  )\right) h(\v{x}).
I've inserted a begin-math/end-math symbol since I think
you left one out. Proceed, with fingers crossed.

! Improper \spacefactor.
<recently read> \spacefactor 
                             
l.268 ...ta_k(\v{\theta})T_k(\v{x}) - B(\v{\theta}
                                                  )\right) h(\v{x}).
You can refer to \spacefactor only in horizontal mode;
you can refer to \prevdepth only in vertical mode; and
neither of these is meaningful inside \write. So
I'm forgetting what you said and using zero instead.

! Extra }, or forgotten $.
\add@accent ... \accent@spacefactor \spacefactor }
                                                  \let \maybe@load@fontshape...
l.268 ...ta_k(\v{\theta})T_k(\v{x}) - B(\v{\theta}
                                                  )\right) h(\v{x}).
I've deleted a group-closing symbol because it seems to be
spurious, as in `$x}$'. But perhaps the } is legitimate and
you forgot something else, as in `\hbox{$x}'. In such cases
the way to recover is to insert both the forgotten and the
deleted material, e.g., by typing `I$}'.

! Please use \mathaccent for accents in math mode.
\add@accent ... \let \ignorespaces \relax \accent 
                                                  #1 #2\egroup \ifmmode \els...
l.268 ...ta_k(\v{\theta})T_k(\v{x}) - B(\v{\theta}
                                                  )\right) h(\v{x}).
I'm changing \accent to \mathaccent here; wish me luck.
(Accents are not the same in formulas as they are in text.)

! Extra }, or forgotten $.
\add@accent ...spaces \relax \accent #1 #2\egroup 
                                                  \ifmmode \else \spacefacto...
l.268 ...ta_k(\v{\theta})T_k(\v{x}) - B(\v{\theta}
                                                  )\right) h(\v{x}).
I've deleted a group-closing symbol because it seems to be
spurious, as in `$x}$'. But perhaps the } is legitimate and
you forgot something else, as in `\hbox{$x}'. In such cases
the way to recover is to insert both the forgotten and the
deleted material, e.g., by typing `I$}'.

! Extra \right.
l.268 ...\theta})T_k(\v{x}) - B(\v{\theta})\right)
                                                   h(\v{x}).
I'm ignoring a \right that had no matching \left.


LaTeX Warning: Command \v invalid in math mode on input line 268.

! Please use \mathaccent for accents in math mode.
\add@accent ... \let \ignorespaces \relax \accent 
                                                  #1 #2\egroup \ifmmode \els...
l.268 ...T_k(\v{x}) - B(\v{\theta})\right) h(\v{x}
                                                  ).
I'm changing \accent to \mathaccent here; wish me luck.
(Accents are not the same in formulas as they are in text.)


! LaTeX Error: Bad math environment delimiter.

See the LaTeX manual or LaTeX Companion for explanation.
Type  H <return>  for immediate help.
 ...                                              
                                                  
l.269 		\]
          
Your command was ignored.
Type  I <command> <return>  to replace it with another command,
or  <return>  to continue without it.


! LaTeX Error: \begin{document} ended by \end{note}.

See the LaTeX manual or LaTeX Companion for explanation.
Type  H <return>  for immediate help.
 ...                                              
                                                  
l.270 	\end{note}
                 
Your command was ignored.
Type  I <command> <return>  to replace it with another command,
or  <return>  to continue without it.

! Missing $ inserted.
<inserted text> 
                $
l.270 	\end{note}
                 
I've inserted something that you may have forgotten.
(See the <inserted text> above.)
With luck, this will get me unwedged. But if you
really didn't forget anything, try typing `2' now; then
my insertion and my current dilemma will both disappear.

! Missing } inserted.
<inserted text> 
                }
l.270 	\end{note}
                 
I've inserted something that you may have forgotten.
(See the <inserted text> above.)
With luck, this will get me unwedged. But if you
really didn't forget anything, try typing `2' now; then
my insertion and my current dilemma will both disappear.

! Missing } inserted.
<inserted text> 
                }
l.270 	\end{note}
                 
I've inserted something that you may have forgotten.
(See the <inserted text> above.)
With luck, this will get me unwedged. But if you
really didn't forget anything, try typing `2' now; then
my insertion and my current dilemma will both disappear.

! Missing $ inserted.
<inserted text> 
                $
l.270 	\end{note}
                 
I've inserted something that you may have forgotten.
(See the <inserted text> above.)
With luck, this will get me unwedged. But if you
really didn't forget anything, try typing `2' now; then
my insertion and my current dilemma will both disappear.

! Missing } inserted.
<inserted text> 
                }
l.270 	\end{note}
                 
I've inserted something that you may have forgotten.
(See the <inserted text> above.)
With luck, this will get me unwedged. But if you
really didn't forget anything, try typing `2' now; then
my insertion and my current dilemma will both disappear.

! Missing } inserted.
<inserted text> 
                }
l.270 	\end{note}
                 
I've inserted something that you may have forgotten.
(See the <inserted text> above.)
With luck, this will get me unwedged. But if you
really didn't forget anything, try typing `2' now; then
my insertion and my current dilemma will both disappear.

! Missing \right. inserted.
<inserted text> 
                \right .
l.270 	\end{note}
                 
I've inserted something that you may have forgotten.
(See the <inserted text> above.)
With luck, this will get me unwedged. But if you
really didn't forget anything, try typing `2' now; then
my insertion and my current dilemma will both disappear.

! Missing $ inserted.
<inserted text> 
                $
l.270 	\end{note}
                 
I've inserted something that you may have forgotten.
(See the <inserted text> above.)
With luck, this will get me unwedged. But if you
really didn't forget anything, try typing `2' now; then
my insertion and my current dilemma will both disappear.

! Missing } inserted.
<inserted text> 
                }
l.270 	\end{note}
                 
I've inserted something that you may have forgotten.
(See the <inserted text> above.)
With luck, this will get me unwedged. But if you
really didn't forget anything, try typing `2' now; then
my insertion and my current dilemma will both disappear.

! Missing } inserted.
<inserted text> 
                }
l.270 	\end{note}
                 
I've inserted something that you may have forgotten.
(See the <inserted text> above.)
With luck, this will get me unwedged. But if you
really didn't forget anything, try typing `2' now; then
my insertion and my current dilemma will both disappear.

! Missing } inserted.
<inserted text> 
                }
l.270 	\end{note}
                 
I've inserted something that you may have forgotten.
(See the <inserted text> above.)
With luck, this will get me unwedged. But if you
really didn't forget anything, try typing `2' now; then
my insertion and my current dilemma will both disappear.

! Missing $ inserted.
<inserted text> 
                $
l.270 	\end{note}
                 
I've inserted something that you may have forgotten.
(See the <inserted text> above.)
With luck, this will get me unwedged. But if you
really didn't forget anything, try typing `2' now; then
my insertion and my current dilemma will both disappear.

! Display math should end with $$.
<to be read again> 
                   \endgroup 
l.270 	\end{note}
                 
The `$' that I just saw supposedly matches a previous `$$'.
So I shall assume that you typed `$$' both times.


Overfull \hbox (18.35422pt too wide) detected at line 270
\OML/cmm/m/it/10 f\/cmr/m/n/10 ([]
 []


! LaTeX Error: \begin{document} ended by \end{theorem}.

See the LaTeX manual or LaTeX Companion for explanation.
Type  H <return>  for immediate help.
 ...                                              
                                                  
l.271 \end{theorem}
                   
Your command was ignored.
Type  I <command> <return>  to replace it with another command,
or  <return>  to continue without it.

! Undefined control sequence.
l.273 \section
              {Estimação Pontual II}
The control sequence at the end of the top line
of your error message was never \def'ed. If you have
misspelled it (e.g., `\hobx'), type `I' and the correct
spelling (e.g., `I\hbox'). Otherwise just continue,
and I'll forget about whatever was undefined.


! LaTeX Error: Missing \begin{document}.

See the LaTeX manual or LaTeX Companion for explanation.
Type  H <return>  for immediate help.
 ...                                              
                                                  
l.273 \section{E
                stimação Pontual II}
You're in trouble here.  Try typing  <return>  to proceed.
If that doesn't work, type  X <return>  to quit.

Missing character: There is no E in font nullfont!
Missing character: There is no s in font nullfont!
Missing character: There is no t in font nullfont!
Missing character: There is no i in font nullfont!
Missing character: There is no m in font nullfont!
Missing character: There is no a in font nullfont!
Missing character: There is no o in font nullfont!
Missing character: There is no P in font nullfont!
Missing character: There is no o in font nullfont!
Missing character: There is no n in font nullfont!
Missing character: There is no t in font nullfont!
Missing character: There is no u in font nullfont!
Missing character: There is no a in font nullfont!
Missing character: There is no l in font nullfont!
Missing character: There is no I in font nullfont!
Missing character: There is no I in font nullfont!

Overfull \hbox (29.44446pt too wide) in paragraph at lines 273--274
[]\/cmr/m/n/10 ^^Xc~a
 []


! LaTeX Error: Environment definition undefined.

See the LaTeX manual or LaTeX Companion for explanation.
Type  H <return>  for immediate help.
 ...                                              
                                                  
l.275 \begin{definition}
                        [Erro quadrático médio]
Your command was ignored.
Type  I <command> <return>  to replace it with another command,
or  <return>  to continue without it.


! LaTeX Error: Missing \begin{document}.

See the LaTeX manual or LaTeX Companion for explanation.
Type  H <return>  for immediate help.
 ...                                              
                                                  
l.275 \begin{definition}[
                         Erro quadrático médio]
You're in trouble here.  Try typing  <return>  to proceed.
If that doesn't work, type  X <return>  to quit.

Missing character: There is no [ in font nullfont!
Missing character: There is no E in font nullfont!
Missing character: There is no r in font nullfont!
Missing character: There is no r in font nullfont!
Missing character: There is no o in font nullfont!
Missing character: There is no q in font nullfont!
Missing character: There is no u in font nullfont!
Missing character: There is no a in font nullfont!
Missing character: There is no d in font nullfont!
Missing character: There is no r in font nullfont!
Missing character: There is no t in font nullfont!
Missing character: There is no i in font nullfont!
Missing character: There is no c in font nullfont!
Missing character: There is no o in font nullfont!
Missing character: There is no m in font nullfont!
Missing character: There is no d in font nullfont!
Missing character: There is no i in font nullfont!
Missing character: There is no o in font nullfont!
Missing character: There is no ] in font nullfont!
Missing character: There is no O in font nullfont!
Missing character: There is no e in font nullfont!
Missing character: There is no r in font nullfont!
Missing character: There is no r in font nullfont!
Missing character: There is no o in font nullfont!
Missing character: There is no q in font nullfont!
Missing character: There is no u in font nullfont!
Missing character: There is no a in font nullfont!
Missing character: There is no d in font nullfont!
Missing character: There is no r in font nullfont!
Missing character: There is no t in font nullfont!
Missing character: There is no i in font nullfont!
Missing character: There is no c in font nullfont!
Missing character: There is no o in font nullfont!
Missing character: There is no m in font nullfont!
Missing character: There is no d in font nullfont!
Missing character: There is no i in font nullfont!
Missing character: There is no o in font nullfont!
Missing character: There is no ( in font nullfont!
Missing character: There is no E in font nullfont!
Missing character: There is no Q in font nullfont!
Missing character: There is no M in font nullfont!
Missing character: There is no ) in font nullfont!
Missing character: There is no d in font nullfont!
Missing character: There is no o in font nullfont!
Missing character: There is no e in font nullfont!
Missing character: There is no s in font nullfont!
Missing character: There is no t in font nullfont!
Missing character: There is no i in font nullfont!
Missing character: There is no m in font nullfont!
Missing character: There is no a in font nullfont!
Missing character: There is no d in font nullfont!
Missing character: There is no o in font nullfont!
Missing character: There is no r in font nullfont!
Missing character: There is no d in font nullfont!
Missing character: There is no e in font nullfont!
Missing character: There is no u in font nullfont!
Missing character: There is no m in font nullfont!
Missing character: There is no p in font nullfont!
Missing character: There is no a in font nullfont!
Missing character: There is no r in font nullfont!
Missing character: There is no m in font nullfont!
Missing character: There is no e in font nullfont!
Missing character: There is no t in font nullfont!
Missing character: There is no r in font nullfont!
Missing character: There is no o in font nullfont!
Missing character: There is no c in font nullfont!
Missing character: There is no o in font nullfont!
Missing character: There is no r in font nullfont!
Missing character: There is no r in font nullfont!
Missing character: There is no e in font nullfont!
Missing character: There is no s in font nullfont!
Missing character: There is no p in font nullfont!
Missing character: There is no o in font nullfont!
Missing character: There is no n in font nullfont!
Missing character: There is no d in font nullfont!
Missing character: There is no e in font nullfont!
Missing character: There is no a in font nullfont!

Overfull \hbox (20.0pt too wide) in paragraph at lines 275--277
[]
 []


Overfull \hbox (5.00002pt too wide) in paragraph at lines 275--277
\/cmr/m/n/10 ^^Sa
 []


Overfull \hbox (4.44444pt too wide) in paragraph at lines 275--277
\/cmr/m/n/10 ^^Se
 []


Overfull \hbox (5.00002pt too wide) in paragraph at lines 275--277
\/cmr/m/n/10 ^^Sa
 []


Overfull \hbox (4.44444pt too wide) in paragraph at lines 275--277
\/cmr/m/n/10 ^^Se
 []


Overfull \hbox (10.83334pt too wide) in paragraph at lines 275--277
\OML/cmm/m/it/10 W$
 []


Overfull \hbox (5.00002pt too wide) in paragraph at lines 275--277
\/cmr/m/n/10 ^a
 []


Overfull \hbox (4.97223pt too wide) in paragraph at lines 275--277
\OML/cmm/m/it/10 ^^R$
 []

! Undefined control sequence.
l.278 	\E
         _\theta(W - \theta)^2,
The control sequence at the end of the top line
of your error message was never \def'ed. If you have
misspelled it (e.g., `\hobx'), type `I' and the correct
spelling (e.g., `I\hbox'). Otherwise just continue,
and I'll forget about whatever was undefined.


Overfull \hbox (43.14937pt too wide) detected at line 279
[]\/cmr/m/n/10 (\OML/cmm/m/it/10 W \OMS/cmsy/m/n/10 ^^@ \OML/cmm/m/it/10 ^^R\/c
mr/m/n/10 )[]\OML/cmm/m/it/10 ;
 []

Missing character: There is no q in font nullfont!
Missing character: There is no u in font nullfont!
Missing character: There is no e in font nullfont!
Missing character: There is no f in font nullfont!
Missing character: There is no u in font nullfont!
Missing character: There is no n in font nullfont!
Missing character: There is no o in font nullfont!
Missing character: There is no d in font nullfont!
Missing character: There is no e in font nullfont!
Missing character: There is no . in font nullfont!

! LaTeX Error: \begin{document} ended by \end{definition}.

See the LaTeX manual or LaTeX Companion for explanation.
Type  H <return>  for immediate help.
 ...                                              
                                                  
l.281 \end{definition}
                      
Your command was ignored.
Type  I <command> <return>  to replace it with another command,
or  <return>  to continue without it.


Overfull \hbox (4.44444pt too wide) in paragraph at lines 279--282
 \/cmr/m/n/10 ^^Se
 []


Overfull \hbox (9.44446pt too wide) in paragraph at lines 279--282
\/cmr/m/n/10 ^^Xc~a
 []


Overfull \hbox (4.97223pt too wide) in paragraph at lines 279--282
\OML/cmm/m/it/10 ^^R$
 []


! LaTeX Error: Environment definition undefined.

See the LaTeX manual or LaTeX Companion for explanation.
Type  H <return>  for immediate help.
 ...                                              
                                                  
l.283 \begin{definition}
                        [Viés]
Your command was ignored.
Type  I <command> <return>  to replace it with another command,
or  <return>  to continue without it.


! LaTeX Error: Missing \begin{document}.

See the LaTeX manual or LaTeX Companion for explanation.
Type  H <return>  for immediate help.
 ...                                              
                                                  
l.283 \begin{definition}[
                         Viés]
You're in trouble here.  Try typing  <return>  to proceed.
If that doesn't work, type  X <return>  to quit.

Missing character: There is no [ in font nullfont!
Missing character: There is no V in font nullfont!
Missing character: There is no i in font nullfont!
Missing character: There is no s in font nullfont!
Missing character: There is no ] in font nullfont!
Missing character: There is no O in font nullfont!
Missing character: There is no v in font nullfont!
Missing character: There is no i in font nullfont!
Missing character: There is no s in font nullfont!
Missing character: There is no ( in font nullfont!
Missing character: There is no - in font nullfont!
Missing character: There is no - in font nullfont!
Missing character: There is no d in font nullfont!
Missing character: There is no o in font nullfont!
Missing character: There is no i in font nullfont!
Missing character: There is no n in font nullfont!
Missing character: There is no g in font nullfont!
Missing character: There is no l in font nullfont!
Missing character: There is no s in font nullfont!
Missing character: There is no , in font nullfont!
Missing character: There is no b in font nullfont!
Missing character: There is no i in font nullfont!
Missing character: There is no a in font nullfont!
Missing character: There is no s in font nullfont!
Missing character: There is no ) in font nullfont!
Missing character: There is no d in font nullfont!
Missing character: There is no o in font nullfont!
Missing character: There is no e in font nullfont!
Missing character: There is no s in font nullfont!
Missing character: There is no t in font nullfont!
Missing character: There is no i in font nullfont!
Missing character: There is no m in font nullfont!
Missing character: There is no a in font nullfont!
Missing character: There is no d in font nullfont!
Missing character: There is no o in font nullfont!
Missing character: There is no r in font nullfont!
Missing character: There is no d in font nullfont!
Missing character: There is no e in font nullfont!
Missing character: There is no u in font nullfont!
Missing character: There is no m in font nullfont!
Missing character: There is no p in font nullfont!
Missing character: There is no a in font nullfont!
Missing character: There is no r in font nullfont!
Missing character: There is no m in font nullfont!
Missing character: There is no e in font nullfont!
Missing character: There is no t in font nullfont!
Missing character: There is no r in font nullfont!
Missing character: There is no o in font nullfont!
Missing character: There is no c in font nullfont!
Missing character: There is no o in font nullfont!
Missing character: There is no r in font nullfont!
Missing character: There is no r in font nullfont!
Missing character: There is no e in font nullfont!
Missing character: There is no s in font nullfont!
Missing character: There is no p in font nullfont!
Missing character: There is no o in font nullfont!
Missing character: There is no n in font nullfont!
Missing character: There is no d in font nullfont!
Missing character: There is no e in font nullfont!
Missing character: There is no a in font nullfont!

Overfull \hbox (24.44444pt too wide) in paragraph at lines 283--285
[]\/cmr/m/n/10 ^^Se
 []


Overfull \hbox (4.44444pt too wide) in paragraph at lines 283--285
\/cmr/m/n/10 ^^Se
 []


Overfull \hbox (8.0868pt too wide) in paragraph at lines 283--285
\OML/cmm/m/it/10 B$
 []


Overfull \hbox (4.44444pt too wide) in paragraph at lines 283--285
\/cmr/m/n/10 ^e
 []


Overfull \hbox (10.83334pt too wide) in paragraph at lines 283--285
\OML/cmm/m/it/10 W$
 []


Overfull \hbox (5.00002pt too wide) in paragraph at lines 283--285
\/cmr/m/n/10 ^a
 []


Overfull \hbox (4.97223pt too wide) in paragraph at lines 283--285
\OML/cmm/m/it/10 ^^R$
 []

! Undefined control sequence.
l.286 	B_\theta(W) = \E
                       _\theta(W) - \theta.
The control sequence at the end of the top line
of your error message was never \def'ed. If you have
misspelled it (e.g., `\hobx'), type `I' and the correct
spelling (e.g., `I\hbox'). Otherwise just continue,
and I'll forget about whatever was undefined.


Overfull \hbox (82.71696pt too wide) detected at line 287
\OML/cmm/m/it/10 B[]\/cmr/m/n/10 (\OML/cmm/m/it/10 W\/cmr/m/n/10 ) =[] (\OML/cm
m/m/it/10 W\/cmr/m/n/10 ) \OMS/cmsy/m/n/10 ^^@ \OML/cmm/m/it/10 ^^R:
 []

Missing character: There is no Q in font nullfont!
Missing character: There is no u in font nullfont!
Missing character: There is no a in font nullfont!
Missing character: There is no n in font nullfont!
Missing character: There is no d in font nullfont!
Missing character: There is no o in font nullfont!
Missing character: There is no , in font nullfont!
Missing character: There is no d in font nullfont!
Missing character: There is no i in font nullfont!
Missing character: There is no z in font nullfont!
Missing character: There is no - in font nullfont!
Missing character: There is no s in font nullfont!
Missing character: There is no e in font nullfont!
Missing character: There is no q in font nullfont!
Missing character: There is no u in font nullfont!
Missing character: There is no e in font nullfont!
Missing character: There is no o in font nullfont!
Missing character: There is no e in font nullfont!
Missing character: There is no s in font nullfont!
Missing character: There is no t in font nullfont!
Missing character: There is no i in font nullfont!
Missing character: There is no m in font nullfont!
Missing character: There is no a in font nullfont!
Missing character: There is no d in font nullfont!
Missing character: There is no o in font nullfont!
Missing character: There is no r in font nullfont!
Missing character: There is no n in font nullfont!
Missing character: There is no o in font nullfont!
Missing character: There is no v in font nullfont!
Missing character: There is no i in font nullfont!
Missing character: There is no e in font nullfont!
Missing character: There is no s in font nullfont!
Missing character: There is no a in font nullfont!
Missing character: There is no d in font nullfont!
Missing character: There is no o in font nullfont!
Missing character: There is no . in font nullfont!

! LaTeX Error: \begin{document} ended by \end{definition}.

See the LaTeX manual or LaTeX Companion for explanation.
Type  H <return>  for immediate help.
 ...                                              
                                                  
l.289 \end{definition}
                      
Your command was ignored.
Type  I <command> <return>  to replace it with another command,
or  <return>  to continue without it.


Overfull \hbox (41.27602pt too wide) in paragraph at lines 287--290
 $\OML/cmm/m/it/10 B[]\/cmr/m/n/10 (\OML/cmm/m/it/10 W\/cmr/m/n/10 ) =
 []


Overfull \hbox (5.00002pt too wide) in paragraph at lines 287--290
\/cmr/m/n/10 0$
 []


Overfull \hbox (10.83334pt too wide) in paragraph at lines 287--290
\OML/cmm/m/it/10 W$
 []


Overfull \hbox (4.44444pt too wide) in paragraph at lines 287--290
\/cmr/m/n/10 ^^Se
 []


Overfull \hbox (5.00002pt too wide) in paragraph at lines 287--290
\/cmr/m/n/10 ~a
 []


! LaTeX Error: Environment definition undefined.

See the LaTeX manual or LaTeX Companion for explanation.
Type  H <return>  for immediate help.
 ...                                              
                                                  
l.291 \begin{definition}
                        [ENVVUM]
Your command was ignored.
Type  I <command> <return>  to replace it with another command,
or  <return>  to continue without it.


! LaTeX Error: Missing \begin{document}.

See the LaTeX manual or LaTeX Companion for explanation.
Type  H <return>  for immediate help.
 ...                                              
                                                  
l.291 \begin{definition}[
                         ENVVUM]
You're in trouble here.  Try typing  <return>  to proceed.
If that doesn't work, type  X <return>  to quit.

Missing character: There is no [ in font nullfont!
Missing character: There is no E in font nullfont!
Missing character: There is no N in font nullfont!
Missing character: There is no V in font nullfont!
Missing character: There is no V in font nullfont!
Missing character: There is no U in font nullfont!
Missing character: There is no M in font nullfont!
Missing character: There is no ] in font nullfont!
Missing character: There is no U in font nullfont!
Missing character: There is no m in font nullfont!
Missing character: There is no e in font nullfont!
Missing character: There is no s in font nullfont!
Missing character: There is no t in font nullfont!
Missing character: There is no i in font nullfont!
Missing character: There is no m in font nullfont!
Missing character: There is no a in font nullfont!
Missing character: There is no d in font nullfont!
Missing character: There is no o in font nullfont!
Missing character: There is no r in font nullfont!
Missing character: There is no d in font nullfont!
Missing character: There is no i in font nullfont!
Missing character: There is no t in font nullfont!
Missing character: There is no o in font nullfont!
Missing character: There is no s in font nullfont!
Missing character: There is no e in font nullfont!
Missing character: There is no r in font nullfont!
Missing character: There is no o in font nullfont!
Missing character: There is no m in font nullfont!
Missing character: There is no e in font nullfont!
Missing character: There is no l in font nullfont!
Missing character: There is no h in font nullfont!
Missing character: There is no o in font nullfont!
Missing character: There is no r in font nullfont!
Missing character: There is no e in font nullfont!
Missing character: There is no s in font nullfont!
Missing character: There is no t in font nullfont!
Missing character: There is no i in font nullfont!
Missing character: There is no m in font nullfont!
Missing character: There is no a in font nullfont!
Missing character: There is no d in font nullfont!
Missing character: There is no o in font nullfont!
Missing character: There is no r in font nullfont!
Missing character: There is no n in font nullfont!
Missing character: There is no o in font nullfont!
Missing character: There is no v in font nullfont!
Missing character: There is no i in font nullfont!
Missing character: There is no e in font nullfont!
Missing character: There is no s in font nullfont!
Missing character: There is no a in font nullfont!
Missing character: There is no d in font nullfont!
Missing character: There is no o in font nullfont!
Missing character: There is no d in font nullfont!
Missing character: There is no e in font nullfont!
Missing character: There is no s in font nullfont!
Missing character: There is no e in font nullfont!
! Undefined control sequence.
<recently read> \E 
                   
l.292 ...dor não viesado de $\tau(\theta)$ se $\E
                                                  _\theta(W^*) = \tau(\theta...
The control sequence at the end of the top line
of your error message was never \def'ed. If you have
misspelled it (e.g., `\hobx'), type `I' and the correct
spelling (e.g., `I\hbox'). Otherwise just continue,
and I'll forget about whatever was undefined.

Missing character: There is no p in font nullfont!
Missing character: There is no a in font nullfont!
Missing character: There is no r in font nullfont!
Missing character: There is no a in font nullfont!
Missing character: There is no t in font nullfont!
Missing character: There is no o in font nullfont!
Missing character: There is no d in font nullfont!
Missing character: There is no o in font nullfont!
Missing character: There is no e in font nullfont!
Missing character: There is no , in font nullfont!
Missing character: There is no p in font nullfont!
Missing character: There is no a in font nullfont!
Missing character: There is no r in font nullfont!
Missing character: There is no a in font nullfont!
Missing character: There is no q in font nullfont!
Missing character: There is no u in font nullfont!
Missing character: There is no a in font nullfont!
Missing character: There is no l in font nullfont!
Missing character: There is no q in font nullfont!
Missing character: There is no u in font nullfont!
Missing character: There is no e in font nullfont!
Missing character: There is no r in font nullfont!
Missing character: There is no o in font nullfont!
Missing character: There is no u in font nullfont!
Missing character: There is no t in font nullfont!
Missing character: There is no r in font nullfont!
Missing character: There is no o in font nullfont!
Missing character: There is no e in font nullfont!
Missing character: There is no s in font nullfont!
Missing character: There is no t in font nullfont!
Missing character: There is no i in font nullfont!
Missing character: There is no m in font nullfont!
Missing character: There is no a in font nullfont!
Missing character: There is no d in font nullfont!
Missing character: There is no o in font nullfont!
Missing character: There is no r in font nullfont!
Missing character: There is no n in font nullfont!
Missing character: There is no o in font nullfont!
Missing character: There is no v in font nullfont!
Missing character: There is no i in font nullfont!
Missing character: There is no e in font nullfont!
Missing character: There is no s in font nullfont!
Missing character: There is no a in font nullfont!
Missing character: There is no d in font nullfont!
Missing character: There is no o in font nullfont!
Missing character: There is no d in font nullfont!
Missing character: There is no e in font nullfont!
Missing character: There is no , in font nullfont!
! Undefined control sequence.
<recently read> \Var 
                     
l.292 ...não viesado $W$ de $\tau(\theta)$, $\Var
                                                  _\theta(W^*) \leq \Var_\th...
The control sequence at the end of the top line
of your error message was never \def'ed. If you have
misspelled it (e.g., `\hobx'), type `I' and the correct
spelling (e.g., `I\hbox'). Otherwise just continue,
and I'll forget about whatever was undefined.

! Undefined control sequence.
l.292 ...tau(\theta)$, $\Var_\theta(W^*) \leq \Var
                                                  _\theta(W)$ para todo $\th...
The control sequence at the end of the top line
of your error message was never \def'ed. If you have
misspelled it (e.g., `\hobx'), type `I' and the correct
spelling (e.g., `I\hbox'). Otherwise just continue,
and I'll forget about whatever was undefined.

Missing character: There is no p in font nullfont!
Missing character: There is no a in font nullfont!
Missing character: There is no r in font nullfont!
Missing character: There is no a in font nullfont!
Missing character: There is no t in font nullfont!
Missing character: There is no o in font nullfont!
Missing character: There is no d in font nullfont!
Missing character: There is no o in font nullfont!
Missing character: There is no . in font nullfont!
Missing character: There is no N in font nullfont!
Missing character: There is no e in font nullfont!
Missing character: There is no s in font nullfont!
Missing character: There is no s in font nullfont!
Missing character: There is no e in font nullfont!
Missing character: There is no c in font nullfont!
Missing character: There is no a in font nullfont!
Missing character: There is no s in font nullfont!
Missing character: There is no o in font nullfont!
Missing character: There is no , in font nullfont!
Missing character: There is no c in font nullfont!
Missing character: There is no h in font nullfont!
Missing character: There is no a in font nullfont!
Missing character: There is no m in font nullfont!
Missing character: There is no a in font nullfont!
Missing character: There is no d in font nullfont!
Missing character: There is no o in font nullfont!
Missing character: There is no d in font nullfont!
Missing character: There is no e in font nullfont!
Missing character: There is no e in font nullfont!
Missing character: There is no s in font nullfont!
Missing character: There is no t in font nullfont!
Missing character: There is no i in font nullfont!
Missing character: There is no m in font nullfont!
Missing character: There is no a in font nullfont!
Missing character: There is no d in font nullfont!
Missing character: There is no o in font nullfont!
Missing character: There is no r in font nullfont!
Missing character: There is no n in font nullfont!
Missing character: There is no o in font nullfont!
Missing character: There is no v in font nullfont!
Missing character: There is no i in font nullfont!
Missing character: There is no e in font nullfont!
Missing character: There is no s in font nullfont!
Missing character: There is no a in font nullfont!
Missing character: There is no d in font nullfont!
Missing character: There is no o in font nullfont!
Missing character: There is no d in font nullfont!
Missing character: There is no e in font nullfont!
Missing character: There is no v in font nullfont!
Missing character: There is no a in font nullfont!
Missing character: There is no r in font nullfont!
Missing character: There is no i in font nullfont!
Missing character: There is no n in font nullfont!
Missing character: There is no c in font nullfont!
Missing character: There is no i in font nullfont!
Missing character: There is no a in font nullfont!
Missing character: There is no u in font nullfont!
Missing character: There is no n in font nullfont!
Missing character: There is no i in font nullfont!
Missing character: There is no f in font nullfont!
Missing character: There is no o in font nullfont!
Missing character: There is no r in font nullfont!
Missing character: There is no m in font nullfont!
Missing character: There is no e in font nullfont!
Missing character: There is no m in font nullfont!
Missing character: There is no e in font nullfont!
Missing character: There is no n in font nullfont!
Missing character: There is no t in font nullfont!
Missing character: There is no e in font nullfont!
Missing character: There is no m in font nullfont!
Missing character: There is no n in font nullfont!
Missing character: There is no i in font nullfont!
Missing character: There is no m in font nullfont!
Missing character: There is no a in font nullfont!
Missing character: There is no ( in font nullfont!
Missing character: There is no E in font nullfont!
Missing character: There is no N in font nullfont!
Missing character: There is no V in font nullfont!
Missing character: There is no V in font nullfont!
Missing character: There is no U in font nullfont!
Missing character: There is no M in font nullfont!
Missing character: There is no ) in font nullfont!
Missing character: There is no d in font nullfont!
Missing character: There is no e in font nullfont!
Missing character: There is no . in font nullfont!

! LaTeX Error: \begin{document} ended by \end{definition}.

See the LaTeX manual or LaTeX Companion for explanation.
Type  H <return>  for immediate help.
 ...                                              
                                                  
l.293 \end{definition}
                      
Your command was ignored.
Type  I <command> <return>  to replace it with another command,
or  <return>  to continue without it.


Overfull \hbox (20.0pt too wide) in paragraph at lines 291--294
[]
 []


Overfull \hbox (15.43057pt too wide) in paragraph at lines 291--294
\OML/cmm/m/it/10 W[]$
 []


Overfull \hbox (4.44444pt too wide) in paragraph at lines 291--294
\/cmr/m/n/10 ^^Se
 []


Overfull \hbox (5.00002pt too wide) in paragraph at lines 291--294
\/cmr/m/n/10 ~a
 []


Overfull \hbox (18.25351pt too wide) in paragraph at lines 291--294
\OML/cmm/m/it/10 ^^\\/cmr/m/n/10 (\OML/cmm/m/it/10 ^^R\/cmr/m/n/10 )$
 []


Overfull \hbox (38.28816pt too wide) in paragraph at lines 291--294
[]\/cmr/m/n/10 (\OML/cmm/m/it/10 W[]\/cmr/m/n/10 ) =
 []


Overfull \hbox (18.25351pt too wide) in paragraph at lines 291--294
\OML/cmm/m/it/10 ^^\\/cmr/m/n/10 (\OML/cmm/m/it/10 ^^R\/cmr/m/n/10 )$
 []


Overfull \hbox (14.41663pt too wide) in paragraph at lines 291--294
\OML/cmm/m/it/10 ^^R \OMS/cmsy/m/n/10 2
 []


Overfull \hbox (7.7778pt too wide) in paragraph at lines 291--294
\/cmr/m/n/10 ^^B$
 []


Overfull \hbox (5.00002pt too wide) in paragraph at lines 291--294
\/cmr/m/n/10 ~a
 []


Overfull \hbox (10.83334pt too wide) in paragraph at lines 291--294
\OML/cmm/m/it/10 W$
 []


Overfull \hbox (18.25351pt too wide) in paragraph at lines 291--294
\OML/cmm/m/it/10 ^^\\/cmr/m/n/10 (\OML/cmm/m/it/10 ^^R\/cmr/m/n/10 )$
 []


Overfull \hbox (42.81244pt too wide) in paragraph at lines 291--294
[]\/cmr/m/n/10 (\OML/cmm/m/it/10 W[]\/cmr/m/n/10 ) \OMS/cmsy/m/n/10 ^^T[]
 []


Overfull \hbox (18.61115pt too wide) in paragraph at lines 291--294
\/cmr/m/n/10 (\OML/cmm/m/it/10 W\/cmr/m/n/10 )$
 []


Overfull \hbox (14.41663pt too wide) in paragraph at lines 291--294
\OML/cmm/m/it/10 ^^R \OMS/cmsy/m/n/10 2
 []


Overfull \hbox (7.7778pt too wide) in paragraph at lines 291--294
\/cmr/m/n/10 ^^B$
 []


Overfull \hbox (15.43057pt too wide) in paragraph at lines 291--294
\OML/cmm/m/it/10 W[]$
 []


Overfull \hbox (4.44444pt too wide) in paragraph at lines 291--294
\/cmr/m/n/10 ^^Se
 []


Overfull \hbox (5.00002pt too wide) in paragraph at lines 291--294
\/cmr/m/n/10 ~a
 []


Overfull \hbox (5.00002pt too wide) in paragraph at lines 291--294
\/cmr/m/n/10 ^a
 []


Overfull \hbox (2.77779pt too wide) in paragraph at lines 291--294
\/cmr/m/n/10 ^^S^^P
 []


Overfull \hbox (18.25351pt too wide) in paragraph at lines 291--294
\OML/cmm/m/it/10 ^^\\/cmr/m/n/10 (\OML/cmm/m/it/10 ^^R\/cmr/m/n/10 )$
 []


! LaTeX Error: Environment theorem undefined.

See the LaTeX manual or LaTeX Companion for explanation.
Type  H <return>  for immediate help.
 ...                                              
                                                  
l.295 \begin{theorem}
                     [Desigualdade de Cramér-Rao (Teorema 1)]
Your command was ignored.
Type  I <command> <return>  to replace it with another command,
or  <return>  to continue without it.


! LaTeX Error: Missing \begin{document}.

See the LaTeX manual or LaTeX Companion for explanation.
Type  H <return>  for immediate help.
 ...                                              
                                                  
l.295 \begin{theorem}[
                      Desigualdade de Cramér-Rao (Teorema 1)]
You're in trouble here.  Try typing  <return>  to proceed.
If that doesn't work, type  X <return>  to quit.

Missing character: There is no [ in font nullfont!
Missing character: There is no D in font nullfont!
Missing character: There is no e in font nullfont!
Missing character: There is no s in font nullfont!
Missing character: There is no i in font nullfont!
Missing character: There is no g in font nullfont!
Missing character: There is no u in font nullfont!
Missing character: There is no a in font nullfont!
Missing character: There is no l in font nullfont!
Missing character: There is no d in font nullfont!
Missing character: There is no a in font nullfont!
Missing character: There is no d in font nullfont!
Missing character: There is no e in font nullfont!
Missing character: There is no d in font nullfont!
Missing character: There is no e in font nullfont!
Missing character: There is no C in font nullfont!
Missing character: There is no r in font nullfont!
Missing character: There is no a in font nullfont!
Missing character: There is no m in font nullfont!
Missing character: There is no r in font nullfont!
Missing character: There is no - in font nullfont!
Missing character: There is no R in font nullfont!
Missing character: There is no a in font nullfont!
Missing character: There is no o in font nullfont!
Missing character: There is no ( in font nullfont!
Missing character: There is no T in font nullfont!
Missing character: There is no e in font nullfont!
Missing character: There is no o in font nullfont!
Missing character: There is no r in font nullfont!
Missing character: There is no e in font nullfont!
Missing character: There is no m in font nullfont!
Missing character: There is no a in font nullfont!
Missing character: There is no 1 in font nullfont!
Missing character: There is no ) in font nullfont!
Missing character: There is no ] in font nullfont!
Missing character: There is no S in font nullfont!
Missing character: There is no e in font nullfont!
Missing character: There is no j in font nullfont!
Missing character: There is no a in font nullfont!
Missing character: There is no m in font nullfont!
Missing character: There is no u in font nullfont!
Missing character: There is no m in font nullfont!
Missing character: There is no a in font nullfont!
Missing character: There is no a in font nullfont!
Missing character: There is no m in font nullfont!
Missing character: There is no o in font nullfont!
Missing character: There is no s in font nullfont!
Missing character: There is no t in font nullfont!
Missing character: There is no r in font nullfont!
Missing character: There is no a in font nullfont!
Missing character: There is no c in font nullfont!
Missing character: There is no o in font nullfont!
Missing character: There is no m in font nullfont!
Missing character: There is no f in font nullfont!
Missing character: There is no . in font nullfont!
Missing character: There is no d in font nullfont!
Missing character: There is no . in font nullfont!
Missing character: There is no p in font nullfont!
Missing character: There is no . in font nullfont!
Missing character: There is no c in font nullfont!
Missing character: There is no o in font nullfont!
Missing character: There is no n in font nullfont!
Missing character: There is no j in font nullfont!
Missing character: There is no u in font nullfont!
Missing character: There is no n in font nullfont!
Missing character: There is no t in font nullfont!
Missing character: There is no a in font nullfont!

LaTeX Warning: Command \v invalid in math mode on input line 296.


LaTeX Warning: Command \v invalid in math mode on input line 296.

! Please use \mathaccent for accents in math mode.
\add@accent ... \let \ignorespaces \relax \accent 
                                                  #1 #2\egroup \ifmmode \els...
l.296 ... uma amostra com f.d.p. conjunta $f(\v{x}
                                                   | \theta)$ e $W(\v{X})$ u...
I'm changing \accent to \mathaccent here; wish me luck.
(Accents are not the same in formulas as they are in text.)

! Missing { inserted.
<to be read again> 
                   \edef 
l.296 ... uma amostra com f.d.p. conjunta $f(\v{x}
                                                   | \theta)$ e $W(\v{X})$ u...
A left brace was mandatory here, so I've put one in.
You might want to delete and/or insert some corrections
so that I will find a matching right brace soon.
(If you're confused by all this, try typing `I}' now.)

! Missing } inserted.
<inserted text> 
                }
l.296 ...a com f.d.p. conjunta $f(\v{x} | \theta)$
                                                   e $W(\v{X})$ um estimador...
I've inserted something that you may have forgotten.
(See the <inserted text> above.)
With luck, this will get me unwedged. But if you
really didn't forget anything, try typing `2' now; then
my insertion and my current dilemma will both disappear.

Missing character: There is no e in font nullfont!

LaTeX Warning: Command \v invalid in math mode on input line 296.


LaTeX Warning: Command \v invalid in math mode on input line 296.

! Please use \mathaccent for accents in math mode.
\add@accent ... \let \ignorespaces \relax \accent 
                                                  #1 #2\egroup \ifmmode \els...
l.296 .... conjunta $f(\v{x} | \theta)$ e $W(\v{X}
                                                  )$ um estimador que satisfaz
I'm changing \accent to \mathaccent here; wish me luck.
(Accents are not the same in formulas as they are in text.)

! Missing { inserted.
<to be read again> 
                   \edef 
l.296 .... conjunta $f(\v{x} | \theta)$ e $W(\v{X}
                                                  )$ um estimador que satisfaz
A left brace was mandatory here, so I've put one in.
You might want to delete and/or insert some corrections
so that I will find a matching right brace soon.
(If you're confused by all this, try typing `I}' now.)

! Missing } inserted.
<inserted text> 
                }
l.296 ...conjunta $f(\v{x} | \theta)$ e $W(\v{X})$
                                                   um estimador que satisfaz
I've inserted something that you may have forgotten.
(See the <inserted text> above.)
With luck, this will get me unwedged. But if you
really didn't forget anything, try typing `2' now; then
my insertion and my current dilemma will both disappear.

Missing character: There is no u in font nullfont!
Missing character: There is no m in font nullfont!
Missing character: There is no e in font nullfont!
Missing character: There is no s in font nullfont!
Missing character: There is no t in font nullfont!
Missing character: There is no i in font nullfont!
Missing character: There is no m in font nullfont!
Missing character: There is no a in font nullfont!
Missing character: There is no d in font nullfont!
Missing character: There is no o in font nullfont!
Missing character: There is no r in font nullfont!
Missing character: There is no q in font nullfont!
Missing character: There is no u in font nullfont!
Missing character: There is no e in font nullfont!
Missing character: There is no s in font nullfont!
Missing character: There is no a in font nullfont!
Missing character: There is no t in font nullfont!
Missing character: There is no i in font nullfont!
Missing character: There is no s in font nullfont!
Missing character: There is no f in font nullfont!
Missing character: There is no a in font nullfont!
Missing character: There is no z in font nullfont!

Overfull \hbox (20.0pt too wide) in paragraph at lines 295--297
[]
 []


Overfull \hbox (4.44444pt too wide) in paragraph at lines 295--297
\/cmr/m/n/10 ^^Se
 []


Overfull \hbox (65.93625pt too wide) in paragraph at lines 295--297
\OML/cmm/m/it/10 X[]; X[]; [] ; X[]$
 []


Overfull \hbox (27.21535pt too wide) in paragraph at lines 295--297
\OML/cmm/m/it/10 f\/cmr/m/n/10 ([]$
 []


Overfull \hbox (27.68057pt too wide) in paragraph at lines 295--297
\OML/cmm/m/it/10 W\/cmr/m/n/10 ([]$
 []

! Undefined control sequence.
l.298 	\frac{d}{d\theta} \E
                           _\theta[W(\v{X})] = \int_{\mathcal{X}} \frac{\par...
The control sequence at the end of the top line
of your error message was never \def'ed. If you have
misspelled it (e.g., `\hobx'), type `I' and the correct
spelling (e.g., `I\hbox'). Otherwise just continue,
and I'll forget about whatever was undefined.


LaTeX Warning: Command \v invalid in math mode on input line 298.


LaTeX Warning: Command \v invalid in math mode on input line 298.

! Please use \mathaccent for accents in math mode.
\add@accent ... \let \ignorespaces \relax \accent 
                                                  #1 #2\egroup \ifmmode \els...
l.298 	\frac{d}{d\theta} \E_\theta[W(\v{X}
                                          )] = \int_{\mathcal{X}} \frac{\par...
I'm changing \accent to \mathaccent here; wish me luck.
(Accents are not the same in formulas as they are in text.)

! Missing { inserted.
<to be read again> 
                   \edef 
l.298 	\frac{d}{d\theta} \E_\theta[W(\v{X}
                                          )] = \int_{\mathcal{X}} \frac{\par...
A left brace was mandatory here, so I've put one in.
You might want to delete and/or insert some corrections
so that I will find a matching right brace soon.
(If you're confused by all this, try typing `I}' now.)


LaTeX Warning: Command \v invalid in math mode on input line 298.

! Please use \mathaccent for accents in math mode.
\add@accent ... \let \ignorespaces \relax \accent 
                                                  #1 #2\egroup \ifmmode \els...
l.298 ... \frac{\partial}{\partial\theta} [W(\v{x}
                                                  )f(\v{x} | \theta)]d\v{x} ...
I'm changing \accent to \mathaccent here; wish me luck.
(Accents are not the same in formulas as they are in text.)


LaTeX Warning: Command \v invalid in math mode on input line 298.

! Please use \mathaccent for accents in math mode.
\add@accent ... \let \ignorespaces \relax \accent 
                                                  #1 #2\egroup \ifmmode \els...
l.298 ...partial}{\partial\theta} [W(\v{x})f(\v{x}
                                                   | \theta)]d\v{x} \quad \t...
I'm changing \accent to \mathaccent here; wish me luck.
(Accents are not the same in formulas as they are in text.)


LaTeX Warning: Command \v invalid in math mode on input line 298.

! Please use \mathaccent for accents in math mode.
\add@accent ... \let \ignorespaces \relax \accent 
                                                  #1 #2\egroup \ifmmode \els...
l.298 ...\theta} [W(\v{x})f(\v{x} | \theta)]d\v{x}
                                                   \quad \text{e} \quad \Var...
I'm changing \accent to \mathaccent here; wish me luck.
(Accents are not the same in formulas as they are in text.)

! Undefined control sequence.
l.298 ...v{x})f(\v{x} | \theta)]d\v{x} \quad \text
                                                  {e} \quad \Var_\theta[W(\v...
The control sequence at the end of the top line
of your error message was never \def'ed. If you have
misspelled it (e.g., `\hobx'), type `I' and the correct
spelling (e.g., `I\hbox'). Otherwise just continue,
and I'll forget about whatever was undefined.

! Undefined control sequence.
l.298 ... \theta)]d\v{x} \quad \text{e} \quad \Var
                                                  _\theta[W(\v{X})] < \infty.
The control sequence at the end of the top line
of your error message was never \def'ed. If you have
misspelled it (e.g., `\hobx'), type `I' and the correct
spelling (e.g., `I\hbox'). Otherwise just continue,
and I'll forget about whatever was undefined.


LaTeX Warning: Command \v invalid in math mode on input line 298.

! Please use \mathaccent for accents in math mode.
\add@accent ... \let \ignorespaces \relax \accent 
                                                  #1 #2\egroup \ifmmode \els...
l.298 ... \quad \text{e} \quad \Var_\theta[W(\v{X}
                                                  )] < \infty.
I'm changing \accent to \mathaccent here; wish me luck.
(Accents are not the same in formulas as they are in text.)


! LaTeX Error: Bad math environment delimiter.

See the LaTeX manual or LaTeX Companion for explanation.
Type  H <return>  for immediate help.
 ...                                              
                                                  
l.299 	\]
         
Your command was ignored.
Type  I <command> <return>  to replace it with another command,
or  <return>  to continue without it.


LaTeX Warning: Command \~ invalid in math mode on input line 300.

! Please use \mathaccent for accents in math mode.
\add@accent ... \let \ignorespaces \relax \accent 
                                                  #1 #2\egroup \ifmmode \els...
l.300 	Entã
            o,
I'm changing \accent to \mathaccent here; wish me luck.
(Accents are not the same in formulas as they are in text.)


! LaTeX Error: Bad math environment delimiter.

See the LaTeX manual or LaTeX Companion for explanation.
Type  H <return>  for immediate help.
 ...                                              
                                                  
l.301 	\[
         
Your command was ignored.
Type  I <command> <return>  to replace it with another command,
or  <return>  to continue without it.

! Undefined control sequence.
l.302 	\Var
           _\theta[W(\v{X})] \geq \frac{\left(\frac{d}{d\theta} \E_\theta[W(...
The control sequence at the end of the top line
of your error message was never \def'ed. If you have
misspelled it (e.g., `\hobx'), type `I' and the correct
spelling (e.g., `I\hbox'). Otherwise just continue,
and I'll forget about whatever was undefined.


LaTeX Warning: Command \v invalid in math mode on input line 302.

! Please use \mathaccent for accents in math mode.
\add@accent ... \let \ignorespaces \relax \accent 
                                                  #1 #2\egroup \ifmmode \els...
l.302 	\Var_\theta[W(\v{X}
                          )] \geq \frac{\left(\frac{d}{d\theta} \E_\theta[W(...
I'm changing \accent to \mathaccent here; wish me luck.
(Accents are not the same in formulas as they are in text.)

! Undefined control sequence.
<argument> \left (\frac {d}{d\theta } \E 
                                         _\theta [W(\v {X})]\right )^2
l.302 ...} \log f(\v{X} | \theta)\right)^2\right]}
                                                  .
The control sequence at the end of the top line
of your error message was never \def'ed. If you have
misspelled it (e.g., `\hobx'), type `I' and the correct
spelling (e.g., `I\hbox'). Otherwise just continue,
and I'll forget about whatever was undefined.


LaTeX Warning: Command \v invalid in math mode on input line 302.

! Please use \mathaccent for accents in math mode.
\add@accent ... \let \ignorespaces \relax \accent 
                                                  #1 #2\egroup \ifmmode \els...
l.302 ...} \log f(\v{X} | \theta)\right)^2\right]}
                                                  .
I'm changing \accent to \mathaccent here; wish me luck.
(Accents are not the same in formulas as they are in text.)

! Undefined control sequence.
<argument> \E 
              _\theta \left [\left (\frac {\partial }{\partial \theta } \log...
l.302 ...} \log f(\v{X} | \theta)\right)^2\right]}
                                                  .
The control sequence at the end of the top line
of your error message was never \def'ed. If you have
misspelled it (e.g., `\hobx'), type `I' and the correct
spelling (e.g., `I\hbox'). Otherwise just continue,
and I'll forget about whatever was undefined.


LaTeX Warning: Command \v invalid in math mode on input line 302.

! Please use \mathaccent for accents in math mode.
\add@accent ... \let \ignorespaces \relax \accent 
                                                  #1 #2\egroup \ifmmode \els...
l.302 ...} \log f(\v{X} | \theta)\right)^2\right]}
                                                  .
I'm changing \accent to \mathaccent here; wish me luck.
(Accents are not the same in formulas as they are in text.)


! LaTeX Error: Bad math environment delimiter.

See the LaTeX manual or LaTeX Companion for explanation.
Type  H <return>  for immediate help.
 ...                                              
                                                  
l.303 	\]
         
Your command was ignored.
Type  I <command> <return>  to replace it with another command,
or  <return>  to continue without it.

! Missing $ inserted.
<inserted text> 
                $
l.304 	
       
I've inserted a begin-math/end-math symbol since I think
you left one out. Proceed, with fingers crossed.

! Missing } inserted.
<inserted text> 
                }
l.304 	
       
I've inserted something that you may have forgotten.
(See the <inserted text> above.)
With luck, this will get me unwedged. But if you
really didn't forget anything, try typing `2' now; then
my insertion and my current dilemma will both disappear.

! Display math should end with $$.
<to be read again> 
                   \tex_par:D 
l.304 	
       
The `$' that I just saw supposedly matches a previous `$$'.
So I shall assume that you typed `$$' both times.


Overfull \hbox (423.5856pt too wide) detected at line 304
[][]\/cmr/m/n/10 [\OML/cmm/m/it/10 W\/cmr/m/n/10 ([]
 []


! LaTeX Error: Environment note undefined.

See the LaTeX manual or LaTeX Companion for explanation.
Type  H <return>  for immediate help.
 ...                                              
                                                  
l.305 	\begin{note}
                   
Your command was ignored.
Type  I <command> <return>  to replace it with another command,
or  <return>  to continue without it.


! LaTeX Error: Missing \begin{document}.

See the LaTeX manual or LaTeX Companion for explanation.
Type  H <return>  for immediate help.
 ...                                              
                                                  
l.306 		\leavevmode
                   
You're in trouble here.  Try typing  <return>  to proceed.
If that doesn't work, type  X <return>  to quit.


! LaTeX Error: Environment outline undefined.

See the LaTeX manual or LaTeX Companion for explanation.
Type  H <return>  for immediate help.
 ...                                              
                                                  
l.307 		\begin{outline}
                       [enumerate]
Your command was ignored.
Type  I <command> <return>  to replace it with another command,
or  <return>  to continue without it.

Missing character: There is no [ in font nullfont!
Missing character: There is no e in font nullfont!
Missing character: There is no n in font nullfont!
Missing character: There is no u in font nullfont!
Missing character: There is no m in font nullfont!
Missing character: There is no e in font nullfont!
Missing character: There is no r in font nullfont!
Missing character: There is no a in font nullfont!
Missing character: There is no t in font nullfont!
Missing character: There is no e in font nullfont!
Missing character: There is no ] in font nullfont!
! Undefined control sequence.
l.308 			\1
            O resultado do Teorema 1, bem como do Corolário 1, permanecerá...
The control sequence at the end of the top line
of your error message was never \def'ed. If you have
misspelled it (e.g., `\hobx'), type `I' and the correct
spelling (e.g., `I\hbox'). Otherwise just continue,
and I'll forget about whatever was undefined.

Missing character: There is no O in font nullfont!
Missing character: There is no r in font nullfont!
Missing character: There is no e in font nullfont!
Missing character: There is no s in font nullfont!
Missing character: There is no u in font nullfont!
Missing character: There is no l in font nullfont!
Missing character: There is no t in font nullfont!
Missing character: There is no a in font nullfont!
Missing character: There is no d in font nullfont!
Missing character: There is no o in font nullfont!
Missing character: There is no d in font nullfont!
Missing character: There is no o in font nullfont!
Missing character: There is no T in font nullfont!
Missing character: There is no e in font nullfont!
Missing character: There is no o in font nullfont!
Missing character: There is no r in font nullfont!
Missing character: There is no e in font nullfont!
Missing character: There is no m in font nullfont!
Missing character: There is no a in font nullfont!
Missing character: There is no 1 in font nullfont!
Missing character: There is no , in font nullfont!
Missing character: There is no b in font nullfont!
Missing character: There is no e in font nullfont!
Missing character: There is no m in font nullfont!
Missing character: There is no c in font nullfont!
Missing character: There is no o in font nullfont!
Missing character: There is no m in font nullfont!
Missing character: There is no o in font nullfont!
Missing character: There is no d in font nullfont!
Missing character: There is no o in font nullfont!
Missing character: There is no C in font nullfont!
Missing character: There is no o in font nullfont!
Missing character: There is no r in font nullfont!
Missing character: There is no o in font nullfont!
Missing character: There is no l in font nullfont!
Missing character: There is no r in font nullfont!
Missing character: There is no i in font nullfont!
Missing character: There is no o in font nullfont!
Missing character: There is no 1 in font nullfont!
Missing character: There is no , in font nullfont!
Missing character: There is no p in font nullfont!
Missing character: There is no e in font nullfont!
Missing character: There is no r in font nullfont!
Missing character: There is no m in font nullfont!
Missing character: There is no a in font nullfont!
Missing character: There is no n in font nullfont!
Missing character: There is no e in font nullfont!
Missing character: There is no c in font nullfont!
Missing character: There is no e in font nullfont!
Missing character: There is no r in font nullfont!
Missing character: There is no v in font nullfont!
Missing character: There is no l in font nullfont!
Missing character: There is no i in font nullfont!
Missing character: There is no d in font nullfont!
Missing character: There is no o in font nullfont!
Missing character: There is no q in font nullfont!
Missing character: There is no u in font nullfont!
Missing character: There is no a in font nullfont!
Missing character: There is no n in font nullfont!
Missing character: There is no d in font nullfont!
Missing character: There is no o in font nullfont!
Missing character: There is no a in font nullfont!
Missing character: There is no s in font nullfont!
Missing character: There is no v in font nullfont!
Missing character: There is no . in font nullfont!
Missing character: There is no a in font nullfont!
Missing character: There is no . in font nullfont!
Missing character: There is no ' in font nullfont!
Missing character: There is no s in font nullfont!
Missing character: There is no f in font nullfont!
Missing character: There is no o in font nullfont!
Missing character: There is no r in font nullfont!
Missing character: There is no e in font nullfont!
Missing character: There is no m in font nullfont!
Missing character: There is no d in font nullfont!
Missing character: There is no i in font nullfont!
Missing character: There is no s in font nullfont!
Missing character: There is no c in font nullfont!
Missing character: There is no r in font nullfont!
Missing character: There is no e in font nullfont!
Missing character: There is no t in font nullfont!
Missing character: There is no a in font nullfont!
Missing character: There is no s in font nullfont!
Missing character: There is no . in font nullfont!
Missing character: There is no N in font nullfont!
Missing character: There is no e in font nullfont!
Missing character: There is no s in font nullfont!
Missing character: There is no s in font nullfont!
Missing character: There is no e in font nullfont!
Missing character: There is no c in font nullfont!
Missing character: There is no a in font nullfont!
Missing character: There is no s in font nullfont!
Missing character: There is no o in font nullfont!
Missing character: There is no , in font nullfont!
Missing character: There is no t in font nullfont!
Missing character: There is no r in font nullfont!
Missing character: There is no o in font nullfont!
Missing character: There is no c in font nullfont!
Missing character: There is no a in font nullfont!
Missing character: There is no - in font nullfont!
Missing character: There is no s in font nullfont!
Missing character: There is no e in font nullfont!
Missing character: There is no a in font nullfont!
Missing character: There is no i in font nullfont!
Missing character: There is no n in font nullfont!
Missing character: There is no t in font nullfont!
Missing character: There is no e in font nullfont!
Missing character: There is no g in font nullfont!
Missing character: There is no r in font nullfont!
Missing character: There is no a in font nullfont!
Missing character: There is no l in font nullfont!
Missing character: There is no p in font nullfont!
Missing character: There is no e in font nullfont!
Missing character: There is no l in font nullfont!
Missing character: There is no o in font nullfont!
Missing character: There is no s in font nullfont!
Missing character: There is no o in font nullfont!
Missing character: There is no m in font nullfont!
Missing character: There is no a in font nullfont!
Missing character: There is no t in font nullfont!
Missing character: There is no r in font nullfont!
Missing character: There is no i in font nullfont!
Missing character: There is no o in font nullfont!
Missing character: There is no n in font nullfont!
Missing character: There is no a in font nullfont!
Missing character: There is no s in font nullfont!
Missing character: There is no u in font nullfont!
Missing character: There is no p in font nullfont!
Missing character: There is no o in font nullfont!
Missing character: There is no s in font nullfont!
Missing character: There is no i in font nullfont!
Missing character: There is no o in font nullfont!
Missing character: There is no . in font nullfont!

Overfull \hbox (20.0pt too wide) in paragraph at lines 306--309
[]
 []


Overfull \hbox (5.00002pt too wide) in paragraph at lines 306--309
\/cmr/m/n/10 ^^Sa
 []


Overfull \hbox (5.00002pt too wide) in paragraph at lines 306--309
\/cmr/m/n/10 ^^Sa
 []


Overfull \hbox (5.00002pt too wide) in paragraph at lines 306--309
\/cmr/m/n/10 ^^Sa
 []


Overfull \hbox (5.00002pt too wide) in paragraph at lines 306--309
\/cmr/m/n/10 ^^So
 []


Overfull \hbox (9.44446pt too wide) in paragraph at lines 306--309
\/cmr/m/n/10 ^^Xc~a 
 []

! Undefined control sequence.
l.310 			\1
            A quantidade
The control sequence at the end of the top line
of your error message was never \def'ed. If you have
misspelled it (e.g., `\hobx'), type `I' and the correct
spelling (e.g., `I\hbox'). Otherwise just continue,
and I'll forget about whatever was undefined.


! LaTeX Error: Missing \begin{document}.

See the LaTeX manual or LaTeX Companion for explanation.
Type  H <return>  for immediate help.
 ...                                              
                                                  
l.310 			\1 A
              quantidade
You're in trouble here.  Try typing  <return>  to proceed.
If that doesn't work, type  X <return>  to quit.

Missing character: There is no A in font nullfont!
Missing character: There is no q in font nullfont!
Missing character: There is no u in font nullfont!
Missing character: There is no a in font nullfont!
Missing character: There is no n in font nullfont!
Missing character: There is no t in font nullfont!
Missing character: There is no i in font nullfont!
Missing character: There is no d in font nullfont!
Missing character: There is no a in font nullfont!
Missing character: There is no d in font nullfont!
Missing character: There is no e in font nullfont!

Overfull \hbox (20.0pt too wide) in paragraph at lines 310--311
[]
 []

! Undefined control sequence.
<argument> \left (\frac {d}{d\theta } \E 
                                         _\theta [W(\v {X})]\right )^2
l.312 ...} \log f(\v{X} | \theta)\right)^2\right]}
                                                  ,
The control sequence at the end of the top line
of your error message was never \def'ed. If you have
misspelled it (e.g., `\hobx'), type `I' and the correct
spelling (e.g., `I\hbox'). Otherwise just continue,
and I'll forget about whatever was undefined.


LaTeX Warning: Command \v invalid in math mode on input line 312.


LaTeX Warning: Command \v invalid in math mode on input line 312.

! Please use \mathaccent for accents in math mode.
\add@accent ... \let \ignorespaces \relax \accent 
                                                  #1 #2\egroup \ifmmode \els...
l.312 ...} \log f(\v{X} | \theta)\right)^2\right]}
                                                  ,
I'm changing \accent to \mathaccent here; wish me luck.
(Accents are not the same in formulas as they are in text.)

! Missing { inserted.
<to be read again> 
                   \edef 
l.312 ...} \log f(\v{X} | \theta)\right)^2\right]}
                                                  ,
A left brace was mandatory here, so I've put one in.
You might want to delete and/or insert some corrections
so that I will find a matching right brace soon.
(If you're confused by all this, try typing `I}' now.)

! Missing } inserted.
<inserted text> 
                }
l.312 ...} \log f(\v{X} | \theta)\right)^2\right]}
                                                  ,
I've inserted something that you may have forgotten.
(See the <inserted text> above.)
With luck, this will get me unwedged. But if you
really didn't forget anything, try typing `2' now; then
my insertion and my current dilemma will both disappear.

! Undefined control sequence.
<argument> \E 
              _\theta \left [\left (\frac {\partial }{\partial \theta } \log...
l.312 ...} \log f(\v{X} | \theta)\right)^2\right]}
                                                  ,
The control sequence at the end of the top line
of your error message was never \def'ed. If you have
misspelled it (e.g., `\hobx'), type `I' and the correct
spelling (e.g., `I\hbox'). Otherwise just continue,
and I'll forget about whatever was undefined.


LaTeX Warning: Command \v invalid in math mode on input line 312.


LaTeX Warning: Command \v invalid in math mode on input line 312.

! Please use \mathaccent for accents in math mode.
\add@accent ... \let \ignorespaces \relax \accent 
                                                  #1 #2\egroup \ifmmode \els...
l.312 ...} \log f(\v{X} | \theta)\right)^2\right]}
                                                  ,
I'm changing \accent to \mathaccent here; wish me luck.
(Accents are not the same in formulas as they are in text.)

! Missing { inserted.
<to be read again> 
                   \edef 
l.312 ...} \log f(\v{X} | \theta)\right)^2\right]}
                                                  ,
A left brace was mandatory here, so I've put one in.
You might want to delete and/or insert some corrections
so that I will find a matching right brace soon.
(If you're confused by all this, try typing `I}' now.)

! Missing } inserted.
<inserted text> 
                }
l.312 ...} \log f(\v{X} | \theta)\right)^2\right]}
                                                  ,
I've inserted something that you may have forgotten.
(See the <inserted text> above.)
With luck, this will get me unwedged. But if you
really didn't forget anything, try typing `2' now; then
my insertion and my current dilemma will both disappear.


Overfull \hbox (92.41074pt too wide) detected at line 313
[]\OML/cmm/m/it/10 ;
 []

Missing character: There is no e in font nullfont!
Missing character: There is no x in font nullfont!
Missing character: There is no i in font nullfont!
Missing character: There is no b in font nullfont!
Missing character: There is no i in font nullfont!
Missing character: There is no d in font nullfont!
Missing character: There is no a in font nullfont!
Missing character: There is no n in font nullfont!
Missing character: There is no o in font nullfont!
Missing character: There is no T in font nullfont!
Missing character: There is no e in font nullfont!
Missing character: There is no o in font nullfont!
Missing character: There is no r in font nullfont!
Missing character: There is no e in font nullfont!
Missing character: There is no m in font nullfont!
Missing character: There is no a in font nullfont!
Missing character: There is no 1 in font nullfont!
Missing character: There is no , in font nullfont!
Missing character: There is no c in font nullfont!
Missing character: There is no o in font nullfont!
Missing character: There is no n in font nullfont!
Missing character: There is no h in font nullfont!
Missing character: There is no e in font nullfont!
Missing character: There is no c in font nullfont!
Missing character: There is no i in font nullfont!
Missing character: There is no d in font nullfont!
Missing character: There is no a in font nullfont!
Missing character: There is no c in font nullfont!
Missing character: There is no o in font nullfont!
Missing character: There is no m in font nullfont!
Missing character: There is no o in font nullfont!
Missing character: There is no l in font nullfont!
Missing character: There is no i in font nullfont!
Missing character: There is no m in font nullfont!
Missing character: There is no i in font nullfont!
Missing character: There is no t in font nullfont!
Missing character: There is no e in font nullfont!
Missing character: There is no i in font nullfont!
Missing character: There is no n in font nullfont!
Missing character: There is no f in font nullfont!
Missing character: There is no e in font nullfont!
Missing character: There is no r in font nullfont!
Missing character: There is no i in font nullfont!
Missing character: There is no o in font nullfont!
Missing character: There is no r in font nullfont!
Missing character: There is no d in font nullfont!
Missing character: There is no e in font nullfont!
Missing character: There is no C in font nullfont!
Missing character: There is no r in font nullfont!
Missing character: There is no a in font nullfont!
Missing character: There is no m in font nullfont!
Missing character: There is no r in font nullfont!
Missing character: There is no - in font nullfont!
Missing character: There is no R in font nullfont!
Missing character: There is no a in font nullfont!
Missing character: There is no o in font nullfont!
Missing character: There is no ( in font nullfont!
Missing character: There is no L in font nullfont!
Missing character: There is no I in font nullfont!
Missing character: There is no C in font nullfont!
Missing character: There is no R in font nullfont!
Missing character: There is no ) in font nullfont!
Missing character: There is no . in font nullfont!

Overfull \hbox (4.44444pt too wide) in paragraph at lines 313--315
    \/cmr/m/n/10 ^^Se
 []


Overfull \hbox (4.44444pt too wide) in paragraph at lines 313--315
\/cmr/m/n/10 ^^Se
 []

! Undefined control sequence.
l.316 			\1
            A quantidade
The control sequence at the end of the top line
of your error message was never \def'ed. If you have
misspelled it (e.g., `\hobx'), type `I' and the correct
spelling (e.g., `I\hbox'). Otherwise just continue,
and I'll forget about whatever was undefined.


! LaTeX Error: Missing \begin{document}.

See the LaTeX manual or LaTeX Companion for explanation.
Type  H <return>  for immediate help.
 ...                                              
                                                  
l.316 			\1 A
              quantidade
You're in trouble here.  Try typing  <return>  to proceed.
If that doesn't work, type  X <return>  to quit.

Missing character: There is no A in font nullfont!
Missing character: There is no q in font nullfont!
Missing character: There is no u in font nullfont!
Missing character: There is no a in font nullfont!
Missing character: There is no n in font nullfont!
Missing character: There is no t in font nullfont!
Missing character: There is no i in font nullfont!
Missing character: There is no d in font nullfont!
Missing character: There is no a in font nullfont!
Missing character: There is no d in font nullfont!
Missing character: There is no e in font nullfont!

Overfull \hbox (20.0pt too wide) in paragraph at lines 316--317
[]
 []

! Undefined control sequence.
l.318 			\E
           _\theta\left[\left(\frac{\partial}{\partial\theta} \log f(\v{X} |...
The control sequence at the end of the top line
of your error message was never \def'ed. If you have
misspelled it (e.g., `\hobx'), type `I' and the correct
spelling (e.g., `I\hbox'). Otherwise just continue,
and I'll forget about whatever was undefined.


LaTeX Warning: Command \v invalid in math mode on input line 318.


LaTeX Warning: Command \v invalid in math mode on input line 318.

! Please use \mathaccent for accents in math mode.
\add@accent ... \let \ignorespaces \relax \accent 
                                                  #1 #2\egroup \ifmmode \els...
l.318 ...ac{\partial}{\partial\theta} \log f(\v{X}
                                                   | \theta)\right)^2\right]
I'm changing \accent to \mathaccent here; wish me luck.
(Accents are not the same in formulas as they are in text.)

! Missing { inserted.
<to be read again> 
                   \edef 
l.318 ...ac{\partial}{\partial\theta} \log f(\v{X}
                                                   | \theta)\right)^2\right]
A left brace was mandatory here, so I've put one in.
You might want to delete and/or insert some corrections
so that I will find a matching right brace soon.
(If you're confused by all this, try typing `I}' now.)

! Missing } inserted.
<inserted text> 
                }
l.318 ...rtial\theta} \log f(\v{X} | \theta)\right
                                                  )^2\right]
I've inserted something that you may have forgotten.
(See the <inserted text> above.)
With luck, this will get me unwedged. But if you
really didn't forget anything, try typing `2' now; then
my insertion and my current dilemma will both disappear.


Overfull \hbox (97.12228pt too wide) detected at line 319
[] []
 []

Missing character: There is no c in font nullfont!
Missing character: There is no o in font nullfont!
Missing character: There is no n in font nullfont!
Missing character: There is no h in font nullfont!
Missing character: There is no e in font nullfont!
Missing character: There is no c in font nullfont!
Missing character: There is no i in font nullfont!
Missing character: There is no d in font nullfont!
Missing character: There is no a in font nullfont!
Missing character: There is no c in font nullfont!
Missing character: There is no o in font nullfont!
Missing character: There is no m in font nullfont!
Missing character: There is no o in font nullfont!
Missing character: There is no i in font nullfont!
Missing character: There is no n in font nullfont!
Missing character: There is no f in font nullfont!
Missing character: There is no o in font nullfont!
Missing character: There is no r in font nullfont!
Missing character: There is no m in font nullfont!
Missing character: There is no a in font nullfont!
Missing character: There is no o in font nullfont!
Missing character: There is no d in font nullfont!
Missing character: There is no e in font nullfont!
Missing character: There is no F in font nullfont!
Missing character: There is no i in font nullfont!
Missing character: There is no s in font nullfont!
Missing character: There is no h in font nullfont!
Missing character: There is no e in font nullfont!
Missing character: There is no r in font nullfont!
Missing character: There is no d in font nullfont!
Missing character: There is no a in font nullfont!
Missing character: There is no a in font nullfont!
Missing character: There is no m in font nullfont!
Missing character: There is no o in font nullfont!
Missing character: There is no s in font nullfont!
Missing character: There is no t in font nullfont!
Missing character: There is no r in font nullfont!
Missing character: There is no a in font nullfont!
Missing character: There is no . in font nullfont!
Missing character: There is no Q in font nullfont!
Missing character: There is no u in font nullfont!
Missing character: There is no a in font nullfont!
Missing character: There is no n in font nullfont!
Missing character: There is no t in font nullfont!
Missing character: There is no o in font nullfont!
Missing character: There is no m in font nullfont!
Missing character: There is no a in font nullfont!
Missing character: There is no i in font nullfont!
Missing character: There is no o in font nullfont!
Missing character: There is no r in font nullfont!
Missing character: There is no a in font nullfont!
Missing character: There is no i in font nullfont!
Missing character: There is no n in font nullfont!
Missing character: There is no f in font nullfont!
Missing character: There is no o in font nullfont!
Missing character: There is no r in font nullfont!
Missing character: There is no m in font nullfont!
Missing character: There is no a in font nullfont!
Missing character: There is no o in font nullfont!
Missing character: There is no d in font nullfont!
Missing character: There is no e in font nullfont!
Missing character: There is no F in font nullfont!
Missing character: There is no i in font nullfont!
Missing character: There is no s in font nullfont!
Missing character: There is no h in font nullfont!
Missing character: There is no e in font nullfont!
Missing character: There is no r in font nullfont!
Missing character: There is no , in font nullfont!
Missing character: There is no m in font nullfont!
Missing character: There is no a in font nullfont!
Missing character: There is no i in font nullfont!
Missing character: There is no s in font nullfont!
Missing character: There is no i in font nullfont!
Missing character: There is no n in font nullfont!
Missing character: There is no f in font nullfont!
Missing character: There is no o in font nullfont!
Missing character: There is no r in font nullfont!
Missing character: There is no m in font nullfont!
Missing character: There is no a in font nullfont!
Missing character: There is no o in font nullfont!
Missing character: There is no t in font nullfont!
Missing character: There is no e in font nullfont!
Missing character: There is no m in font nullfont!
Missing character: There is no o in font nullfont!
Missing character: There is no s in font nullfont!
Missing character: There is no s in font nullfont!
Missing character: There is no o in font nullfont!
Missing character: There is no b in font nullfont!
Missing character: There is no r in font nullfont!
Missing character: There is no e in font nullfont!
Missing character: There is no e in font nullfont!
Missing character: There is no , in font nullfont!
Missing character: There is no c in font nullfont!
Missing character: There is no o in font nullfont!
Missing character: There is no n in font nullfont!
Missing character: There is no s in font nullfont!
Missing character: There is no e in font nullfont!
Missing character: There is no q in font nullfont!
Missing character: There is no u in font nullfont!
Missing character: There is no e in font nullfont!
Missing character: There is no n in font nullfont!
Missing character: There is no t in font nullfont!
Missing character: There is no e in font nullfont!
Missing character: There is no m in font nullfont!
Missing character: There is no e in font nullfont!
Missing character: There is no n in font nullfont!
Missing character: There is no t in font nullfont!
Missing character: There is no e in font nullfont!
Missing character: There is no , in font nullfont!
Missing character: There is no m in font nullfont!
Missing character: There is no e in font nullfont!
Missing character: There is no n in font nullfont!
Missing character: There is no o in font nullfont!
Missing character: There is no r in font nullfont!
Missing character: There is no s in font nullfont!
Missing character: There is no e in font nullfont!
Missing character: There is no r in font nullfont!
Missing character: There is no o in font nullfont!
Missing character: There is no l in font nullfont!
Missing character: There is no i in font nullfont!
Missing character: There is no m in font nullfont!
Missing character: There is no i in font nullfont!
Missing character: There is no t in font nullfont!
Missing character: There is no e in font nullfont!
Missing character: There is no i in font nullfont!
Missing character: There is no n in font nullfont!
Missing character: There is no f in font nullfont!
Missing character: There is no e in font nullfont!
Missing character: There is no r in font nullfont!
Missing character: There is no i in font nullfont!
Missing character: There is no o in font nullfont!
Missing character: There is no r in font nullfont!
Missing character: There is no d in font nullfont!
Missing character: There is no e in font nullfont!
Missing character: There is no C in font nullfont!
Missing character: There is no r in font nullfont!
Missing character: There is no a in font nullfont!
Missing character: There is no m in font nullfont!
Missing character: There is no r in font nullfont!
Missing character: There is no - in font nullfont!
Missing character: There is no R in font nullfont!
Missing character: There is no a in font nullfont!
Missing character: There is no o in font nullfont!
Missing character: There is no . in font nullfont!

! LaTeX Error: \begin{document} ended by \end{outline}.

See the LaTeX manual or LaTeX Companion for explanation.
Type  H <return>  for immediate help.
 ...                                              
                                                  
l.321 		\end{outline}
                     
Your command was ignored.
Type  I <command> <return>  to replace it with another command,
or  <return>  to continue without it.


! LaTeX Error: \begin{document} ended by \end{note}.

See the LaTeX manual or LaTeX Companion for explanation.
Type  H <return>  for immediate help.
 ...                                              
                                                  
l.322 	\end{note}
                 
Your command was ignored.
Type  I <command> <return>  to replace it with another command,
or  <return>  to continue without it.


! LaTeX Error: \begin{document} ended by \end{theorem}.

See the LaTeX manual or LaTeX Companion for explanation.
Type  H <return>  for immediate help.
 ...                                              
                                                  
l.323 \end{theorem}
                   
Your command was ignored.
Type  I <command> <return>  to replace it with another command,
or  <return>  to continue without it.


Overfull \hbox (4.44444pt too wide) in paragraph at lines 319--324
\/cmr/m/n/10 ^^Se
 []


Overfull \hbox (9.44446pt too wide) in paragraph at lines 319--324
\/cmr/m/n/10 ^^Xc~a
 []


Overfull \hbox (9.44446pt too wide) in paragraph at lines 319--324
\/cmr/m/n/10 ^^Xc~a
 []


Overfull \hbox (9.44446pt too wide) in paragraph at lines 319--324
\/cmr/m/n/10 ^^Xc~a
 []


Overfull \hbox (4.97223pt too wide) in paragraph at lines 319--324
\OML/cmm/m/it/10 ^^R$
 []


Overfull \hbox (5.00002pt too wide) in paragraph at lines 319--324
\/cmr/m/n/10 ^^Sa
 []


Overfull \hbox (4.44444pt too wide) in paragraph at lines 319--324
\/cmr/m/n/10 ^^Se
 []


! LaTeX Error: Environment theorem undefined.

See the LaTeX manual or LaTeX Companion for explanation.
Type  H <return>  for immediate help.
 ...                                              
                                                  
l.325 \begin{theorem}
                     [Desigualdade de Cramér-Rao -- caso i.i.d. (Corolário...

Your command was ignored.
Type  I <command> <return>  to replace it with another command,
or  <return>  to continue without it.


! LaTeX Error: Missing \begin{document}.

See the LaTeX manual or LaTeX Companion for explanation.
Type  H <return>  for immediate help.
 ...                                              
                                                  
l.325 \begin{theorem}[
                      Desigualdade de Cramér-Rao -- caso i.i.d. (Corolário...

You're in trouble here.  Try typing  <return>  to proceed.
If that doesn't work, type  X <return>  to quit.

Missing character: There is no [ in font nullfont!
Missing character: There is no D in font nullfont!
Missing character: There is no e in font nullfont!
Missing character: There is no s in font nullfont!
Missing character: There is no i in font nullfont!
Missing character: There is no g in font nullfont!
Missing character: There is no u in font nullfont!
Missing character: There is no a in font nullfont!
Missing character: There is no l in font nullfont!
Missing character: There is no d in font nullfont!
Missing character: There is no a in font nullfont!
Missing character: There is no d in font nullfont!
Missing character: There is no e in font nullfont!
Missing character: There is no d in font nullfont!
Missing character: There is no e in font nullfont!
Missing character: There is no C in font nullfont!
Missing character: There is no r in font nullfont!
Missing character: There is no a in font nullfont!
Missing character: There is no m in font nullfont!
Missing character: There is no r in font nullfont!
Missing character: There is no - in font nullfont!
Missing character: There is no R in font nullfont!
Missing character: There is no a in font nullfont!
Missing character: There is no o in font nullfont!
Missing character: There is no - in font nullfont!
Missing character: There is no - in font nullfont!
Missing character: There is no c in font nullfont!
Missing character: There is no a in font nullfont!
Missing character: There is no s in font nullfont!
Missing character: There is no o in font nullfont!
Missing character: There is no i in font nullfont!
Missing character: There is no . in font nullfont!
Missing character: There is no i in font nullfont!
Missing character: There is no . in font nullfont!
Missing character: There is no d in font nullfont!
Missing character: There is no . in font nullfont!
Missing character: There is no ( in font nullfont!
Missing character: There is no C in font nullfont!
Missing character: There is no o in font nullfont!
Missing character: There is no r in font nullfont!
Missing character: There is no o in font nullfont!
Missing character: There is no l in font nullfont!
Missing character: There is no r in font nullfont!
Missing character: There is no i in font nullfont!
Missing character: There is no o in font nullfont!
Missing character: There is no 1 in font nullfont!
Missing character: There is no ) in font nullfont!
Missing character: There is no ] in font nullfont!
Missing character: There is no S in font nullfont!
Missing character: There is no e in font nullfont!
Missing character: There is no j in font nullfont!
Missing character: There is no a in font nullfont!
Missing character: There is no m in font nullfont!
Missing character: There is no u in font nullfont!
Missing character: There is no m in font nullfont!
Missing character: There is no a in font nullfont!
Missing character: There is no A in font nullfont!
Missing character: There is no . in font nullfont!
Missing character: There is no A in font nullfont!
Missing character: There is no . in font nullfont!
Missing character: There is no d in font nullfont!
Missing character: There is no e in font nullfont!
Missing character: There is no u in font nullfont!
Missing character: There is no m in font nullfont!
Missing character: There is no a in font nullfont!
Missing character: There is no p in font nullfont!
Missing character: There is no o in font nullfont!
Missing character: There is no p in font nullfont!
Missing character: There is no u in font nullfont!
Missing character: There is no l in font nullfont!
Missing character: There is no a in font nullfont!
Missing character: There is no o in font nullfont!
Missing character: There is no c in font nullfont!
Missing character: There is no o in font nullfont!
Missing character: There is no m in font nullfont!
Missing character: There is no f in font nullfont!
Missing character: There is no . in font nullfont!
Missing character: There is no d in font nullfont!
Missing character: There is no . in font nullfont!
Missing character: There is no p in font nullfont!
Missing character: There is no . in font nullfont!
Missing character: There is no ( in font nullfont!
Missing character: There is no o in font nullfont!
Missing character: There is no u in font nullfont!
Missing character: There is no f in font nullfont!
Missing character: There is no . in font nullfont!
Missing character: There is no p in font nullfont!
Missing character: There is no . in font nullfont!
Missing character: There is no ) in font nullfont!
Missing character: There is no . in font nullfont!
Missing character: There is no S in font nullfont!
Missing character: There is no o in font nullfont!
Missing character: There is no b in font nullfont!
Missing character: There is no a in font nullfont!
Missing character: There is no s in font nullfont!
Missing character: There is no s in font nullfont!
Missing character: There is no u in font nullfont!
Missing character: There is no p in font nullfont!
Missing character: There is no o in font nullfont!
Missing character: There is no s in font nullfont!
Missing character: There is no i in font nullfont!
Missing character: There is no e in font nullfont!
Missing character: There is no s in font nullfont!
Missing character: There is no d in font nullfont!
Missing character: There is no o in font nullfont!
Missing character: There is no T in font nullfont!
Missing character: There is no e in font nullfont!
Missing character: There is no o in font nullfont!
Missing character: There is no r in font nullfont!
Missing character: There is no e in font nullfont!
Missing character: There is no m in font nullfont!
Missing character: There is no a in font nullfont!
Missing character: There is no 1 in font nullfont!
Missing character: There is no , in font nullfont!

Overfull \hbox (20.0pt too wide) in paragraph at lines 325--327
[]
 []


Overfull \hbox (4.44444pt too wide) in paragraph at lines 325--327
\/cmr/m/n/10 ^^Se
 []


Overfull \hbox (5.00002pt too wide) in paragraph at lines 325--327
\/cmr/m/n/10 ^^Sa
 []


Overfull \hbox (65.93625pt too wide) in paragraph at lines 325--327
\OML/cmm/m/it/10 X[]; X[]; [] ; X[]$
 []


Overfull \hbox (9.44446pt too wide) in paragraph at lines 325--327
\/cmr/m/n/10 ^^Xc~a
 []


Overfull \hbox (27.21535pt too wide) in paragraph at lines 325--327
\OML/cmm/m/it/10 f\/cmr/m/n/10 (\OML/cmm/m/it/10 x\OMS/cmsy/m/n/10 j\OML/cmm/m/
it/10 ^^R\/cmr/m/n/10 )$
 []


Overfull \hbox (9.44446pt too wide) in paragraph at lines 325--327
\/cmr/m/n/10 ^^Xc~o
 []

! Undefined control sequence.
l.328 	\Var
           _\theta[W(\v{X})] \geq \frac{\left(\frac{d}{d\theta} \E_\theta[W(...
The control sequence at the end of the top line
of your error message was never \def'ed. If you have
misspelled it (e.g., `\hobx'), type `I' and the correct
spelling (e.g., `I\hbox'). Otherwise just continue,
and I'll forget about whatever was undefined.


LaTeX Warning: Command \v invalid in math mode on input line 328.


LaTeX Warning: Command \v invalid in math mode on input line 328.

! Please use \mathaccent for accents in math mode.
\add@accent ... \let \ignorespaces \relax \accent 
                                                  #1 #2\egroup \ifmmode \els...
l.328 	\Var_\theta[W(\v{X}
                          )] \geq \frac{\left(\frac{d}{d\theta} \E_\theta[W(...
I'm changing \accent to \mathaccent here; wish me luck.
(Accents are not the same in formulas as they are in text.)

! Missing { inserted.
<to be read again> 
                   \edef 
l.328 	\Var_\theta[W(\v{X}
                          )] \geq \frac{\left(\frac{d}{d\theta} \E_\theta[W(...
A left brace was mandatory here, so I've put one in.
You might want to delete and/or insert some corrections
so that I will find a matching right brace soon.
(If you're confused by all this, try typing `I}' now.)

! Undefined control sequence.
<argument> \left (\frac {d}{d\theta } \E 
                                         _\theta [W(\v {X})]\right )^2
l.328 ...heta} \log f(X | \theta)\right)^2\right]}
                                                  .
The control sequence at the end of the top line
of your error message was never \def'ed. If you have
misspelled it (e.g., `\hobx'), type `I' and the correct
spelling (e.g., `I\hbox'). Otherwise just continue,
and I'll forget about whatever was undefined.


LaTeX Warning: Command \v invalid in math mode on input line 328.

! Please use \mathaccent for accents in math mode.
\add@accent ... \let \ignorespaces \relax \accent 
                                                  #1 #2\egroup \ifmmode \els...
l.328 ...heta} \log f(X | \theta)\right)^2\right]}
                                                  .
I'm changing \accent to \mathaccent here; wish me luck.
(Accents are not the same in formulas as they are in text.)

! Undefined control sequence.
<argument> n\E 
               _\theta \left [\left (\frac {\partial }{\partial \theta } \lo...
l.328 ...heta} \log f(X | \theta)\right)^2\right]}
                                                  .
The control sequence at the end of the top line
of your error message was never \def'ed. If you have
misspelled it (e.g., `\hobx'), type `I' and the correct
spelling (e.g., `I\hbox'). Otherwise just continue,
and I'll forget about whatever was undefined.


! LaTeX Error: Bad math environment delimiter.

See the LaTeX manual or LaTeX Companion for explanation.
Type  H <return>  for immediate help.
 ...                                              
                                                  
l.329 	\]
         
Your command was ignored.
Type  I <command> <return>  to replace it with another command,
or  <return>  to continue without it.


! LaTeX Error: \begin{document} ended by \end{theorem}.

See the LaTeX manual or LaTeX Companion for explanation.
Type  H <return>  for immediate help.
 ...                                              
                                                  
l.330 \end{theorem}
                   
Your command was ignored.
Type  I <command> <return>  to replace it with another command,
or  <return>  to continue without it.

! Missing } inserted.
<inserted text> 
                }
l.330 \end{theorem}
                   
I've inserted something that you may have forgotten.
(See the <inserted text> above.)
With luck, this will get me unwedged. But if you
really didn't forget anything, try typing `2' now; then
my insertion and my current dilemma will both disappear.

! Missing $ inserted.
<inserted text> 
                $
l.330 \end{theorem}
                   
I've inserted something that you may have forgotten.
(See the <inserted text> above.)
With luck, this will get me unwedged. But if you
really didn't forget anything, try typing `2' now; then
my insertion and my current dilemma will both disappear.

! Display math should end with $$.
<to be read again> 
                   \endgroup 
l.330 \end{theorem}
                   
The `$' that I just saw supposedly matches a previous `$$'.
So I shall assume that you typed `$$' both times.


Overfull \hbox (149.50673pt too wide) detected at line 330
[]\/cmr/m/n/10 [\OML/cmm/m/it/10 W\/cmr/m/n/10 ([]
 []


! LaTeX Error: Environment theorem undefined.

See the LaTeX manual or LaTeX Companion for explanation.
Type  H <return>  for immediate help.
 ...                                              
                                                  
l.332 \begin{theorem}
                     [Lema 1]
Your command was ignored.
Type  I <command> <return>  to replace it with another command,
or  <return>  to continue without it.


! LaTeX Error: Missing \begin{document}.

See the LaTeX manual or LaTeX Companion for explanation.
Type  H <return>  for immediate help.
 ...                                              
                                                  
l.332 \begin{theorem}[
                      Lema 1]
You're in trouble here.  Try typing  <return>  to proceed.
If that doesn't work, type  X <return>  to quit.

Missing character: There is no [ in font nullfont!
Missing character: There is no L in font nullfont!
Missing character: There is no e in font nullfont!
Missing character: There is no m in font nullfont!
Missing character: There is no a in font nullfont!
Missing character: There is no 1 in font nullfont!
Missing character: There is no ] in font nullfont!
Missing character: There is no S in font nullfont!
Missing character: There is no e in font nullfont!
Missing character: There is no s in font nullfont!
Missing character: There is no a in font nullfont!
Missing character: There is no t in font nullfont!
Missing character: There is no i in font nullfont!
Missing character: There is no s in font nullfont!
Missing character: There is no f in font nullfont!
Missing character: There is no a in font nullfont!
Missing character: There is no z in font nullfont!

Overfull \hbox (20.0pt too wide) in paragraph at lines 332--334
[]
 []


Overfull \hbox (27.21535pt too wide) in paragraph at lines 332--334
\OML/cmm/m/it/10 f\/cmr/m/n/10 (\OML/cmm/m/it/10 x\OMS/cmsy/m/n/10 j\OML/cmm/m/
it/10 ^^R\/cmr/m/n/10 )$
 []

! Undefined control sequence.
l.335 	\frac{d}{d\theta} \E
                           _\theta\left[\frac{\partial}{\partial\theta} \log...
The control sequence at the end of the top line
of your error message was never \def'ed. If you have
misspelled it (e.g., `\hobx'), type `I' and the correct
spelling (e.g., `I\hbox'). Otherwise just continue,
and I'll forget about whatever was undefined.


Overfull \hbox (244.34988pt too wide) detected at line 336
[][] [] \/cmr/m/n/10 = [][] [] [] \OML/cmm/m/it/10 f\/cmr/m/n/10 (\OML/cmm/m/it
/10 x\OMS/cmsy/m/n/10 j\OML/cmm/m/it/10 ^^R\/cmr/m/n/10 )\OML/cmm/m/it/10 dx;
 []

Missing character: There is no e in font nullfont!
Missing character: There is no n in font nullfont!
Missing character: There is no t in font nullfont!
Missing character: There is no o in font nullfont!
Missing character: There is no , in font nullfont!

Overfull \hbox (5.00002pt too wide) in paragraph at lines 336--338
\/cmr/m/n/10 ~a 
 []

! Undefined control sequence.
l.339 	\E
         _\theta\left[\left(\frac{\partial}{\partial\theta} \log f(X | \thet...
The control sequence at the end of the top line
of your error message was never \def'ed. If you have
misspelled it (e.g., `\hobx'), type `I' and the correct
spelling (e.g., `I\hbox'). Otherwise just continue,
and I'll forget about whatever was undefined.

! Undefined control sequence.
l.339 ... \log f(X | \theta)\right)^2\right] = -\E
                                                  _\theta\left[\frac{\partia...
The control sequence at the end of the top line
of your error message was never \def'ed. If you have
misspelled it (e.g., `\hobx'), type `I' and the correct
spelling (e.g., `I\hbox'). Otherwise just continue,
and I'll forget about whatever was undefined.


Overfull \hbox (203.9666pt too wide) detected at line 340
[] [] \/cmr/m/n/10 = \OMS/cmsy/m/n/10 ^^@[] [] \OML/cmm/m/it/10 :
 []


! LaTeX Error: Environment note undefined.

See the LaTeX manual or LaTeX Companion for explanation.
Type  H <return>  for immediate help.
 ...                                              
                                                  
l.342 	\begin{note}
                   
Your command was ignored.
Type  I <command> <return>  to replace it with another command,
or  <return>  to continue without it.


! LaTeX Error: Environment outline undefined.

See the LaTeX manual or LaTeX Companion for explanation.
Type  H <return>  for immediate help.
 ...                                              
                                                  
l.343 		\begin{outline}
                       [enumerate]
Your command was ignored.
Type  I <command> <return>  to replace it with another command,
or  <return>  to continue without it.


! LaTeX Error: Missing \begin{document}.

See the LaTeX manual or LaTeX Companion for explanation.
Type  H <return>  for immediate help.
 ...                                              
                                                  
l.343 		\begin{outline}[
                        enumerate]
You're in trouble here.  Try typing  <return>  to proceed.
If that doesn't work, type  X <return>  to quit.

Missing character: There is no [ in font nullfont!
Missing character: There is no e in font nullfont!
Missing character: There is no n in font nullfont!
Missing character: There is no u in font nullfont!
Missing character: There is no m in font nullfont!
Missing character: There is no e in font nullfont!
Missing character: There is no r in font nullfont!
Missing character: There is no a in font nullfont!
Missing character: There is no t in font nullfont!
Missing character: There is no e in font nullfont!
Missing character: There is no ] in font nullfont!
! Undefined control sequence.
l.345 			\1
            A suposição utilizada no Lema 1 é válida, por exemplo, no ca...
The control sequence at the end of the top line
of your error message was never \def'ed. If you have
misspelled it (e.g., `\hobx'), type `I' and the correct
spelling (e.g., `I\hbox'). Otherwise just continue,
and I'll forget about whatever was undefined.

Missing character: There is no A in font nullfont!
Missing character: There is no s in font nullfont!
Missing character: There is no u in font nullfont!
Missing character: There is no p in font nullfont!
Missing character: There is no o in font nullfont!
Missing character: There is no s in font nullfont!
Missing character: There is no i in font nullfont!
Missing character: There is no o in font nullfont!
Missing character: There is no u in font nullfont!
Missing character: There is no t in font nullfont!
Missing character: There is no i in font nullfont!
Missing character: There is no l in font nullfont!
Missing character: There is no i in font nullfont!
Missing character: There is no z in font nullfont!
Missing character: There is no a in font nullfont!
Missing character: There is no d in font nullfont!
Missing character: There is no a in font nullfont!
Missing character: There is no n in font nullfont!
Missing character: There is no o in font nullfont!
Missing character: There is no L in font nullfont!
Missing character: There is no e in font nullfont!
Missing character: There is no m in font nullfont!
Missing character: There is no a in font nullfont!
Missing character: There is no 1 in font nullfont!
Missing character: There is no v in font nullfont!
Missing character: There is no l in font nullfont!
Missing character: There is no i in font nullfont!
Missing character: There is no d in font nullfont!
Missing character: There is no a in font nullfont!
Missing character: There is no , in font nullfont!
Missing character: There is no p in font nullfont!
Missing character: There is no o in font nullfont!
Missing character: There is no r in font nullfont!
Missing character: There is no e in font nullfont!
Missing character: There is no x in font nullfont!
Missing character: There is no e in font nullfont!
Missing character: There is no m in font nullfont!
Missing character: There is no p in font nullfont!
Missing character: There is no l in font nullfont!
Missing character: There is no o in font nullfont!
Missing character: There is no , in font nullfont!
Missing character: There is no n in font nullfont!
Missing character: There is no o in font nullfont!
Missing character: There is no c in font nullfont!
Missing character: There is no a in font nullfont!
Missing character: There is no s in font nullfont!
Missing character: There is no o in font nullfont!
Missing character: There is no d in font nullfont!
Missing character: There is no a in font nullfont!
Missing character: There is no f in font nullfont!
Missing character: There is no a in font nullfont!
Missing character: There is no m in font nullfont!
Missing character: There is no l in font nullfont!
Missing character: There is no i in font nullfont!
Missing character: There is no a in font nullfont!
Missing character: There is no e in font nullfont!
Missing character: There is no x in font nullfont!
Missing character: There is no p in font nullfont!
Missing character: There is no o in font nullfont!
Missing character: There is no n in font nullfont!
Missing character: There is no e in font nullfont!
Missing character: There is no n in font nullfont!
Missing character: There is no c in font nullfont!
Missing character: There is no i in font nullfont!
Missing character: There is no a in font nullfont!
Missing character: There is no l in font nullfont!
Missing character: There is no . in font nullfont!

Overfull \hbox (20.0pt too wide) in paragraph at lines 343--346
[]
 []


Overfull \hbox (9.44446pt too wide) in paragraph at lines 343--346
\/cmr/m/n/10 ^^Xc~a
 []


Overfull \hbox (4.44444pt too wide) in paragraph at lines 343--346
\/cmr/m/n/10 ^^Se
 []


Overfull \hbox (5.00002pt too wide) in paragraph at lines 343--346
\/cmr/m/n/10 ^^Sa
 []


Overfull \hbox (2.77779pt too wide) in paragraph at lines 343--346
\/cmr/m/n/10 ^^S^^P
 []

! Undefined control sequence.
l.347 			\1
            Em geral, se o suporte de $X$ depender do parâmetro, a desigual...
The control sequence at the end of the top line
of your error message was never \def'ed. If you have
misspelled it (e.g., `\hobx'), type `I' and the correct
spelling (e.g., `I\hbox'). Otherwise just continue,
and I'll forget about whatever was undefined.


! LaTeX Error: Missing \begin{document}.

See the LaTeX manual or LaTeX Companion for explanation.
Type  H <return>  for immediate help.
 ...                                              
                                                  
l.347 			\1 E
             m geral, se o suporte de $X$ depender do parâmetro, a desigual...

You're in trouble here.  Try typing  <return>  to proceed.
If that doesn't work, type  X <return>  to quit.

Missing character: There is no E in font nullfont!
Missing character: There is no m in font nullfont!
Missing character: There is no g in font nullfont!
Missing character: There is no e in font nullfont!
Missing character: There is no r in font nullfont!
Missing character: There is no a in font nullfont!
Missing character: There is no l in font nullfont!
Missing character: There is no , in font nullfont!
Missing character: There is no s in font nullfont!
Missing character: There is no e in font nullfont!
Missing character: There is no o in font nullfont!
Missing character: There is no s in font nullfont!
Missing character: There is no u in font nullfont!
Missing character: There is no p in font nullfont!
Missing character: There is no o in font nullfont!
Missing character: There is no r in font nullfont!
Missing character: There is no t in font nullfont!
Missing character: There is no e in font nullfont!
Missing character: There is no d in font nullfont!
Missing character: There is no e in font nullfont!
Missing character: There is no d in font nullfont!
Missing character: There is no e in font nullfont!
Missing character: There is no p in font nullfont!
Missing character: There is no e in font nullfont!
Missing character: There is no n in font nullfont!
Missing character: There is no d in font nullfont!
Missing character: There is no e in font nullfont!
Missing character: There is no r in font nullfont!
Missing character: There is no d in font nullfont!
Missing character: There is no o in font nullfont!
Missing character: There is no p in font nullfont!
Missing character: There is no a in font nullfont!
Missing character: There is no r in font nullfont!
Missing character: There is no m in font nullfont!
Missing character: There is no e in font nullfont!
Missing character: There is no t in font nullfont!
Missing character: There is no r in font nullfont!
Missing character: There is no o in font nullfont!
Missing character: There is no , in font nullfont!
Missing character: There is no a in font nullfont!
Missing character: There is no d in font nullfont!
Missing character: There is no e in font nullfont!
Missing character: There is no s in font nullfont!
Missing character: There is no i in font nullfont!
Missing character: There is no g in font nullfont!
Missing character: There is no u in font nullfont!
Missing character: There is no a in font nullfont!
Missing character: There is no l in font nullfont!
Missing character: There is no d in font nullfont!
Missing character: There is no a in font nullfont!
Missing character: There is no d in font nullfont!
Missing character: There is no e in font nullfont!
Missing character: There is no d in font nullfont!
Missing character: There is no e in font nullfont!
Missing character: There is no C in font nullfont!
Missing character: There is no r in font nullfont!
Missing character: There is no a in font nullfont!
Missing character: There is no m in font nullfont!
Missing character: There is no r in font nullfont!
Missing character: There is no - in font nullfont!
Missing character: There is no R in font nullfont!
Missing character: There is no a in font nullfont!
Missing character: There is no o in font nullfont!
Missing character: There is no n in font nullfont!
Missing character: There is no o in font nullfont!
Missing character: There is no s in font nullfont!
Missing character: There is no e in font nullfont!
Missing character: There is no a in font nullfont!
Missing character: There is no p in font nullfont!
Missing character: There is no l in font nullfont!
Missing character: There is no i in font nullfont!
Missing character: There is no c in font nullfont!
Missing character: There is no a in font nullfont!
Missing character: There is no . in font nullfont!

! LaTeX Error: \begin{document} ended by \end{outline}.

See the LaTeX manual or LaTeX Companion for explanation.
Type  H <return>  for immediate help.
 ...                                              
                                                  
l.348 		\end{outline}
                     
Your command was ignored.
Type  I <command> <return>  to replace it with another command,
or  <return>  to continue without it.


! LaTeX Error: \begin{document} ended by \end{note}.

See the LaTeX manual or LaTeX Companion for explanation.
Type  H <return>  for immediate help.
 ...                                              
                                                  
l.349 	\end{note}
                 
Your command was ignored.
Type  I <command> <return>  to replace it with another command,
or  <return>  to continue without it.


! LaTeX Error: \begin{document} ended by \end{theorem}.

See the LaTeX manual or LaTeX Companion for explanation.
Type  H <return>  for immediate help.
 ...                                              
                                                  
l.350 \end{theorem}
                   
Your command was ignored.
Type  I <command> <return>  to replace it with another command,
or  <return>  to continue without it.


Overfull \hbox (20.0pt too wide) in paragraph at lines 347--351
[]
 []


Overfull \hbox (9.06943pt too wide) in paragraph at lines 347--351
\OML/cmm/m/it/10 X$
 []


Overfull \hbox (5.00002pt too wide) in paragraph at lines 347--351
\/cmr/m/n/10 ^a
 []


Overfull \hbox (4.44444pt too wide) in paragraph at lines 347--351
\/cmr/m/n/10 ^^Se
 []


Overfull \hbox (5.00002pt too wide) in paragraph at lines 347--351
\/cmr/m/n/10 ~a
 []


! LaTeX Error: Environment theorem undefined.

See the LaTeX manual or LaTeX Companion for explanation.
Type  H <return>  for immediate help.
 ...                                              
                                                  
l.352 \begin{theorem}
                     [Corolário 2]
Your command was ignored.
Type  I <command> <return>  to replace it with another command,
or  <return>  to continue without it.


! LaTeX Error: Missing \begin{document}.

See the LaTeX manual or LaTeX Companion for explanation.
Type  H <return>  for immediate help.
 ...                                              
                                                  
l.352 \begin{theorem}[
                      Corolário 2]
You're in trouble here.  Try typing  <return>  to proceed.
If that doesn't work, type  X <return>  to quit.

Missing character: There is no [ in font nullfont!
Missing character: There is no C in font nullfont!
Missing character: There is no o in font nullfont!
Missing character: There is no r in font nullfont!
Missing character: There is no o in font nullfont!
Missing character: There is no l in font nullfont!
Missing character: There is no r in font nullfont!
Missing character: There is no i in font nullfont!
Missing character: There is no o in font nullfont!
Missing character: There is no 2 in font nullfont!
Missing character: There is no ] in font nullfont!
Missing character: There is no S in font nullfont!
Missing character: There is no e in font nullfont!
Missing character: There is no j in font nullfont!
Missing character: There is no a in font nullfont!
Missing character: There is no m in font nullfont!
Missing character: There is no u in font nullfont!
Missing character: There is no m in font nullfont!
Missing character: There is no a in font nullfont!
Missing character: There is no A in font nullfont!
Missing character: There is no . in font nullfont!
Missing character: There is no A in font nullfont!
Missing character: There is no . in font nullfont!
Missing character: There is no d in font nullfont!
Missing character: There is no e in font nullfont!
Missing character: There is no u in font nullfont!
Missing character: There is no m in font nullfont!
Missing character: There is no a in font nullfont!
Missing character: There is no p in font nullfont!
Missing character: There is no o in font nullfont!
Missing character: There is no p in font nullfont!
Missing character: There is no u in font nullfont!
Missing character: There is no l in font nullfont!
Missing character: There is no a in font nullfont!
Missing character: There is no o in font nullfont!
Missing character: There is no c in font nullfont!
Missing character: There is no o in font nullfont!
Missing character: There is no m in font nullfont!
Missing character: There is no f in font nullfont!
Missing character: There is no . in font nullfont!
Missing character: There is no d in font nullfont!
Missing character: There is no . in font nullfont!
Missing character: There is no p in font nullfont!
Missing character: There is no . in font nullfont!
Missing character: There is no ( in font nullfont!
Missing character: There is no o in font nullfont!
Missing character: There is no u in font nullfont!
Missing character: There is no f in font nullfont!
Missing character: There is no . in font nullfont!
Missing character: There is no p in font nullfont!
Missing character: There is no . in font nullfont!
Missing character: There is no ) in font nullfont!
Missing character: There is no , in font nullfont!
Missing character: There is no e in font nullfont!
Missing character: There is no m in font nullfont!
Missing character: There is no q in font nullfont!
Missing character: There is no u in font nullfont!
Missing character: There is no e in font nullfont!
Missing character: There is no s in font nullfont!
Missing character: There is no a in font nullfont!
Missing character: There is no t in font nullfont!
Missing character: There is no i in font nullfont!
Missing character: There is no s in font nullfont!
Missing character: There is no f in font nullfont!
Missing character: There is no a in font nullfont!
Missing character: There is no z in font nullfont!
Missing character: There is no a in font nullfont!
Missing character: There is no s in font nullfont!
Missing character: There is no c in font nullfont!
Missing character: There is no o in font nullfont!
Missing character: There is no n in font nullfont!
Missing character: There is no d in font nullfont!
Missing character: There is no i in font nullfont!
Missing character: There is no e in font nullfont!
Missing character: There is no s in font nullfont!
Missing character: There is no d in font nullfont!
Missing character: There is no o in font nullfont!
Missing character: There is no T in font nullfont!
Missing character: There is no e in font nullfont!
Missing character: There is no o in font nullfont!
Missing character: There is no r in font nullfont!
Missing character: There is no e in font nullfont!
Missing character: There is no m in font nullfont!
Missing character: There is no a in font nullfont!
Missing character: There is no 1 in font nullfont!
Missing character: There is no . in font nullfont!
Missing character: There is no S in font nullfont!
Missing character: There is no u in font nullfont!
Missing character: There is no p in font nullfont!
Missing character: There is no o in font nullfont!
Missing character: There is no n in font nullfont!
Missing character: There is no h in font nullfont!
Missing character: There is no a in font nullfont!
Missing character: There is no m in font nullfont!
Missing character: There is no o in font nullfont!
Missing character: There is no s in font nullfont!
Missing character: There is no q in font nullfont!
Missing character: There is no u in font nullfont!
Missing character: There is no e in font nullfont!

LaTeX Warning: Command \v invalid in math mode on input line 353.


LaTeX Warning: Command \v invalid in math mode on input line 353.

! Please use \mathaccent for accents in math mode.
\add@accent ... \let \ignorespaces \relax \accent 
                                                  #1 #2\egroup \ifmmode \els...
l.353 ...orema 1. Suponhamos que $L(\theta | \v{x}
                                                  ) = \prod_{i=1}^{n} f(x_i ...
I'm changing \accent to \mathaccent here; wish me luck.
(Accents are not the same in formulas as they are in text.)

! Missing { inserted.
<to be read again> 
                   \edef 
l.353 ...orema 1. Suponhamos que $L(\theta | \v{x}
                                                  ) = \prod_{i=1}^{n} f(x_i ...
A left brace was mandatory here, so I've put one in.
You might want to delete and/or insert some corrections
so that I will find a matching right brace soon.
(If you're confused by all this, try typing `I}' now.)

! Missing } inserted.
<inserted text> 
                }
l.353 ...\v{x}) = \prod_{i=1}^{n} f(x_i | \theta)$
                                                   denote a função de vero...
I've inserted something that you may have forgotten.
(See the <inserted text> above.)
With luck, this will get me unwedged. But if you
really didn't forget anything, try typing `2' now; then
my insertion and my current dilemma will both disappear.

Missing character: There is no d in font nullfont!
Missing character: There is no e in font nullfont!
Missing character: There is no n in font nullfont!
Missing character: There is no o in font nullfont!
Missing character: There is no t in font nullfont!
Missing character: There is no e in font nullfont!
Missing character: There is no a in font nullfont!
Missing character: There is no f in font nullfont!
Missing character: There is no u in font nullfont!
Missing character: There is no n in font nullfont!
Missing character: There is no o in font nullfont!
Missing character: There is no d in font nullfont!
Missing character: There is no e in font nullfont!
Missing character: There is no v in font nullfont!
Missing character: There is no e in font nullfont!
Missing character: There is no r in font nullfont!
Missing character: There is no o in font nullfont!
Missing character: There is no s in font nullfont!
Missing character: There is no s in font nullfont!
Missing character: There is no i in font nullfont!
Missing character: There is no m in font nullfont!
Missing character: There is no i in font nullfont!
Missing character: There is no l in font nullfont!
Missing character: There is no h in font nullfont!
Missing character: There is no a in font nullfont!
Missing character: There is no n in font nullfont!
Missing character: There is no a in font nullfont!
Missing character: There is no . in font nullfont!
Missing character: There is no S in font nullfont!
Missing character: There is no e in font nullfont!

LaTeX Warning: Command \v invalid in math mode on input line 353.


LaTeX Warning: Command \v invalid in math mode on input line 353.

! Please use \mathaccent for accents in math mode.
\add@accent ... \let \ignorespaces \relax \accent 
                                                  #1 #2\egroup \ifmmode \els...
l.353 ...função de verossimilhança. Se $W(\v{X}
                                                  )$ for um estimador para $...
I'm changing \accent to \mathaccent here; wish me luck.
(Accents are not the same in formulas as they are in text.)

! Missing { inserted.
<to be read again> 
                   \edef 
l.353 ...função de verossimilhança. Se $W(\v{X}
                                                  )$ for um estimador para $...
A left brace was mandatory here, so I've put one in.
You might want to delete and/or insert some corrections
so that I will find a matching right brace soon.
(If you're confused by all this, try typing `I}' now.)

! Missing } inserted.
<inserted text> 
                }
l.353 ...nção de verossimilhança. Se $W(\v{X})$
                                                   for um estimador para $\t...
I've inserted something that you may have forgotten.
(See the <inserted text> above.)
With luck, this will get me unwedged. But if you
really didn't forget anything, try typing `2' now; then
my insertion and my current dilemma will both disappear.

Missing character: There is no f in font nullfont!
Missing character: There is no o in font nullfont!
Missing character: There is no r in font nullfont!
Missing character: There is no u in font nullfont!
Missing character: There is no m in font nullfont!
Missing character: There is no e in font nullfont!
Missing character: There is no s in font nullfont!
Missing character: There is no t in font nullfont!
Missing character: There is no i in font nullfont!
Missing character: There is no m in font nullfont!
Missing character: There is no a in font nullfont!
Missing character: There is no d in font nullfont!
Missing character: There is no o in font nullfont!
Missing character: There is no r in font nullfont!
Missing character: There is no p in font nullfont!
Missing character: There is no a in font nullfont!
Missing character: There is no r in font nullfont!
Missing character: There is no a in font nullfont!
Missing character: There is no , in font nullfont!
Missing character: There is no e in font nullfont!
Missing character: There is no n in font nullfont!
Missing character: There is no t in font nullfont!
Missing character: There is no o in font nullfont!

LaTeX Warning: Command \v invalid in math mode on input line 353.


LaTeX Warning: Command \v invalid in math mode on input line 353.

! Please use \mathaccent for accents in math mode.
\add@accent ... \let \ignorespaces \relax \accent 
                                                  #1 #2\egroup \ifmmode \els...
l.353 ...ador para $\tau(\theta)$, então $W(\v{X}
                                                  )$ atingirá o limite infe...
I'm changing \accent to \mathaccent here; wish me luck.
(Accents are not the same in formulas as they are in text.)

! Missing { inserted.
<to be read again> 
                   \edef 
l.353 ...ador para $\tau(\theta)$, então $W(\v{X}
                                                  )$ atingirá o limite infe...
A left brace was mandatory here, so I've put one in.
You might want to delete and/or insert some corrections
so that I will find a matching right brace soon.
(If you're confused by all this, try typing `I}' now.)

! Missing } inserted.
<inserted text> 
                }
l.353 ...or para $\tau(\theta)$, então $W(\v{X})$
                                                   atingirá o limite inferi...
I've inserted something that you may have forgotten.
(See the <inserted text> above.)
With luck, this will get me unwedged. But if you
really didn't forget anything, try typing `2' now; then
my insertion and my current dilemma will both disappear.

Missing character: There is no a in font nullfont!
Missing character: There is no t in font nullfont!
Missing character: There is no i in font nullfont!
Missing character: There is no n in font nullfont!
Missing character: There is no g in font nullfont!
Missing character: There is no i in font nullfont!
Missing character: There is no r in font nullfont!
Missing character: There is no o in font nullfont!
Missing character: There is no l in font nullfont!
Missing character: There is no i in font nullfont!
Missing character: There is no m in font nullfont!
Missing character: There is no i in font nullfont!
Missing character: There is no t in font nullfont!
Missing character: There is no e in font nullfont!
Missing character: There is no i in font nullfont!
Missing character: There is no n in font nullfont!
Missing character: There is no f in font nullfont!
Missing character: There is no e in font nullfont!
Missing character: There is no r in font nullfont!
Missing character: There is no i in font nullfont!
Missing character: There is no o in font nullfont!
Missing character: There is no r in font nullfont!
Missing character: There is no d in font nullfont!
Missing character: There is no e in font nullfont!
Missing character: There is no C in font nullfont!
Missing character: There is no r in font nullfont!
Missing character: There is no a in font nullfont!
Missing character: There is no m in font nullfont!
Missing character: There is no r in font nullfont!
Missing character: There is no - in font nullfont!
Missing character: There is no R in font nullfont!
Missing character: There is no a in font nullfont!
Missing character: There is no o in font nullfont!
Missing character: There is no s in font nullfont!
Missing character: There is no e in font nullfont!
Missing character: There is no , in font nullfont!
Missing character: There is no e in font nullfont!
Missing character: There is no s in font nullfont!
Missing character: There is no o in font nullfont!
Missing character: There is no m in font nullfont!
Missing character: There is no e in font nullfont!
Missing character: There is no n in font nullfont!
Missing character: There is no t in font nullfont!
Missing character: There is no e in font nullfont!
Missing character: There is no s in font nullfont!
Missing character: There is no e in font nullfont!
Missing character: There is no , in font nullfont!

Overfull \hbox (25.00002pt too wide) in paragraph at lines 352--354
[]\/cmr/m/n/10 ^^Sa
 []


Overfull \hbox (65.93625pt too wide) in paragraph at lines 352--354
\OML/cmm/m/it/10 X[]; X[]; [] ; X[]$
 []


Overfull \hbox (9.44446pt too wide) in paragraph at lines 352--354
\/cmr/m/n/10 ^^Xc~a
 []


Overfull \hbox (9.06943pt too wide) in paragraph at lines 352--354
\OML/cmm/m/it/10 X$
 []


Overfull \hbox (27.21535pt too wide) in paragraph at lines 352--354
\OML/cmm/m/it/10 f\/cmr/m/n/10 (\OML/cmm/m/it/10 x\OMS/cmsy/m/n/10 j\OML/cmm/m/
it/10 ^^R\/cmr/m/n/10 )$
 []


Overfull \hbox (5.97226pt too wide) in paragraph at lines 352--354
\OML/cmm/m/it/10 f$
 []


Overfull \hbox (9.44446pt too wide) in paragraph at lines 352--354
\/cmr/m/n/10 ^^Xc~o
 []


Overfull \hbox (96.49194pt too wide) in paragraph at lines 352--354
\OML/cmm/m/it/10 L\/cmr/m/n/10 (\OML/cmm/m/it/10 ^^R\OMS/cmsy/m/n/10 j[]$
 []


Overfull \hbox (9.44446pt too wide) in paragraph at lines 352--354
\/cmr/m/n/10 ^^Xc~a
 []


Overfull \hbox (4.44444pt too wide) in paragraph at lines 352--354
\/cmr/m/n/10 ^^Xc
 []


Overfull \hbox (27.68057pt too wide) in paragraph at lines 352--354
\OML/cmm/m/it/10 W\/cmr/m/n/10 ([]$
 []


Overfull \hbox (18.25351pt too wide) in paragraph at lines 352--354
\OML/cmm/m/it/10 ^^\\/cmr/m/n/10 (\OML/cmm/m/it/10 ^^R\/cmr/m/n/10 )$
 []


Overfull \hbox (5.00002pt too wide) in paragraph at lines 352--354
\/cmr/m/n/10 ~a
 []


Overfull \hbox (27.68057pt too wide) in paragraph at lines 352--354
\OML/cmm/m/it/10 W\/cmr/m/n/10 ([]$
 []


Overfull \hbox (5.00002pt too wide) in paragraph at lines 352--354
\/cmr/m/n/10 ^^Sa
 []


Overfull \hbox (4.44444pt too wide) in paragraph at lines 352--354
\/cmr/m/n/10 ^^Se
 []


LaTeX Warning: Command \v invalid in math mode on input line 355.


LaTeX Warning: Command \v invalid in math mode on input line 355.

! Please use \mathaccent for accents in math mode.
\add@accent ... \let \ignorespaces \relax \accent 
                                                  #1 #2\egroup \ifmmode \els...
l.355 ...al}{\partial\theta} \log L(\theta | \v{x}
                                                  ) = a(\theta)[W(\v{x}) - \...
I'm changing \accent to \mathaccent here; wish me luck.
(Accents are not the same in formulas as they are in text.)

! Missing { inserted.
<to be read again> 
                   \edef 
l.355 ...al}{\partial\theta} \log L(\theta | \v{x}
                                                  ) = a(\theta)[W(\v{x}) - \...
A left brace was mandatory here, so I've put one in.
You might want to delete and/or insert some corrections
so that I will find a matching right brace soon.
(If you're confused by all this, try typing `I}' now.)


LaTeX Warning: Command \v invalid in math mode on input line 355.

! Please use \mathaccent for accents in math mode.
\add@accent ... \let \ignorespaces \relax \accent 
                                                  #1 #2\egroup \ifmmode \els...
l.355 ...log L(\theta | \v{x}) = a(\theta)[W(\v{x}
                                                  ) - \tau(\theta)],
I'm changing \accent to \mathaccent here; wish me luck.
(Accents are not the same in formulas as they are in text.)


! LaTeX Error: Bad math environment delimiter.

See the LaTeX manual or LaTeX Companion for explanation.
Type  H <return>  for immediate help.
 ...                                              
                                                  
l.356 	\]
         
Your command was ignored.
Type  I <command> <return>  to replace it with another command,
or  <return>  to continue without it.


LaTeX Warning: Command \c invalid in math mode on input line 357.

! Please use \mathaccent for accents in math mode.
<recently read> \accent 
                        
l.357 	para alguma funç
                        ão $a(\theta)$.
I'm changing \accent to \mathaccent here; wish me luck.
(Accents are not the same in formulas as they are in text.)


LaTeX Warning: Command \~ invalid in math mode on input line 357.

! Please use \mathaccent for accents in math mode.
\add@accent ... \let \ignorespaces \relax \accent 
                                                  #1 #2\egroup \ifmmode \els...
l.357 	para alguma funçã
                          o $a(\theta)$.
I'm changing \accent to \mathaccent here; wish me luck.
(Accents are not the same in formulas as they are in text.)

! Missing } inserted.
<inserted text> 
                }
l.357 	para alguma função $
                             a(\theta)$.
I've inserted something that you may have forgotten.
(See the <inserted text> above.)
With luck, this will get me unwedged. But if you
really didn't forget anything, try typing `2' now; then
my insertion and my current dilemma will both disappear.

! Display math should end with $$.
<to be read again> 
                   a
l.357 	para alguma função $a
                              (\theta)$.
The `$' that I just saw supposedly matches a previous `$$'.
So I shall assume that you typed `$$' both times.


Overfull \hbox (239.64438pt too wide) detected at line 357
[] [] \OML/cmm/m/it/10 L\/cmr/m/n/10 (\OML/cmm/m/it/10 ^^R\OMS/cmsy/m/n/10 j[]
 []

Missing character: There is no a in font nullfont!
Missing character: There is no ( in font nullfont!
! Missing $ inserted.
<inserted text> 
                $
l.357 	para alguma função $a(\theta
                                     )$.
I've inserted a begin-math/end-math symbol since I think
you left one out. Proceed, with fingers crossed.

Missing character: There is no . in font nullfont!

! LaTeX Error: \begin{document} ended by \end{theorem}.

See the LaTeX manual or LaTeX Companion for explanation.
Type  H <return>  for immediate help.
 ...                                              
                                                  
l.358 \end{theorem}
                   
Your command was ignored.
Type  I <command> <return>  to replace it with another command,
or  <return>  to continue without it.


Overfull \hbox (8.86113pt too wide) in paragraph at lines 357--359
$\OML/cmm/m/it/10 ^^R\/cmr/m/n/10 )$
 []


! LaTeX Error: Environment theorem undefined.

See the LaTeX manual or LaTeX Companion for explanation.
Type  H <return>  for immediate help.
 ...                                              
                                                  
l.360 \begin{theorem}
                     [Rao-Blackwell (Teorema 2)]
Your command was ignored.
Type  I <command> <return>  to replace it with another command,
or  <return>  to continue without it.


! LaTeX Error: Missing \begin{document}.

See the LaTeX manual or LaTeX Companion for explanation.
Type  H <return>  for immediate help.
 ...                                              
                                                  
l.360 \begin{theorem}[
                      Rao-Blackwell (Teorema 2)]
You're in trouble here.  Try typing  <return>  to proceed.
If that doesn't work, type  X <return>  to quit.

Missing character: There is no [ in font nullfont!
Missing character: There is no R in font nullfont!
Missing character: There is no a in font nullfont!
Missing character: There is no o in font nullfont!
Missing character: There is no - in font nullfont!
Missing character: There is no B in font nullfont!
Missing character: There is no l in font nullfont!
Missing character: There is no a in font nullfont!
Missing character: There is no c in font nullfont!
Missing character: There is no k in font nullfont!
Missing character: There is no w in font nullfont!
Missing character: There is no e in font nullfont!
Missing character: There is no l in font nullfont!
Missing character: There is no l in font nullfont!
Missing character: There is no ( in font nullfont!
Missing character: There is no T in font nullfont!
Missing character: There is no e in font nullfont!
Missing character: There is no o in font nullfont!
Missing character: There is no r in font nullfont!
Missing character: There is no e in font nullfont!
Missing character: There is no m in font nullfont!
Missing character: There is no a in font nullfont!
Missing character: There is no 2 in font nullfont!
Missing character: There is no ) in font nullfont!
Missing character: There is no ] in font nullfont!
Missing character: There is no S in font nullfont!
Missing character: There is no e in font nullfont!
Missing character: There is no j in font nullfont!
Missing character: There is no a in font nullfont!
Missing character: There is no q in font nullfont!
Missing character: There is no u in font nullfont!
Missing character: There is no a in font nullfont!
Missing character: There is no l in font nullfont!
Missing character: There is no q in font nullfont!
Missing character: There is no u in font nullfont!
Missing character: There is no e in font nullfont!
Missing character: There is no r in font nullfont!
Missing character: There is no e in font nullfont!
Missing character: There is no s in font nullfont!
Missing character: There is no t in font nullfont!
Missing character: There is no i in font nullfont!
Missing character: There is no m in font nullfont!
Missing character: There is no a in font nullfont!
Missing character: There is no d in font nullfont!
Missing character: There is no o in font nullfont!
Missing character: There is no r in font nullfont!
Missing character: There is no n in font nullfont!
Missing character: There is no o in font nullfont!
Missing character: There is no v in font nullfont!
Missing character: There is no i in font nullfont!
Missing character: There is no e in font nullfont!
Missing character: There is no s in font nullfont!
Missing character: There is no a in font nullfont!
Missing character: There is no d in font nullfont!
Missing character: There is no o in font nullfont!
Missing character: There is no d in font nullfont!
Missing character: There is no e in font nullfont!
Missing character: There is no , in font nullfont!
Missing character: There is no e in font nullfont!
Missing character: There is no u in font nullfont!
Missing character: There is no m in font nullfont!
Missing character: There is no a in font nullfont!
Missing character: There is no e in font nullfont!
Missing character: There is no s in font nullfont!
Missing character: There is no t in font nullfont!
Missing character: There is no a in font nullfont!
Missing character: There is no t in font nullfont!
Missing character: There is no s in font nullfont!
Missing character: There is no t in font nullfont!
Missing character: There is no i in font nullfont!
Missing character: There is no c in font nullfont!
Missing character: There is no a in font nullfont!
Missing character: There is no s in font nullfont!
Missing character: There is no u in font nullfont!
Missing character: There is no f in font nullfont!
Missing character: There is no i in font nullfont!
Missing character: There is no c in font nullfont!
Missing character: There is no i in font nullfont!
Missing character: There is no e in font nullfont!
Missing character: There is no n in font nullfont!
Missing character: There is no t in font nullfont!
Missing character: There is no e in font nullfont!
Missing character: There is no p in font nullfont!
Missing character: There is no a in font nullfont!
Missing character: There is no r in font nullfont!
Missing character: There is no a in font nullfont!
Missing character: There is no . in font nullfont!
Missing character: There is no D in font nullfont!
Missing character: There is no e in font nullfont!
Missing character: There is no f in font nullfont!
Missing character: There is no i in font nullfont!
Missing character: There is no n in font nullfont!
Missing character: There is no a in font nullfont!
! Undefined control sequence.
l.361 ...iente para $\theta$. Defina $\phi(T) = \E
                                                  [W | T]$. Então $\E_\thet...
The control sequence at the end of the top line
of your error message was never \def'ed. If you have
misspelled it (e.g., `\hobx'), type `I' and the correct
spelling (e.g., `I\hbox'). Otherwise just continue,
and I'll forget about whatever was undefined.

Missing character: There is no . in font nullfont!
Missing character: There is no E in font nullfont!
Missing character: There is no n in font nullfont!
Missing character: There is no t in font nullfont!
Missing character: There is no o in font nullfont!
! Undefined control sequence.
<recently read> \E 
                   
l.361 ... Defina $\phi(T) = \E[W | T]$. Então $\E
                                                  _\theta[\phi(T)] = \tau(\t...
The control sequence at the end of the top line
of your error message was never \def'ed. If you have
misspelled it (e.g., `\hobx'), type `I' and the correct
spelling (e.g., `I\hbox'). Otherwise just continue,
and I'll forget about whatever was undefined.

Missing character: There is no e in font nullfont!
! Undefined control sequence.
<recently read> \Var 
                     
l.361 ...E_\theta[\phi(T)] = \tau(\theta)$ e $\Var
                                                  _\theta[\phi(T)] \leq \Var...
The control sequence at the end of the top line
of your error message was never \def'ed. If you have
misspelled it (e.g., `\hobx'), type `I' and the correct
spelling (e.g., `I\hbox'). Otherwise just continue,
and I'll forget about whatever was undefined.

! Undefined control sequence.
l.361 ...theta)$ e $\Var_\theta[\phi(T)] \leq \Var
                                                  _\theta(W)$ para todo $\th...
The control sequence at the end of the top line
of your error message was never \def'ed. If you have
misspelled it (e.g., `\hobx'), type `I' and the correct
spelling (e.g., `I\hbox'). Otherwise just continue,
and I'll forget about whatever was undefined.

Missing character: There is no p in font nullfont!
Missing character: There is no a in font nullfont!
Missing character: There is no r in font nullfont!
Missing character: There is no a in font nullfont!
Missing character: There is no t in font nullfont!
Missing character: There is no o in font nullfont!
Missing character: There is no d in font nullfont!
Missing character: There is no o in font nullfont!
Missing character: There is no . in font nullfont!
Missing character: There is no E in font nullfont!
Missing character: There is no m in font nullfont!
Missing character: There is no o in font nullfont!
Missing character: There is no u in font nullfont!
Missing character: There is no t in font nullfont!
Missing character: There is no r in font nullfont!
Missing character: There is no a in font nullfont!
Missing character: There is no s in font nullfont!
Missing character: There is no p in font nullfont!
Missing character: There is no a in font nullfont!
Missing character: There is no l in font nullfont!
Missing character: There is no a in font nullfont!
Missing character: There is no v in font nullfont!
Missing character: There is no r in font nullfont!
Missing character: There is no a in font nullfont!
Missing character: There is no s in font nullfont!
Missing character: There is no , in font nullfont!
Missing character: There is no u in font nullfont!
Missing character: There is no m in font nullfont!
Missing character: There is no m in font nullfont!
Missing character: There is no e in font nullfont!
Missing character: There is no l in font nullfont!
Missing character: There is no h in font nullfont!
Missing character: There is no o in font nullfont!
Missing character: There is no r in font nullfont!
Missing character: There is no e in font nullfont!
Missing character: There is no s in font nullfont!
Missing character: There is no t in font nullfont!
Missing character: There is no i in font nullfont!
Missing character: There is no m in font nullfont!
Missing character: There is no a in font nullfont!
Missing character: There is no d in font nullfont!
Missing character: There is no o in font nullfont!
Missing character: There is no r in font nullfont!
Missing character: There is no n in font nullfont!
Missing character: There is no o in font nullfont!
Missing character: There is no v in font nullfont!
Missing character: There is no i in font nullfont!
Missing character: There is no e in font nullfont!
Missing character: There is no s in font nullfont!
Missing character: There is no a in font nullfont!
Missing character: There is no d in font nullfont!
Missing character: There is no o in font nullfont!
Missing character: There is no u in font nullfont!
Missing character: There is no n in font nullfont!
Missing character: There is no i in font nullfont!
Missing character: There is no f in font nullfont!
Missing character: There is no o in font nullfont!
Missing character: There is no r in font nullfont!
Missing character: There is no m in font nullfont!
Missing character: There is no e in font nullfont!
Missing character: There is no m in font nullfont!
Missing character: There is no e in font nullfont!
Missing character: There is no n in font nullfont!
Missing character: There is no t in font nullfont!
Missing character: There is no e in font nullfont!
Missing character: There is no d in font nullfont!
Missing character: There is no e in font nullfont!
Missing character: There is no . in font nullfont!

Overfull \hbox (20.0pt too wide) in paragraph at lines 360--362
[]
 []


Overfull \hbox (10.83334pt too wide) in paragraph at lines 360--362
\OML/cmm/m/it/10 W$
 []


Overfull \hbox (5.00002pt too wide) in paragraph at lines 360--362
\/cmr/m/n/10 ~a
 []


Overfull \hbox (18.25351pt too wide) in paragraph at lines 360--362
\OML/cmm/m/it/10 ^^\\/cmr/m/n/10 (\OML/cmm/m/it/10 ^^R\/cmr/m/n/10 )$
 []


Overfull \hbox (7.23265pt too wide) in paragraph at lines 360--362
\OML/cmm/m/it/10 T$
 []


Overfull \hbox (2.77779pt too wide) in paragraph at lines 360--362
\/cmr/m/n/10 ^^S^^P
 []


Overfull \hbox (4.97223pt too wide) in paragraph at lines 360--362
\OML/cmm/m/it/10 ^^R$
 []


Overfull \hbox (31.5243pt too wide) in paragraph at lines 360--362
\OML/cmm/m/it/10 ^^^\/cmr/m/n/10 (\OML/cmm/m/it/10 T\/cmr/m/n/10 ) =
 []


Overfull \hbox (26.39935pt too wide) in paragraph at lines 360--362
\/cmr/m/n/10 [\OML/cmm/m/it/10 W\OMS/cmsy/m/n/10 j\OML/cmm/m/it/10 T\/cmr/m/n/1
0 ]$
 []


Overfull \hbox (5.00002pt too wide) in paragraph at lines 360--362
\/cmr/m/n/10 ~a
 []


Overfull \hbox (41.60416pt too wide) in paragraph at lines 360--362
[]\/cmr/m/n/10 [\OML/cmm/m/it/10 ^^^\/cmr/m/n/10 (\OML/cmm/m/it/10 T\/cmr/m/n/1
0 )] =
 []


Overfull \hbox (18.25351pt too wide) in paragraph at lines 360--362
\OML/cmm/m/it/10 ^^\\/cmr/m/n/10 (\OML/cmm/m/it/10 ^^R\/cmr/m/n/10 )$
 []


Overfull \hbox (46.12843pt too wide) in paragraph at lines 360--362
[]\/cmr/m/n/10 [\OML/cmm/m/it/10 ^^^\/cmr/m/n/10 (\OML/cmm/m/it/10 T\/cmr/m/n/1
0 )] \OMS/cmsy/m/n/10 ^^T[]
 []


Overfull \hbox (18.61115pt too wide) in paragraph at lines 360--362
\/cmr/m/n/10 (\OML/cmm/m/it/10 W\/cmr/m/n/10 )$
 []


Overfull \hbox (14.41663pt too wide) in paragraph at lines 360--362
\OML/cmm/m/it/10 ^^R \OMS/cmsy/m/n/10 2
 []


Overfull \hbox (7.7778pt too wide) in paragraph at lines 360--362
\/cmr/m/n/10 ^^B$
 []


Overfull \hbox (20.9688pt too wide) in paragraph at lines 360--362
\OML/cmm/m/it/10 ^^^\/cmr/m/n/10 (\OML/cmm/m/it/10 T\/cmr/m/n/10 )$
 []


Overfull \hbox (4.44444pt too wide) in paragraph at lines 360--362
\/cmr/m/n/10 ^^Se
 []


Overfull \hbox (5.00002pt too wide) in paragraph at lines 360--362
\/cmr/m/n/10 ~a
 []


Overfull \hbox (18.25351pt too wide) in paragraph at lines 360--362
\OML/cmm/m/it/10 ^^\\/cmr/m/n/10 (\OML/cmm/m/it/10 ^^R\/cmr/m/n/10 )$ 
 []


! LaTeX Error: Environment note undefined.

See the LaTeX manual or LaTeX Companion for explanation.
Type  H <return>  for immediate help.
 ...                                              
                                                  
l.363 	\begin{note}
                   
Your command was ignored.
Type  I <command> <return>  to replace it with another command,
or  <return>  to continue without it.


! LaTeX Error: Missing \begin{document}.

See the LaTeX manual or LaTeX Companion for explanation.
Type  H <return>  for immediate help.
 ...                                              
                                                  
l.364 		D
         evemos considerar estimadores que sejam funções de estatísticas ...

You're in trouble here.  Try typing  <return>  to proceed.
If that doesn't work, type  X <return>  to quit.

Missing character: There is no D in font nullfont!
Missing character: There is no e in font nullfont!
Missing character: There is no v in font nullfont!
Missing character: There is no e in font nullfont!
Missing character: There is no m in font nullfont!
Missing character: There is no o in font nullfont!
Missing character: There is no s in font nullfont!
Missing character: There is no c in font nullfont!
Missing character: There is no o in font nullfont!
Missing character: There is no n in font nullfont!
Missing character: There is no s in font nullfont!
Missing character: There is no i in font nullfont!
Missing character: There is no d in font nullfont!
Missing character: There is no e in font nullfont!
Missing character: There is no r in font nullfont!
Missing character: There is no a in font nullfont!
Missing character: There is no r in font nullfont!
Missing character: There is no e in font nullfont!
Missing character: There is no s in font nullfont!
Missing character: There is no t in font nullfont!
Missing character: There is no i in font nullfont!
Missing character: There is no m in font nullfont!
Missing character: There is no a in font nullfont!
Missing character: There is no d in font nullfont!
Missing character: There is no o in font nullfont!
Missing character: There is no r in font nullfont!
Missing character: There is no e in font nullfont!
Missing character: There is no s in font nullfont!
Missing character: There is no q in font nullfont!
Missing character: There is no u in font nullfont!
Missing character: There is no e in font nullfont!
Missing character: There is no s in font nullfont!
Missing character: There is no e in font nullfont!
Missing character: There is no j in font nullfont!
Missing character: There is no a in font nullfont!
Missing character: There is no m in font nullfont!
Missing character: There is no f in font nullfont!
Missing character: There is no u in font nullfont!
Missing character: There is no n in font nullfont!
Missing character: There is no e in font nullfont!
Missing character: There is no s in font nullfont!
Missing character: There is no d in font nullfont!
Missing character: There is no e in font nullfont!
Missing character: There is no e in font nullfont!
Missing character: There is no s in font nullfont!
Missing character: There is no t in font nullfont!
Missing character: There is no a in font nullfont!
Missing character: There is no t in font nullfont!
Missing character: There is no s in font nullfont!
Missing character: There is no t in font nullfont!
Missing character: There is no i in font nullfont!
Missing character: There is no c in font nullfont!
Missing character: There is no a in font nullfont!
Missing character: There is no s in font nullfont!
Missing character: There is no s in font nullfont!
Missing character: There is no u in font nullfont!
Missing character: There is no f in font nullfont!
Missing character: There is no i in font nullfont!
Missing character: There is no c in font nullfont!
Missing character: There is no i in font nullfont!
Missing character: There is no e in font nullfont!
Missing character: There is no n in font nullfont!
Missing character: There is no t in font nullfont!
Missing character: There is no e in font nullfont!
Missing character: There is no s in font nullfont!
Missing character: There is no p in font nullfont!
Missing character: There is no a in font nullfont!
Missing character: There is no r in font nullfont!
Missing character: There is no a in font nullfont!
Missing character: There is no d in font nullfont!
Missing character: There is no e in font nullfont!
Missing character: There is no t in font nullfont!
Missing character: There is no e in font nullfont!
Missing character: There is no r in font nullfont!
Missing character: There is no m in font nullfont!
Missing character: There is no i in font nullfont!
Missing character: There is no n in font nullfont!
Missing character: There is no a in font nullfont!
Missing character: There is no r in font nullfont!
Missing character: There is no E in font nullfont!
Missing character: There is no N in font nullfont!
Missing character: There is no V in font nullfont!
Missing character: There is no V in font nullfont!
Missing character: There is no U in font nullfont!
Missing character: There is no M in font nullfont!
Missing character: There is no ' in font nullfont!
Missing character: There is no s in font nullfont!
Missing character: There is no . in font nullfont!

! LaTeX Error: \begin{document} ended by \end{note}.

See the LaTeX manual or LaTeX Companion for explanation.
Type  H <return>  for immediate help.
 ...                                              
                                                  
l.365 	\end{note}
                 
Your command was ignored.
Type  I <command> <return>  to replace it with another command,
or  <return>  to continue without it.


! LaTeX Error: \begin{document} ended by \end{theorem}.

See the LaTeX manual or LaTeX Companion for explanation.
Type  H <return>  for immediate help.
 ...                                              
                                                  
l.366 \end{theorem}
                   
Your command was ignored.
Type  I <command> <return>  to replace it with another command,
or  <return>  to continue without it.


Overfull \hbox (20.0pt too wide) in paragraph at lines 364--367
[]
 []


Overfull \hbox (9.44446pt too wide) in paragraph at lines 364--367
\/cmr/m/n/10 ^^Xc~o
 []


Overfull \hbox (2.77779pt too wide) in paragraph at lines 364--367
\/cmr/m/n/10 ^^S^^P
 []


! LaTeX Error: Environment theorem undefined.

See the LaTeX manual or LaTeX Companion for explanation.
Type  H <return>  for immediate help.
 ...                                              
                                                  
l.368 \begin{theorem}
                     [Unicidade do melhor ENV (Teorema 3)]
Your command was ignored.
Type  I <command> <return>  to replace it with another command,
or  <return>  to continue without it.


! LaTeX Error: Missing \begin{document}.

See the LaTeX manual or LaTeX Companion for explanation.
Type  H <return>  for immediate help.
 ...                                              
                                                  
l.368 \begin{theorem}[
                      Unicidade do melhor ENV (Teorema 3)]
You're in trouble here.  Try typing  <return>  to proceed.
If that doesn't work, type  X <return>  to quit.

Missing character: There is no [ in font nullfont!
Missing character: There is no U in font nullfont!
Missing character: There is no n in font nullfont!
Missing character: There is no i in font nullfont!
Missing character: There is no c in font nullfont!
Missing character: There is no i in font nullfont!
Missing character: There is no d in font nullfont!
Missing character: There is no a in font nullfont!
Missing character: There is no d in font nullfont!
Missing character: There is no e in font nullfont!
Missing character: There is no d in font nullfont!
Missing character: There is no o in font nullfont!
Missing character: There is no m in font nullfont!
Missing character: There is no e in font nullfont!
Missing character: There is no l in font nullfont!
Missing character: There is no h in font nullfont!
Missing character: There is no o in font nullfont!
Missing character: There is no r in font nullfont!
Missing character: There is no E in font nullfont!
Missing character: There is no N in font nullfont!
Missing character: There is no V in font nullfont!
Missing character: There is no ( in font nullfont!
Missing character: There is no T in font nullfont!
Missing character: There is no e in font nullfont!
Missing character: There is no o in font nullfont!
Missing character: There is no r in font nullfont!
Missing character: There is no e in font nullfont!
Missing character: There is no m in font nullfont!
Missing character: There is no a in font nullfont!
Missing character: There is no 3 in font nullfont!
Missing character: There is no ) in font nullfont!
Missing character: There is no ] in font nullfont!
Missing character: There is no S in font nullfont!
Missing character: There is no e in font nullfont!
Missing character: There is no f in font nullfont!
Missing character: There is no o in font nullfont!
Missing character: There is no r in font nullfont!
Missing character: There is no u in font nullfont!
Missing character: There is no m in font nullfont!
Missing character: There is no E in font nullfont!
Missing character: There is no N in font nullfont!
Missing character: There is no V in font nullfont!
Missing character: There is no V in font nullfont!
Missing character: There is no U in font nullfont!
Missing character: There is no M in font nullfont!
Missing character: There is no d in font nullfont!
Missing character: There is no e in font nullfont!
Missing character: There is no , in font nullfont!
Missing character: There is no e in font nullfont!
Missing character: There is no n in font nullfont!
Missing character: There is no t in font nullfont!
Missing character: There is no o in font nullfont!
Missing character: There is no s in font nullfont!
Missing character: There is no e in font nullfont!
Missing character: There is no r in font nullfont!
Missing character: There is no n in font nullfont!
Missing character: There is no i in font nullfont!
Missing character: There is no c in font nullfont!
Missing character: There is no o in font nullfont!
Missing character: There is no . in font nullfont!

! LaTeX Error: \begin{document} ended by \end{theorem}.

See the LaTeX manual or LaTeX Companion for explanation.
Type  H <return>  for immediate help.
 ...                                              
                                                  
l.370 \end{theorem}
                   
Your command was ignored.
Type  I <command> <return>  to replace it with another command,
or  <return>  to continue without it.


Overfull \hbox (20.0pt too wide) in paragraph at lines 368--371
[]
 []


Overfull \hbox (10.83334pt too wide) in paragraph at lines 368--371
\OML/cmm/m/it/10 W$
 []


Overfull \hbox (18.25351pt too wide) in paragraph at lines 368--371
\OML/cmm/m/it/10 ^^\\/cmr/m/n/10 (\OML/cmm/m/it/10 ^^R\/cmr/m/n/10 )$
 []


Overfull \hbox (5.00002pt too wide) in paragraph at lines 368--371
\/cmr/m/n/10 ~a
 []


Overfull \hbox (10.83334pt too wide) in paragraph at lines 368--371
\OML/cmm/m/it/10 W$
 []


Overfull \hbox (5.00002pt too wide) in paragraph at lines 368--371
\/cmr/m/n/10 ^^Sa
 []


Overfull \hbox (5.55557pt too wide) in paragraph at lines 368--371
\/cmr/m/n/10 ^^Su
 []


! LaTeX Error: Environment definition undefined.

See the LaTeX manual or LaTeX Companion for explanation.
Type  H <return>  for immediate help.
 ...                                              
                                                  
l.372 \begin{definition}
                        [Estimador não viesado de zero]
Your command was ignored.
Type  I <command> <return>  to replace it with another command,
or  <return>  to continue without it.


! LaTeX Error: Missing \begin{document}.

See the LaTeX manual or LaTeX Companion for explanation.
Type  H <return>  for immediate help.
 ...                                              
                                                  
l.372 \begin{definition}[
                         Estimador não viesado de zero]
You're in trouble here.  Try typing  <return>  to proceed.
If that doesn't work, type  X <return>  to quit.

Missing character: There is no [ in font nullfont!
Missing character: There is no E in font nullfont!
Missing character: There is no s in font nullfont!
Missing character: There is no t in font nullfont!
Missing character: There is no i in font nullfont!
Missing character: There is no m in font nullfont!
Missing character: There is no a in font nullfont!
Missing character: There is no d in font nullfont!
Missing character: There is no o in font nullfont!
Missing character: There is no r in font nullfont!
Missing character: There is no n in font nullfont!
Missing character: There is no o in font nullfont!
Missing character: There is no v in font nullfont!
Missing character: There is no i in font nullfont!
Missing character: There is no e in font nullfont!
Missing character: There is no s in font nullfont!
Missing character: There is no a in font nullfont!
Missing character: There is no d in font nullfont!
Missing character: There is no o in font nullfont!
Missing character: There is no d in font nullfont!
Missing character: There is no e in font nullfont!
Missing character: There is no z in font nullfont!
Missing character: There is no e in font nullfont!
Missing character: There is no r in font nullfont!
Missing character: There is no o in font nullfont!
Missing character: There is no ] in font nullfont!
Missing character: There is no S in font nullfont!
Missing character: There is no e in font nullfont!
Missing character: There is no j in font nullfont!
Missing character: There is no a in font nullfont!
Missing character: There is no u in font nullfont!
Missing character: There is no m in font nullfont!
Missing character: There is no e in font nullfont!
Missing character: There is no s in font nullfont!
Missing character: There is no t in font nullfont!
Missing character: There is no i in font nullfont!
Missing character: There is no m in font nullfont!
Missing character: There is no a in font nullfont!
Missing character: There is no d in font nullfont!
Missing character: There is no o in font nullfont!
Missing character: There is no r in font nullfont!
Missing character: There is no t in font nullfont!
Missing character: There is no a in font nullfont!
Missing character: There is no l in font nullfont!
Missing character: There is no q in font nullfont!
Missing character: There is no u in font nullfont!
Missing character: There is no e in font nullfont!
! Undefined control sequence.
<recently read> \E 
                   
l.373 	Seja $U$ um estimador tal que $\E
                                        _\theta(U) = 0$, para todo $\theta \...
The control sequence at the end of the top line
of your error message was never \def'ed. If you have
misspelled it (e.g., `\hobx'), type `I' and the correct
spelling (e.g., `I\hbox'). Otherwise just continue,
and I'll forget about whatever was undefined.

Missing character: There is no , in font nullfont!
Missing character: There is no p in font nullfont!
Missing character: There is no a in font nullfont!
Missing character: There is no r in font nullfont!
Missing character: There is no a in font nullfont!
Missing character: There is no t in font nullfont!
Missing character: There is no o in font nullfont!
Missing character: There is no d in font nullfont!
Missing character: There is no o in font nullfont!
Missing character: There is no . in font nullfont!
Missing character: There is no N in font nullfont!
Missing character: There is no e in font nullfont!
Missing character: There is no s in font nullfont!
Missing character: There is no s in font nullfont!
Missing character: There is no e in font nullfont!
Missing character: There is no c in font nullfont!
Missing character: There is no a in font nullfont!
Missing character: There is no s in font nullfont!
Missing character: There is no o in font nullfont!
Missing character: There is no , in font nullfont!
Missing character: There is no d in font nullfont!
Missing character: There is no i in font nullfont!
Missing character: There is no z in font nullfont!
Missing character: There is no e in font nullfont!
Missing character: There is no m in font nullfont!
Missing character: There is no o in font nullfont!
Missing character: There is no s in font nullfont!
Missing character: There is no q in font nullfont!
Missing character: There is no u in font nullfont!
Missing character: There is no e in font nullfont!
Missing character: There is no u in font nullfont!
Missing character: There is no m in font nullfont!
Missing character: There is no e in font nullfont!
Missing character: There is no s in font nullfont!
Missing character: There is no t in font nullfont!
Missing character: There is no i in font nullfont!
Missing character: There is no m in font nullfont!
Missing character: There is no a in font nullfont!
Missing character: There is no d in font nullfont!
Missing character: There is no o in font nullfont!
Missing character: There is no r in font nullfont!
Missing character: There is no n in font nullfont!
Missing character: There is no o in font nullfont!
Missing character: There is no v in font nullfont!
Missing character: There is no i in font nullfont!
Missing character: There is no e in font nullfont!
Missing character: There is no s in font nullfont!
Missing character: There is no a in font nullfont!
Missing character: There is no d in font nullfont!
Missing character: There is no o in font nullfont!
Missing character: There is no d in font nullfont!
Missing character: There is no e in font nullfont!
Missing character: There is no z in font nullfont!
Missing character: There is no e in font nullfont!
Missing character: There is no r in font nullfont!
Missing character: There is no o in font nullfont!
Missing character: There is no . in font nullfont!

! LaTeX Error: \begin{document} ended by \end{definition}.

See the LaTeX manual or LaTeX Companion for explanation.
Type  H <return>  for immediate help.
 ...                                              
                                                  
l.374 \end{definition}
                      
Your command was ignored.
Type  I <command> <return>  to replace it with another command,
or  <return>  to continue without it.


Overfull \hbox (20.0pt too wide) in paragraph at lines 372--375
[]
 []


Overfull \hbox (5.00002pt too wide) in paragraph at lines 372--375
\/cmr/m/n/10 ~a
 []


Overfull \hbox (7.91803pt too wide) in paragraph at lines 372--375
\OML/cmm/m/it/10 U$
 []


Overfull \hbox (30.77562pt too wide) in paragraph at lines 372--375
[]\/cmr/m/n/10 (\OML/cmm/m/it/10 U\/cmr/m/n/10 ) =
 []


Overfull \hbox (5.00002pt too wide) in paragraph at lines 372--375
\/cmr/m/n/10 0$
 []


Overfull \hbox (14.41663pt too wide) in paragraph at lines 372--375
\OML/cmm/m/it/10 ^^R \OMS/cmsy/m/n/10 2
 []


Overfull \hbox (7.7778pt too wide) in paragraph at lines 372--375
\/cmr/m/n/10 ^^B$
 []


Overfull \hbox (7.91803pt too wide) in paragraph at lines 372--375
\OML/cmm/m/it/10 U$
 []


Overfull \hbox (4.44444pt too wide) in paragraph at lines 372--375
\/cmr/m/n/10 ^^Se
 []


Overfull \hbox (5.00002pt too wide) in paragraph at lines 372--375
\/cmr/m/n/10 ~a
 []


! LaTeX Error: Environment theorem undefined.

See the LaTeX manual or LaTeX Companion for explanation.
Type  H <return>  for immediate help.
 ...                                              
                                                  
l.376 \begin{theorem}
                     [Teorema 4]
Your command was ignored.
Type  I <command> <return>  to replace it with another command,
or  <return>  to continue without it.


! LaTeX Error: Missing \begin{document}.

See the LaTeX manual or LaTeX Companion for explanation.
Type  H <return>  for immediate help.
 ...                                              
                                                  
l.376 \begin{theorem}[
                      Teorema 4]
You're in trouble here.  Try typing  <return>  to proceed.
If that doesn't work, type  X <return>  to quit.

Missing character: There is no [ in font nullfont!
Missing character: There is no T in font nullfont!
Missing character: There is no e in font nullfont!
Missing character: There is no o in font nullfont!
Missing character: There is no r in font nullfont!
Missing character: There is no e in font nullfont!
Missing character: There is no m in font nullfont!
Missing character: There is no a in font nullfont!
Missing character: There is no 4 in font nullfont!
Missing character: There is no ] in font nullfont!
Missing character: There is no S in font nullfont!
Missing character: There is no e in font nullfont!
! Undefined control sequence.
<recently read> \E 
                   
l.377 	Se $\E
             _\theta(W) = \tau(\theta)$, então $W$ será o melhor estimador...
The control sequence at the end of the top line
of your error message was never \def'ed. If you have
misspelled it (e.g., `\hobx'), type `I' and the correct
spelling (e.g., `I\hbox'). Otherwise just continue,
and I'll forget about whatever was undefined.

Missing character: There is no , in font nullfont!
Missing character: There is no e in font nullfont!
Missing character: There is no n in font nullfont!
Missing character: There is no t in font nullfont!
Missing character: There is no o in font nullfont!
Missing character: There is no s in font nullfont!
Missing character: There is no e in font nullfont!
Missing character: There is no r in font nullfont!
Missing character: There is no o in font nullfont!
Missing character: There is no m in font nullfont!
Missing character: There is no e in font nullfont!
Missing character: There is no l in font nullfont!
Missing character: There is no h in font nullfont!
Missing character: There is no o in font nullfont!
Missing character: There is no r in font nullfont!
Missing character: There is no e in font nullfont!
Missing character: There is no s in font nullfont!
Missing character: There is no t in font nullfont!
Missing character: There is no i in font nullfont!
Missing character: There is no m in font nullfont!
Missing character: There is no a in font nullfont!
Missing character: There is no d in font nullfont!
Missing character: There is no o in font nullfont!
Missing character: There is no r in font nullfont!
Missing character: There is no n in font nullfont!
Missing character: There is no o in font nullfont!
Missing character: There is no v in font nullfont!
Missing character: There is no i in font nullfont!
Missing character: There is no e in font nullfont!
Missing character: There is no s in font nullfont!
Missing character: There is no a in font nullfont!
Missing character: There is no d in font nullfont!
Missing character: There is no o in font nullfont!
Missing character: There is no d in font nullfont!
Missing character: There is no e in font nullfont!
Missing character: There is no s in font nullfont!
Missing character: There is no e in font nullfont!
Missing character: There is no , in font nullfont!
Missing character: There is no e in font nullfont!
Missing character: There is no s in font nullfont!
Missing character: There is no o in font nullfont!
Missing character: There is no m in font nullfont!
Missing character: There is no e in font nullfont!
Missing character: There is no n in font nullfont!
Missing character: There is no t in font nullfont!
Missing character: There is no e in font nullfont!
Missing character: There is no s in font nullfont!
Missing character: There is no e in font nullfont!
Missing character: There is no , in font nullfont!
Missing character: There is no f in font nullfont!
Missing character: There is no o in font nullfont!
Missing character: There is no r in font nullfont!
Missing character: There is no n in font nullfont!
Missing character: There is no o in font nullfont!
Missing character: There is no c in font nullfont!
Missing character: There is no o in font nullfont!
Missing character: There is no r in font nullfont!
Missing character: There is no r in font nullfont!
Missing character: There is no e in font nullfont!
Missing character: There is no l in font nullfont!
Missing character: There is no a in font nullfont!
Missing character: There is no c in font nullfont!
Missing character: There is no i in font nullfont!
Missing character: There is no o in font nullfont!
Missing character: There is no n in font nullfont!
Missing character: There is no a in font nullfont!
Missing character: There is no d in font nullfont!
Missing character: There is no o in font nullfont!
Missing character: There is no c in font nullfont!
Missing character: There is no o in font nullfont!
Missing character: There is no m in font nullfont!
Missing character: There is no t in font nullfont!
Missing character: There is no o in font nullfont!
Missing character: There is no d in font nullfont!
Missing character: There is no o in font nullfont!
Missing character: There is no s in font nullfont!
Missing character: There is no o in font nullfont!
Missing character: There is no s in font nullfont!
Missing character: There is no e in font nullfont!
Missing character: There is no s in font nullfont!
Missing character: There is no t in font nullfont!
Missing character: There is no i in font nullfont!
Missing character: There is no m in font nullfont!
Missing character: There is no a in font nullfont!
Missing character: There is no d in font nullfont!
Missing character: There is no o in font nullfont!
Missing character: There is no r in font nullfont!
Missing character: There is no e in font nullfont!
Missing character: There is no s in font nullfont!
Missing character: There is no n in font nullfont!
Missing character: There is no o in font nullfont!
Missing character: There is no v in font nullfont!
Missing character: There is no i in font nullfont!
Missing character: There is no e in font nullfont!
Missing character: There is no s in font nullfont!
Missing character: There is no a in font nullfont!
Missing character: There is no d in font nullfont!
Missing character: There is no o in font nullfont!
Missing character: There is no s in font nullfont!
Missing character: There is no d in font nullfont!
Missing character: There is no e in font nullfont!
Missing character: There is no z in font nullfont!
Missing character: There is no e in font nullfont!
Missing character: There is no r in font nullfont!
Missing character: There is no o in font nullfont!
Missing character: There is no . in font nullfont!

Overfull \hbox (20.0pt too wide) in paragraph at lines 376--378
[]
 []


Overfull \hbox (33.69093pt too wide) in paragraph at lines 376--378
[]\/cmr/m/n/10 (\OML/cmm/m/it/10 W\/cmr/m/n/10 ) =
 []


Overfull \hbox (18.25351pt too wide) in paragraph at lines 376--378
\OML/cmm/m/it/10 ^^\\/cmr/m/n/10 (\OML/cmm/m/it/10 ^^R\/cmr/m/n/10 )$
 []


Overfull \hbox (5.00002pt too wide) in paragraph at lines 376--378
\/cmr/m/n/10 ~a
 []


Overfull \hbox (10.83334pt too wide) in paragraph at lines 376--378
\OML/cmm/m/it/10 W$
 []


Overfull \hbox (5.00002pt too wide) in paragraph at lines 376--378
\/cmr/m/n/10 ^^Sa
 []


Overfull \hbox (5.00002pt too wide) in paragraph at lines 376--378
\/cmr/m/n/10 ~a
 []


Overfull \hbox (18.25351pt too wide) in paragraph at lines 376--378
\OML/cmm/m/it/10 ^^\\/cmr/m/n/10 (\OML/cmm/m/it/10 ^^R\/cmr/m/n/10 )$
 []


Overfull \hbox (10.83334pt too wide) in paragraph at lines 376--378
\OML/cmm/m/it/10 W$
 []


Overfull \hbox (5.00002pt too wide) in paragraph at lines 376--378
\/cmr/m/n/10 ~a
 []


Overfull \hbox (5.00002pt too wide) in paragraph at lines 376--378
\/cmr/m/n/10 ~a
 []


! LaTeX Error: Environment note undefined.

See the LaTeX manual or LaTeX Companion for explanation.
Type  H <return>  for immediate help.
 ...                                              
                                                  
l.379 	\begin{note}
                   
Your command was ignored.
Type  I <command> <return>  to replace it with another command,
or  <return>  to continue without it.


! LaTeX Error: Missing \begin{document}.

See the LaTeX manual or LaTeX Companion for explanation.
Type  H <return>  for immediate help.
 ...                                              
                                                  
l.380 		U
         m estimador não viesado de zero nada mais é do que uma perturbaç...

You're in trouble here.  Try typing  <return>  to proceed.
If that doesn't work, type  X <return>  to quit.

Missing character: There is no U in font nullfont!
Missing character: There is no m in font nullfont!
Missing character: There is no e in font nullfont!
Missing character: There is no s in font nullfont!
Missing character: There is no t in font nullfont!
Missing character: There is no i in font nullfont!
Missing character: There is no m in font nullfont!
Missing character: There is no a in font nullfont!
Missing character: There is no d in font nullfont!
Missing character: There is no o in font nullfont!
Missing character: There is no r in font nullfont!
Missing character: There is no n in font nullfont!
Missing character: There is no o in font nullfont!
Missing character: There is no v in font nullfont!
Missing character: There is no i in font nullfont!
Missing character: There is no e in font nullfont!
Missing character: There is no s in font nullfont!
Missing character: There is no a in font nullfont!
Missing character: There is no d in font nullfont!
Missing character: There is no o in font nullfont!
Missing character: There is no d in font nullfont!
Missing character: There is no e in font nullfont!
Missing character: There is no z in font nullfont!
Missing character: There is no e in font nullfont!
Missing character: There is no r in font nullfont!
Missing character: There is no o in font nullfont!
Missing character: There is no n in font nullfont!
Missing character: There is no a in font nullfont!
Missing character: There is no d in font nullfont!
Missing character: There is no a in font nullfont!
Missing character: There is no m in font nullfont!
Missing character: There is no a in font nullfont!
Missing character: There is no i in font nullfont!
Missing character: There is no s in font nullfont!
Missing character: There is no d in font nullfont!
Missing character: There is no o in font nullfont!
Missing character: There is no q in font nullfont!
Missing character: There is no u in font nullfont!
Missing character: There is no e in font nullfont!
Missing character: There is no u in font nullfont!
Missing character: There is no m in font nullfont!
Missing character: There is no a in font nullfont!
Missing character: There is no p in font nullfont!
Missing character: There is no e in font nullfont!
Missing character: There is no r in font nullfont!
Missing character: There is no t in font nullfont!
Missing character: There is no u in font nullfont!
Missing character: There is no r in font nullfont!
Missing character: There is no b in font nullfont!
Missing character: There is no a in font nullfont!
Missing character: There is no o in font nullfont!
Missing character: There is no a in font nullfont!
Missing character: There is no l in font nullfont!
Missing character: There is no e in font nullfont!
Missing character: There is no a in font nullfont!
Missing character: There is no t in font nullfont!
Missing character: There is no r in font nullfont!
Missing character: There is no i in font nullfont!
Missing character: There is no a in font nullfont!
Missing character: There is no . in font nullfont!
Missing character: There is no S in font nullfont!
Missing character: There is no e in font nullfont!
Missing character: There is no u in font nullfont!
Missing character: There is no m in font nullfont!
Missing character: There is no e in font nullfont!
Missing character: There is no s in font nullfont!
Missing character: There is no t in font nullfont!
Missing character: There is no i in font nullfont!
Missing character: There is no m in font nullfont!
Missing character: There is no a in font nullfont!
Missing character: There is no d in font nullfont!
Missing character: There is no o in font nullfont!
Missing character: There is no r in font nullfont!
Missing character: There is no p in font nullfont!
Missing character: There is no u in font nullfont!
Missing character: There is no d in font nullfont!
Missing character: There is no e in font nullfont!
Missing character: There is no s in font nullfont!
Missing character: There is no s in font nullfont!
Missing character: There is no e in font nullfont!
Missing character: There is no s in font nullfont!
Missing character: There is no e in font nullfont!
Missing character: There is no r in font nullfont!
Missing character: There is no m in font nullfont!
Missing character: There is no e in font nullfont!
Missing character: There is no l in font nullfont!
Missing character: There is no h in font nullfont!
Missing character: There is no o in font nullfont!
Missing character: There is no r in font nullfont!
Missing character: There is no a in font nullfont!
Missing character: There is no d in font nullfont!
Missing character: There is no o in font nullfont!
Missing character: There is no a in font nullfont!
Missing character: There is no o in font nullfont!
Missing character: There is no a in font nullfont!
Missing character: There is no c in font nullfont!
Missing character: There is no r in font nullfont!
Missing character: There is no e in font nullfont!
Missing character: There is no s in font nullfont!
Missing character: There is no c in font nullfont!
Missing character: There is no e in font nullfont!
Missing character: There is no n in font nullfont!
Missing character: There is no t in font nullfont!
Missing character: There is no a in font nullfont!
Missing character: There is no r in font nullfont!
Missing character: There is no m in font nullfont!
Missing character: There is no o in font nullfont!
Missing character: There is no s in font nullfont!
Missing character: There is no u in font nullfont!
Missing character: There is no m in font nullfont!
Missing character: There is no a in font nullfont!
Missing character: There is no p in font nullfont!
Missing character: There is no e in font nullfont!
Missing character: There is no r in font nullfont!
Missing character: There is no t in font nullfont!
Missing character: There is no u in font nullfont!
Missing character: There is no r in font nullfont!
Missing character: There is no b in font nullfont!
Missing character: There is no a in font nullfont!
Missing character: There is no o in font nullfont!
Missing character: There is no a in font nullfont!
Missing character: There is no e in font nullfont!
Missing character: There is no l in font nullfont!
Missing character: There is no e in font nullfont!
Missing character: There is no , in font nullfont!
Missing character: There is no e in font nullfont!
Missing character: There is no s in font nullfont!
Missing character: There is no s in font nullfont!
Missing character: There is no e in font nullfont!
Missing character: There is no e in font nullfont!
Missing character: There is no s in font nullfont!
Missing character: There is no t in font nullfont!
Missing character: There is no i in font nullfont!
Missing character: There is no m in font nullfont!
Missing character: There is no a in font nullfont!
Missing character: There is no d in font nullfont!
Missing character: There is no o in font nullfont!
Missing character: There is no r in font nullfont!
Missing character: There is no c in font nullfont!
Missing character: There is no e in font nullfont!
Missing character: There is no r in font nullfont!
Missing character: There is no t in font nullfont!
Missing character: There is no a in font nullfont!
Missing character: There is no m in font nullfont!
Missing character: There is no e in font nullfont!
Missing character: There is no n in font nullfont!
Missing character: There is no t in font nullfont!
Missing character: There is no e in font nullfont!
Missing character: There is no s in font nullfont!
Missing character: There is no e in font nullfont!
Missing character: There is no r in font nullfont!
Missing character: There is no i in font nullfont!
Missing character: There is no a in font nullfont!
Missing character: There is no p in font nullfont!
Missing character: There is no r in font nullfont!
Missing character: There is no o in font nullfont!
Missing character: There is no b in font nullfont!
Missing character: There is no l in font nullfont!
Missing character: There is no e in font nullfont!
Missing character: There is no m in font nullfont!
Missing character: There is no t in font nullfont!
Missing character: There is no i in font nullfont!
Missing character: There is no c in font nullfont!
Missing character: There is no o in font nullfont!
Missing character: There is no . in font nullfont!
Missing character: There is no I in font nullfont!
Missing character: There is no s in font nullfont!
Missing character: There is no s in font nullfont!
Missing character: There is no o in font nullfont!
Missing character: There is no p in font nullfont!
Missing character: There is no o in font nullfont!
Missing character: There is no d in font nullfont!
Missing character: There is no e in font nullfont!
Missing character: There is no s in font nullfont!
Missing character: There is no e in font nullfont!
Missing character: There is no r in font nullfont!
Missing character: There is no e in font nullfont!
Missing character: There is no n in font nullfont!
Missing character: There is no t in font nullfont!
Missing character: There is no e in font nullfont!
Missing character: There is no n in font nullfont!
Missing character: There is no d in font nullfont!
Missing character: There is no i in font nullfont!
Missing character: There is no d in font nullfont!
Missing character: There is no o in font nullfont!
Missing character: There is no c in font nullfont!
Missing character: There is no o in font nullfont!
Missing character: There is no m in font nullfont!
Missing character: There is no o in font nullfont!
Missing character: There is no u in font nullfont!
Missing character: There is no m in font nullfont!
Missing character: There is no a in font nullfont!
Missing character: There is no i in font nullfont!
Missing character: There is no n in font nullfont!
Missing character: There is no t in font nullfont!
Missing character: There is no e in font nullfont!
Missing character: There is no r in font nullfont!
Missing character: There is no p in font nullfont!
Missing character: There is no r in font nullfont!
Missing character: There is no e in font nullfont!
Missing character: There is no t in font nullfont!
Missing character: There is no a in font nullfont!
Missing character: There is no o in font nullfont!
Missing character: There is no d in font nullfont!
Missing character: There is no o in font nullfont!
Missing character: There is no T in font nullfont!
Missing character: There is no e in font nullfont!
Missing character: There is no o in font nullfont!
Missing character: There is no r in font nullfont!
Missing character: There is no e in font nullfont!
Missing character: There is no m in font nullfont!
Missing character: There is no a in font nullfont!
Missing character: There is no 4 in font nullfont!
Missing character: There is no . in font nullfont!
Missing character: There is no O in font nullfont!
Missing character: There is no T in font nullfont!
Missing character: There is no e in font nullfont!
Missing character: There is no o in font nullfont!
Missing character: There is no r in font nullfont!
Missing character: There is no e in font nullfont!
Missing character: There is no m in font nullfont!
Missing character: There is no a in font nullfont!
Missing character: There is no 4 in font nullfont!
Missing character: There is no p in font nullfont!
Missing character: There is no o in font nullfont!
Missing character: There is no d in font nullfont!
Missing character: There is no e in font nullfont!
Missing character: There is no s in font nullfont!
Missing character: There is no e in font nullfont!
Missing character: There is no r in font nullfont!
Missing character: There is no t in font nullfont!
Missing character: There is no i in font nullfont!
Missing character: There is no l in font nullfont!
Missing character: There is no p in font nullfont!
Missing character: There is no a in font nullfont!
Missing character: There is no r in font nullfont!
Missing character: There is no a in font nullfont!
Missing character: There is no m in font nullfont!
Missing character: There is no o in font nullfont!
Missing character: There is no s in font nullfont!
Missing character: There is no t in font nullfont!
Missing character: There is no r in font nullfont!
Missing character: There is no a in font nullfont!
Missing character: There is no r in font nullfont!
Missing character: There is no q in font nullfont!
Missing character: There is no u in font nullfont!
Missing character: There is no a in font nullfont!
Missing character: There is no n in font nullfont!
Missing character: There is no d in font nullfont!
Missing character: There is no o in font nullfont!
Missing character: There is no u in font nullfont!
Missing character: There is no m in font nullfont!
Missing character: There is no e in font nullfont!
Missing character: There is no s in font nullfont!
Missing character: There is no t in font nullfont!
Missing character: There is no i in font nullfont!
Missing character: There is no m in font nullfont!
Missing character: There is no a in font nullfont!
Missing character: There is no d in font nullfont!
Missing character: There is no o in font nullfont!
Missing character: There is no r in font nullfont!
Missing character: There is no n in font nullfont!
Missing character: There is no o in font nullfont!
Missing character: There is no E in font nullfont!
Missing character: There is no N in font nullfont!
Missing character: There is no V in font nullfont!
Missing character: There is no V in font nullfont!
Missing character: There is no U in font nullfont!
Missing character: There is no M in font nullfont!
Missing character: There is no . in font nullfont!

! LaTeX Error: \begin{document} ended by \end{note}.

See the LaTeX manual or LaTeX Companion for explanation.
Type  H <return>  for immediate help.
 ...                                              
                                                  
l.381 	\end{note}
                 
Your command was ignored.
Type  I <command> <return>  to replace it with another command,
or  <return>  to continue without it.


! LaTeX Error: \begin{document} ended by \end{theorem}.

See the LaTeX manual or LaTeX Companion for explanation.
Type  H <return>  for immediate help.
 ...                                              
                                                  
l.382 \end{theorem}
                   
Your command was ignored.
Type  I <command> <return>  to replace it with another command,
or  <return>  to continue without it.


Overfull \hbox (20.0pt too wide) in paragraph at lines 380--383
[]
 []


Overfull \hbox (5.00002pt too wide) in paragraph at lines 380--383
\/cmr/m/n/10 ~a
 []


Overfull \hbox (4.44444pt too wide) in paragraph at lines 380--383
\/cmr/m/n/10 ^^Se
 []


Overfull \hbox (9.44446pt too wide) in paragraph at lines 380--383
\/cmr/m/n/10 ^^Xc~a
 []


Overfull \hbox (5.00002pt too wide) in paragraph at lines 380--383
\/cmr/m/n/10 ^^So
 []


Overfull \hbox (9.44446pt too wide) in paragraph at lines 380--383
\/cmr/m/n/10 ^^Xc~a
 []


Overfull \hbox (5.00002pt too wide) in paragraph at lines 380--383
\/cmr/m/n/10 ^^Sa
 []


Overfull \hbox (9.44446pt too wide) in paragraph at lines 380--383
\/cmr/m/n/10 ^^Xc~a
 []


Overfull \hbox (5.55557pt too wide) in paragraph at lines 380--383
\/cmr/m/n/10 ^^Su
 []


Overfull \hbox (5.00002pt too wide) in paragraph at lines 380--383
\/cmr/m/n/10 ~a
 []


Overfull \hbox (4.44444pt too wide) in paragraph at lines 380--383
\/cmr/m/n/10 ^^Se
 []


! LaTeX Error: Environment theorem undefined.

See the LaTeX manual or LaTeX Companion for explanation.
Type  H <return>  for immediate help.
 ...                                              
                                                  
l.384 \begin{theorem}
                     [Teorema 5]
Your command was ignored.
Type  I <command> <return>  to replace it with another command,
or  <return>  to continue without it.


! LaTeX Error: Missing \begin{document}.

See the LaTeX manual or LaTeX Companion for explanation.
Type  H <return>  for immediate help.
 ...                                              
                                                  
l.384 \begin{theorem}[
                      Teorema 5]
You're in trouble here.  Try typing  <return>  to proceed.
If that doesn't work, type  X <return>  to quit.

Missing character: There is no [ in font nullfont!
Missing character: There is no T in font nullfont!
Missing character: There is no e in font nullfont!
Missing character: There is no o in font nullfont!
Missing character: There is no r in font nullfont!
Missing character: There is no e in font nullfont!
Missing character: There is no m in font nullfont!
Missing character: There is no a in font nullfont!
Missing character: There is no 5 in font nullfont!
Missing character: There is no ] in font nullfont!
Missing character: There is no S in font nullfont!
Missing character: There is no e in font nullfont!
Missing character: There is no j in font nullfont!
Missing character: There is no a in font nullfont!
Missing character: There is no u in font nullfont!
Missing character: There is no m in font nullfont!
Missing character: There is no a in font nullfont!
Missing character: There is no e in font nullfont!
Missing character: There is no s in font nullfont!
Missing character: There is no t in font nullfont!
Missing character: There is no a in font nullfont!
Missing character: There is no t in font nullfont!
Missing character: There is no s in font nullfont!
Missing character: There is no t in font nullfont!
Missing character: There is no i in font nullfont!
Missing character: There is no c in font nullfont!
Missing character: There is no a in font nullfont!
Missing character: There is no s in font nullfont!
Missing character: There is no u in font nullfont!
Missing character: There is no f in font nullfont!
Missing character: There is no i in font nullfont!
Missing character: There is no c in font nullfont!
Missing character: There is no i in font nullfont!
Missing character: There is no e in font nullfont!
Missing character: There is no n in font nullfont!
Missing character: There is no t in font nullfont!
Missing character: There is no e in font nullfont!
Missing character: There is no e in font nullfont!
Missing character: There is no c in font nullfont!
Missing character: There is no o in font nullfont!
Missing character: There is no m in font nullfont!
Missing character: There is no p in font nullfont!
Missing character: There is no l in font nullfont!
Missing character: There is no e in font nullfont!
Missing character: There is no t in font nullfont!
Missing character: There is no a in font nullfont!
Missing character: There is no p in font nullfont!
Missing character: There is no a in font nullfont!
Missing character: There is no r in font nullfont!
Missing character: There is no a in font nullfont!
Missing character: There is no u in font nullfont!
Missing character: There is no m in font nullfont!
Missing character: There is no p in font nullfont!
Missing character: There is no a in font nullfont!
Missing character: There is no r in font nullfont!
Missing character: There is no m in font nullfont!
Missing character: There is no e in font nullfont!
Missing character: There is no t in font nullfont!
Missing character: There is no r in font nullfont!
Missing character: There is no o in font nullfont!
Missing character: There is no , in font nullfont!
Missing character: There is no e in font nullfont!
Missing character: There is no s in font nullfont!
Missing character: There is no e in font nullfont!
Missing character: There is no j in font nullfont!
Missing character: There is no a in font nullfont!
Missing character: There is no q in font nullfont!
Missing character: There is no u in font nullfont!
Missing character: There is no a in font nullfont!
Missing character: There is no l in font nullfont!
Missing character: There is no q in font nullfont!
Missing character: There is no u in font nullfont!
Missing character: There is no e in font nullfont!
Missing character: There is no r in font nullfont!
Missing character: There is no e in font nullfont!
Missing character: There is no s in font nullfont!
Missing character: There is no t in font nullfont!
Missing character: There is no i in font nullfont!
Missing character: There is no m in font nullfont!
Missing character: There is no a in font nullfont!
Missing character: There is no d in font nullfont!
Missing character: There is no o in font nullfont!
Missing character: There is no r in font nullfont!
Missing character: There is no b in font nullfont!
Missing character: There is no a in font nullfont!
Missing character: There is no s in font nullfont!
Missing character: There is no e in font nullfont!
Missing character: There is no a in font nullfont!
Missing character: There is no d in font nullfont!
Missing character: There is no o in font nullfont!
Missing character: There is no s in font nullfont!
Missing character: There is no o in font nullfont!
Missing character: There is no m in font nullfont!
Missing character: There is no e in font nullfont!
Missing character: There is no n in font nullfont!
Missing character: There is no t in font nullfont!
Missing character: There is no e in font nullfont!
Missing character: There is no e in font nullfont!
Missing character: There is no m in font nullfont!
Missing character: There is no . in font nullfont!
Missing character: There is no E in font nullfont!
Missing character: There is no n in font nullfont!
Missing character: There is no t in font nullfont!
Missing character: There is no o in font nullfont!
Missing character: There is no , in font nullfont!
Missing character: There is no o in font nullfont!
Missing character: There is no n in font nullfont!
Missing character: There is no i in font nullfont!
Missing character: There is no c in font nullfont!
Missing character: There is no o in font nullfont!
Missing character: There is no m in font nullfont!
Missing character: There is no e in font nullfont!
Missing character: There is no l in font nullfont!
Missing character: There is no h in font nullfont!
Missing character: There is no o in font nullfont!
Missing character: There is no r in font nullfont!
Missing character: There is no e in font nullfont!
Missing character: There is no s in font nullfont!
Missing character: There is no t in font nullfont!
Missing character: There is no i in font nullfont!
Missing character: There is no m in font nullfont!
Missing character: There is no a in font nullfont!
Missing character: There is no d in font nullfont!
Missing character: There is no o in font nullfont!
Missing character: There is no r in font nullfont!
Missing character: There is no n in font nullfont!
Missing character: There is no o in font nullfont!
Missing character: There is no v in font nullfont!
Missing character: There is no i in font nullfont!
Missing character: There is no e in font nullfont!
Missing character: There is no s in font nullfont!
Missing character: There is no a in font nullfont!
Missing character: There is no d in font nullfont!
Missing character: There is no o in font nullfont!
Missing character: There is no d in font nullfont!
Missing character: There is no e in font nullfont!
Missing character: There is no s in font nullfont!
Missing character: There is no e in font nullfont!
Missing character: There is no u in font nullfont!
Missing character: There is no v in font nullfont!
Missing character: There is no a in font nullfont!
Missing character: There is no l in font nullfont!
Missing character: There is no o in font nullfont!
Missing character: There is no r in font nullfont!
Missing character: There is no e in font nullfont!
Missing character: There is no s in font nullfont!
Missing character: There is no p in font nullfont!
Missing character: There is no e in font nullfont!
Missing character: There is no r in font nullfont!
Missing character: There is no a in font nullfont!
Missing character: There is no d in font nullfont!
Missing character: There is no o in font nullfont!
Missing character: There is no . in font nullfont!

Overfull \hbox (20.0pt too wide) in paragraph at lines 384--386
[]
 []


Overfull \hbox (7.23265pt too wide) in paragraph at lines 384--386
\OML/cmm/m/it/10 T$
 []


Overfull \hbox (2.77779pt too wide) in paragraph at lines 384--386
\/cmr/m/n/10 ^^S^^P
 []


Overfull \hbox (5.00002pt too wide) in paragraph at lines 384--386
\/cmr/m/n/10 ^a
 []


Overfull \hbox (4.97223pt too wide) in paragraph at lines 384--386
\OML/cmm/m/it/10 ^^R$
 []


Overfull \hbox (20.9688pt too wide) in paragraph at lines 384--386
\OML/cmm/m/it/10 ^^^\/cmr/m/n/10 (\OML/cmm/m/it/10 T\/cmr/m/n/10 )$
 []


Overfull \hbox (7.23265pt too wide) in paragraph at lines 384--386
\OML/cmm/m/it/10 T$
 []


Overfull \hbox (5.00002pt too wide) in paragraph at lines 384--386
\/cmr/m/n/10 ~a
 []


Overfull \hbox (20.9688pt too wide) in paragraph at lines 384--386
\OML/cmm/m/it/10 ^^^\/cmr/m/n/10 (\OML/cmm/m/it/10 T\/cmr/m/n/10 )$
 []


Overfull \hbox (4.44444pt too wide) in paragraph at lines 384--386
\/cmr/m/n/10 ^^Se
 []


Overfull \hbox (5.55557pt too wide) in paragraph at lines 384--386
\/cmr/m/n/10 ^^Su
 []


Overfull \hbox (5.00002pt too wide) in paragraph at lines 384--386
\/cmr/m/n/10 ~a
 []


! LaTeX Error: Environment note undefined.

See the LaTeX manual or LaTeX Companion for explanation.
Type  H <return>  for immediate help.
 ...                                              
                                                  
l.387 	\begin{note}
                   
Your command was ignored.
Type  I <command> <return>  to replace it with another command,
or  <return>  to continue without it.


! LaTeX Error: Missing \begin{document}.

See the LaTeX manual or LaTeX Companion for explanation.
Type  H <return>  for immediate help.
 ...                                              
                                                  
l.388 		O
          teorema acima diz que, na presença de estatísticas suficientes e...

You're in trouble here.  Try typing  <return>  to proceed.
If that doesn't work, type  X <return>  to quit.

Missing character: There is no O in font nullfont!
Missing character: There is no t in font nullfont!
Missing character: There is no e in font nullfont!
Missing character: There is no o in font nullfont!
Missing character: There is no r in font nullfont!
Missing character: There is no e in font nullfont!
Missing character: There is no m in font nullfont!
Missing character: There is no a in font nullfont!
Missing character: There is no a in font nullfont!
Missing character: There is no c in font nullfont!
Missing character: There is no i in font nullfont!
Missing character: There is no m in font nullfont!
Missing character: There is no a in font nullfont!
Missing character: There is no d in font nullfont!
Missing character: There is no i in font nullfont!
Missing character: There is no z in font nullfont!
Missing character: There is no q in font nullfont!
Missing character: There is no u in font nullfont!
Missing character: There is no e in font nullfont!
Missing character: There is no , in font nullfont!
Missing character: There is no n in font nullfont!
Missing character: There is no a in font nullfont!
Missing character: There is no p in font nullfont!
Missing character: There is no r in font nullfont!
Missing character: There is no e in font nullfont!
Missing character: There is no s in font nullfont!
Missing character: There is no e in font nullfont!
Missing character: There is no n in font nullfont!
Missing character: There is no a in font nullfont!
Missing character: There is no d in font nullfont!
Missing character: There is no e in font nullfont!
Missing character: There is no e in font nullfont!
Missing character: There is no s in font nullfont!
Missing character: There is no t in font nullfont!
Missing character: There is no a in font nullfont!
Missing character: There is no t in font nullfont!
Missing character: There is no s in font nullfont!
Missing character: There is no t in font nullfont!
Missing character: There is no i in font nullfont!
Missing character: There is no c in font nullfont!
Missing character: There is no a in font nullfont!
Missing character: There is no s in font nullfont!
Missing character: There is no s in font nullfont!
Missing character: There is no u in font nullfont!
Missing character: There is no f in font nullfont!
Missing character: There is no i in font nullfont!
Missing character: There is no c in font nullfont!
Missing character: There is no i in font nullfont!
Missing character: There is no e in font nullfont!
Missing character: There is no n in font nullfont!
Missing character: There is no t in font nullfont!
Missing character: There is no e in font nullfont!
Missing character: There is no s in font nullfont!
Missing character: There is no e in font nullfont!
Missing character: There is no c in font nullfont!
Missing character: There is no o in font nullfont!
Missing character: There is no m in font nullfont!
Missing character: There is no p in font nullfont!
Missing character: There is no l in font nullfont!
Missing character: There is no e in font nullfont!
Missing character: There is no t in font nullfont!
Missing character: There is no a in font nullfont!
Missing character: There is no s in font nullfont!
Missing character: There is no , in font nullfont!
Missing character: There is no s in font nullfont!
Missing character: There is no e in font nullfont!
Missing character: There is no p in font nullfont!
Missing character: There is no u in font nullfont!
Missing character: There is no d in font nullfont!
Missing character: There is no e in font nullfont!
Missing character: There is no r in font nullfont!
Missing character: There is no m in font nullfont!
Missing character: There is no o in font nullfont!
Missing character: There is no s in font nullfont!
Missing character: There is no d in font nullfont!
Missing character: There is no e in font nullfont!
Missing character: There is no t in font nullfont!
Missing character: There is no e in font nullfont!
Missing character: There is no r in font nullfont!
Missing character: There is no m in font nullfont!
Missing character: There is no i in font nullfont!
Missing character: There is no n in font nullfont!
Missing character: There is no a in font nullfont!
Missing character: There is no r in font nullfont!
Missing character: There is no q in font nullfont!
Missing character: There is no u in font nullfont!
Missing character: There is no a in font nullfont!
Missing character: There is no l in font nullfont!
Missing character: There is no q in font nullfont!
Missing character: There is no u in font nullfont!
Missing character: There is no e in font nullfont!
Missing character: There is no r in font nullfont!
Missing character: There is no e in font nullfont!
Missing character: There is no s in font nullfont!
Missing character: There is no t in font nullfont!
Missing character: There is no i in font nullfont!
Missing character: There is no m in font nullfont!
Missing character: There is no a in font nullfont!
Missing character: There is no d in font nullfont!
Missing character: There is no o in font nullfont!
Missing character: There is no r in font nullfont!
Missing character: There is no n in font nullfont!
Missing character: There is no o in font nullfont!
Missing character: There is no v in font nullfont!
Missing character: There is no i in font nullfont!
Missing character: There is no e in font nullfont!
Missing character: There is no s in font nullfont!
Missing character: There is no a in font nullfont!
Missing character: There is no d in font nullfont!
Missing character: There is no o in font nullfont!
Missing character: There is no d in font nullfont!
Missing character: There is no e in font nullfont!
Missing character: There is no , in font nullfont!
Missing character: There is no p in font nullfont!
Missing character: There is no o in font nullfont!
Missing character: There is no d in font nullfont!
Missing character: There is no e in font nullfont!
Missing character: There is no m in font nullfont!
Missing character: There is no o in font nullfont!
Missing character: There is no s in font nullfont!
Missing character: There is no d in font nullfont!
Missing character: There is no e in font nullfont!
Missing character: There is no t in font nullfont!
Missing character: There is no e in font nullfont!
Missing character: There is no r in font nullfont!
Missing character: There is no m in font nullfont!
Missing character: There is no i in font nullfont!
Missing character: There is no n in font nullfont!
Missing character: There is no a in font nullfont!
Missing character: There is no r in font nullfont!
Missing character: There is no o in font nullfont!
Missing character: There is no m in font nullfont!
Missing character: There is no e in font nullfont!
Missing character: There is no l in font nullfont!
Missing character: There is no h in font nullfont!
Missing character: There is no o in font nullfont!
Missing character: There is no r in font nullfont!
Missing character: There is no E in font nullfont!
Missing character: There is no N in font nullfont!
Missing character: There is no V in font nullfont!
Missing character: There is no . in font nullfont!
Missing character: There is no B in font nullfont!
Missing character: There is no a in font nullfont!
Missing character: There is no s in font nullfont!
Missing character: There is no i in font nullfont!
Missing character: There is no c in font nullfont!
Missing character: There is no a in font nullfont!
Missing character: There is no m in font nullfont!
Missing character: There is no e in font nullfont!
Missing character: There is no n in font nullfont!
Missing character: There is no t in font nullfont!
Missing character: There is no e in font nullfont!
Missing character: There is no , in font nullfont!
Missing character: There is no s in font nullfont!
Missing character: There is no e in font nullfont!
Missing character: There is no f in font nullfont!
Missing character: There is no o in font nullfont!
Missing character: There is no r in font nullfont!
Missing character: There is no u in font nullfont!
Missing character: There is no m in font nullfont!
Missing character: There is no a in font nullfont!
Missing character: There is no e in font nullfont!
Missing character: There is no s in font nullfont!
Missing character: There is no t in font nullfont!
Missing character: There is no a in font nullfont!
Missing character: There is no t in font nullfont!
Missing character: There is no s in font nullfont!
Missing character: There is no t in font nullfont!
Missing character: There is no i in font nullfont!
Missing character: There is no c in font nullfont!
Missing character: There is no a in font nullfont!
Missing character: There is no s in font nullfont!
Missing character: There is no u in font nullfont!
Missing character: There is no f in font nullfont!
Missing character: There is no i in font nullfont!
Missing character: There is no c in font nullfont!
Missing character: There is no i in font nullfont!
Missing character: There is no e in font nullfont!
Missing character: There is no n in font nullfont!
Missing character: There is no t in font nullfont!
Missing character: There is no e in font nullfont!
Missing character: There is no e in font nullfont!
Missing character: There is no c in font nullfont!
Missing character: There is no o in font nullfont!
Missing character: There is no m in font nullfont!
Missing character: There is no p in font nullfont!
Missing character: There is no l in font nullfont!
Missing character: There is no e in font nullfont!
Missing character: There is no t in font nullfont!
Missing character: There is no a in font nullfont!
Missing character: There is no p in font nullfont!
Missing character: There is no a in font nullfont!
Missing character: There is no r in font nullfont!
Missing character: There is no a in font nullfont!
Missing character: There is no e in font nullfont!

LaTeX Warning: Command \v invalid in math mode on input line 388.


LaTeX Warning: Command \v invalid in math mode on input line 388.

! Please use \mathaccent for accents in math mode.
\add@accent ... \let \ignorespaces \relax \accent 
                                                  #1 #2\egroup \ifmmode \els...
l.388 ...iente e completa para $\theta$ e $h(\v{X}
                                                  )$ um ENV de $\tau(\theta)...
I'm changing \accent to \mathaccent here; wish me luck.
(Accents are not the same in formulas as they are in text.)

! Missing { inserted.
<to be read again> 
                   \edef 
l.388 ...iente e completa para $\theta$ e $h(\v{X}
                                                  )$ um ENV de $\tau(\theta)...
A left brace was mandatory here, so I've put one in.
You might want to delete and/or insert some corrections
so that I will find a matching right brace soon.
(If you're confused by all this, try typing `I}' now.)

! Missing } inserted.
<inserted text> 
                }
l.388 ...nte e completa para $\theta$ e $h(\v{X})$
                                                   um ENV de $\tau(\theta)$,...
I've inserted something that you may have forgotten.
(See the <inserted text> above.)
With luck, this will get me unwedged. But if you
really didn't forget anything, try typing `2' now; then
my insertion and my current dilemma will both disappear.

Missing character: There is no u in font nullfont!
Missing character: There is no m in font nullfont!
Missing character: There is no E in font nullfont!
Missing character: There is no N in font nullfont!
Missing character: There is no V in font nullfont!
Missing character: There is no d in font nullfont!
Missing character: There is no e in font nullfont!
Missing character: There is no , in font nullfont!
Missing character: There is no e in font nullfont!
Missing character: There is no n in font nullfont!
Missing character: There is no t in font nullfont!
Missing character: There is no o in font nullfont!
! Undefined control sequence.
l.388 ...V de $\tau(\theta)$, então $\phi(T) = \E
                                                  [h(\v{X}) | T]$ será o me...
The control sequence at the end of the top line
of your error message was never \def'ed. If you have
misspelled it (e.g., `\hobx'), type `I' and the correct
spelling (e.g., `I\hbox'). Otherwise just continue,
and I'll forget about whatever was undefined.


LaTeX Warning: Command \v invalid in math mode on input line 388.


LaTeX Warning: Command \v invalid in math mode on input line 388.

! Please use \mathaccent for accents in math mode.
\add@accent ... \let \ignorespaces \relax \accent 
                                                  #1 #2\egroup \ifmmode \els...
l.388 ...au(\theta)$, então $\phi(T) = \E[h(\v{X}
                                                  ) | T]$ será o melhor est...
I'm changing \accent to \mathaccent here; wish me luck.
(Accents are not the same in formulas as they are in text.)

! Missing { inserted.
<to be read again> 
                   \edef 
l.388 ...au(\theta)$, então $\phi(T) = \E[h(\v{X}
                                                  ) | T]$ será o melhor est...
A left brace was mandatory here, so I've put one in.
You might want to delete and/or insert some corrections
so that I will find a matching right brace soon.
(If you're confused by all this, try typing `I}' now.)

! Missing } inserted.
<inserted text> 
                }
l.388 ...ta)$, então $\phi(T) = \E[h(\v{X}) | T]$
                                                   será o melhor estimador ...
I've inserted something that you may have forgotten.
(See the <inserted text> above.)
With luck, this will get me unwedged. But if you
really didn't forget anything, try typing `2' now; then
my insertion and my current dilemma will both disappear.

Missing character: There is no s in font nullfont!
Missing character: There is no e in font nullfont!
Missing character: There is no r in font nullfont!
Missing character: There is no o in font nullfont!
Missing character: There is no m in font nullfont!
Missing character: There is no e in font nullfont!
Missing character: There is no l in font nullfont!
Missing character: There is no h in font nullfont!
Missing character: There is no o in font nullfont!
Missing character: There is no r in font nullfont!
Missing character: There is no e in font nullfont!
Missing character: There is no s in font nullfont!
Missing character: There is no t in font nullfont!
Missing character: There is no i in font nullfont!
Missing character: There is no m in font nullfont!
Missing character: There is no a in font nullfont!
Missing character: There is no d in font nullfont!
Missing character: There is no o in font nullfont!
Missing character: There is no r in font nullfont!
Missing character: There is no n in font nullfont!
Missing character: There is no o in font nullfont!
Missing character: There is no v in font nullfont!
Missing character: There is no i in font nullfont!
Missing character: There is no e in font nullfont!
Missing character: There is no s in font nullfont!
Missing character: There is no a in font nullfont!
Missing character: There is no d in font nullfont!
Missing character: There is no o in font nullfont!
Missing character: There is no d in font nullfont!
Missing character: There is no e in font nullfont!
Missing character: There is no . in font nullfont!

! LaTeX Error: \begin{document} ended by \end{note}.

See the LaTeX manual or LaTeX Companion for explanation.
Type  H <return>  for immediate help.
 ...                                              
                                                  
l.389 	\end{note}
                 
Your command was ignored.
Type  I <command> <return>  to replace it with another command,
or  <return>  to continue without it.


! LaTeX Error: \begin{document} ended by \end{theorem}.

See the LaTeX manual or LaTeX Companion for explanation.
Type  H <return>  for immediate help.
 ...                                              
                                                  
l.390 \end{theorem}
                   
Your command was ignored.
Type  I <command> <return>  to replace it with another command,
or  <return>  to continue without it.


Overfull \hbox (20.0pt too wide) in paragraph at lines 388--391
[]
 []


Overfull \hbox (4.44444pt too wide) in paragraph at lines 388--391
\/cmr/m/n/10 ^^Xc
 []


Overfull \hbox (2.77779pt too wide) in paragraph at lines 388--391
\/cmr/m/n/10 ^^S^^P
 []


Overfull \hbox (5.00002pt too wide) in paragraph at lines 388--391
\/cmr/m/n/10 ~a
 []


Overfull \hbox (18.25351pt too wide) in paragraph at lines 388--391
\OML/cmm/m/it/10 ^^\\/cmr/m/n/10 (\OML/cmm/m/it/10 ^^R\/cmr/m/n/10 )$
 []


Overfull \hbox (7.23265pt too wide) in paragraph at lines 388--391
\OML/cmm/m/it/10 T$
 []


Overfull \hbox (2.77779pt too wide) in paragraph at lines 388--391
\/cmr/m/n/10 ^^S^^P
 []


Overfull \hbox (4.97223pt too wide) in paragraph at lines 388--391
\OML/cmm/m/it/10 ^^R$
 []


Overfull \hbox (22.60881pt too wide) in paragraph at lines 388--391
\OML/cmm/m/it/10 h\/cmr/m/n/10 ([]$
 []


Overfull \hbox (18.25351pt too wide) in paragraph at lines 388--391
\OML/cmm/m/it/10 ^^\\/cmr/m/n/10 (\OML/cmm/m/it/10 ^^R\/cmr/m/n/10 )$
 []


Overfull \hbox (5.00002pt too wide) in paragraph at lines 388--391
\/cmr/m/n/10 ~a
 []


Overfull \hbox (31.5243pt too wide) in paragraph at lines 388--391
\OML/cmm/m/it/10 ^^^\/cmr/m/n/10 (\OML/cmm/m/it/10 T\/cmr/m/n/10 ) =
 []


Overfull \hbox (38.17482pt too wide) in paragraph at lines 388--391
\/cmr/m/n/10 [\OML/cmm/m/it/10 h\/cmr/m/n/10 ([]$
 []


Overfull \hbox (5.00002pt too wide) in paragraph at lines 388--391
\/cmr/m/n/10 ^^Sa
 []


Overfull \hbox (5.00002pt too wide) in paragraph at lines 388--391
\/cmr/m/n/10 ~a
 []


Overfull \hbox (18.25351pt too wide) in paragraph at lines 388--391
\OML/cmm/m/it/10 ^^\\/cmr/m/n/10 (\OML/cmm/m/it/10 ^^R\/cmr/m/n/10 )$
 []

(./inferencia_estimacao_intervalar.tex
! Undefined control sequence.
l.9 \section
            {Estimação intervalar}
The control sequence at the end of the top line
of your error message was never \def'ed. If you have
misspelled it (e.g., `\hobx'), type `I' and the correct
spelling (e.g., `I\hbox'). Otherwise just continue,
and I'll forget about whatever was undefined.


! LaTeX Error: Missing \begin{document}.

See the LaTeX manual or LaTeX Companion for explanation.
Type  H <return>  for immediate help.
 ...                                              
                                                  
l.9 \section{E
              stimação intervalar}
You're in trouble here.  Try typing  <return>  to proceed.
If that doesn't work, type  X <return>  to quit.

Missing character: There is no E in font nullfont!
Missing character: There is no s in font nullfont!
Missing character: There is no t in font nullfont!
Missing character: There is no i in font nullfont!
Missing character: There is no m in font nullfont!
Missing character: There is no a in font nullfont!
Missing character: There is no o in font nullfont!
Missing character: There is no i in font nullfont!
Missing character: There is no n in font nullfont!
Missing character: There is no t in font nullfont!
Missing character: There is no e in font nullfont!
Missing character: There is no r in font nullfont!
Missing character: There is no v in font nullfont!
Missing character: There is no a in font nullfont!
Missing character: There is no l in font nullfont!
Missing character: There is no a in font nullfont!
Missing character: There is no r in font nullfont!

Overfull \hbox (29.44446pt too wide) in paragraph at lines 9--10
[]\/cmr/m/n/10 ^^Xc~a
 []


! LaTeX Error: Environment definition undefined.

See the LaTeX manual or LaTeX Companion for explanation.
Type  H <return>  for immediate help.
 ...                                              
                                                  
l.12 \begin{definition}
                       
Your command was ignored.
Type  I <command> <return>  to replace it with another command,
or  <return>  to continue without it.


! LaTeX Error: Missing \begin{document}.

See the LaTeX manual or LaTeX Companion for explanation.
Type  H <return>  for immediate help.
 ...                                              
                                                  
l.13 S
      ejam $X_1,X_2,\ldots,X_n$ uma amostra aleatória de uma população co...

You're in trouble here.  Try typing  <return>  to proceed.
If that doesn't work, type  X <return>  to quit.

Missing character: There is no S in font nullfont!
Missing character: There is no e in font nullfont!
Missing character: There is no j in font nullfont!
Missing character: There is no a in font nullfont!
Missing character: There is no m in font nullfont!
Missing character: There is no u in font nullfont!
Missing character: There is no m in font nullfont!
Missing character: There is no a in font nullfont!
Missing character: There is no a in font nullfont!
Missing character: There is no m in font nullfont!
Missing character: There is no o in font nullfont!
Missing character: There is no s in font nullfont!
Missing character: There is no t in font nullfont!
Missing character: There is no r in font nullfont!
Missing character: There is no a in font nullfont!
Missing character: There is no a in font nullfont!
Missing character: There is no l in font nullfont!
Missing character: There is no e in font nullfont!
Missing character: There is no a in font nullfont!
Missing character: There is no t in font nullfont!
Missing character: There is no r in font nullfont!
Missing character: There is no i in font nullfont!
Missing character: There is no a in font nullfont!
Missing character: There is no d in font nullfont!
Missing character: There is no e in font nullfont!
Missing character: There is no u in font nullfont!
Missing character: There is no m in font nullfont!
Missing character: There is no a in font nullfont!
Missing character: There is no p in font nullfont!
Missing character: There is no o in font nullfont!
Missing character: There is no p in font nullfont!
Missing character: There is no u in font nullfont!
Missing character: There is no l in font nullfont!
Missing character: There is no a in font nullfont!
Missing character: There is no o in font nullfont!
Missing character: There is no c in font nullfont!
Missing character: There is no o in font nullfont!
Missing character: There is no m in font nullfont!
Missing character: There is no f in font nullfont!
Missing character: There is no . in font nullfont!
Missing character: There is no d in font nullfont!
Missing character: There is no . in font nullfont!
Missing character: There is no p in font nullfont!
Missing character: There is no . in font nullfont!
Missing character: There is no . in font nullfont!
Missing character: There is no S in font nullfont!
Missing character: There is no e in font nullfont!
Missing character: There is no j in font nullfont!
Missing character: There is no a in font nullfont!
Missing character: There is no m in font nullfont!

LaTeX Warning: Command \v invalid in math mode on input line 13.


LaTeX Warning: Command \v invalid in math mode on input line 13.

! Please use \mathaccent for accents in math mode.
\add@accent ... \let \ignorespaces \relax \accent 
                                                  #1 #2\egroup \ifmmode \els...
l.13 ...(x\mid\theta)$. Sejam $T_1\equiv T_1(\v{X}
                                                  )$ e $T_2\equiv T_2(\v{X})...
I'm changing \accent to \mathaccent here; wish me luck.
(Accents are not the same in formulas as they are in text.)

! Missing { inserted.
<to be read again> 
                   \edef 
l.13 ...(x\mid\theta)$. Sejam $T_1\equiv T_1(\v{X}
                                                  )$ e $T_2\equiv T_2(\v{X})...
A left brace was mandatory here, so I've put one in.
You might want to delete and/or insert some corrections
so that I will find a matching right brace soon.
(If you're confused by all this, try typing `I}' now.)

! Missing } inserted.
<inserted text> 
                }
l.13 ...\mid\theta)$. Sejam $T_1\equiv T_1(\v{X})$
                                                   e $T_2\equiv T_2(\v{X})$ ...
I've inserted something that you may have forgotten.
(See the <inserted text> above.)
With luck, this will get me unwedged. But if you
really didn't forget anything, try typing `2' now; then
my insertion and my current dilemma will both disappear.

Missing character: There is no e in font nullfont!

LaTeX Warning: Command \v invalid in math mode on input line 13.


LaTeX Warning: Command \v invalid in math mode on input line 13.

! Please use \mathaccent for accents in math mode.
\add@accent ... \let \ignorespaces \relax \accent 
                                                  #1 #2\egroup \ifmmode \els...
l.13 ...1\equiv T_1(\v{X})$ e $T_2\equiv T_2(\v{X}
                                                  )$ duas estatísticas sati...
I'm changing \accent to \mathaccent here; wish me luck.
(Accents are not the same in formulas as they are in text.)

! Missing { inserted.
<to be read again> 
                   \edef 
l.13 ...1\equiv T_1(\v{X})$ e $T_2\equiv T_2(\v{X}
                                                  )$ duas estatísticas sati...
A left brace was mandatory here, so I've put one in.
You might want to delete and/or insert some corrections
so that I will find a matching right brace soon.
(If you're confused by all this, try typing `I}' now.)

! Missing } inserted.
<inserted text> 
                }
l.13 ...equiv T_1(\v{X})$ e $T_2\equiv T_2(\v{X})$
                                                   duas estatísticas satisf...
I've inserted something that you may have forgotten.
(See the <inserted text> above.)
With luck, this will get me unwedged. But if you
really didn't forget anything, try typing `2' now; then
my insertion and my current dilemma will both disappear.

Missing character: There is no d in font nullfont!
Missing character: There is no u in font nullfont!
Missing character: There is no a in font nullfont!
Missing character: There is no s in font nullfont!
Missing character: There is no e in font nullfont!
Missing character: There is no s in font nullfont!
Missing character: There is no t in font nullfont!
Missing character: There is no a in font nullfont!
Missing character: There is no t in font nullfont!
Missing character: There is no s in font nullfont!
Missing character: There is no t in font nullfont!
Missing character: There is no i in font nullfont!
Missing character: There is no c in font nullfont!
Missing character: There is no a in font nullfont!
Missing character: There is no s in font nullfont!
Missing character: There is no s in font nullfont!
Missing character: There is no a in font nullfont!
Missing character: There is no t in font nullfont!
Missing character: There is no i in font nullfont!
Missing character: There is no s in font nullfont!
Missing character: There is no f in font nullfont!
Missing character: There is no a in font nullfont!
Missing character: There is no z in font nullfont!
Missing character: There is no e in font nullfont!
Missing character: There is no n in font nullfont!
Missing character: There is no d in font nullfont!
Missing character: There is no o in font nullfont!
Missing character: There is no , in font nullfont!
Missing character: There is no d in font nullfont!
Missing character: There is no e in font nullfont!
Missing character: There is no t in font nullfont!
Missing character: There is no a in font nullfont!
Missing character: There is no l in font nullfont!
Missing character: There is no f in font nullfont!
Missing character: There is no o in font nullfont!
Missing character: There is no r in font nullfont!
Missing character: There is no m in font nullfont!
Missing character: There is no a in font nullfont!
Missing character: There is no q in font nullfont!
Missing character: There is no u in font nullfont!
Missing character: There is no e in font nullfont!
! Undefined control sequence.
<recently read> \Pro 
                     
l.13 ...endo $T_1\leq T_2$, de tal forma que $\Pro
                                                  _\theta[T_1\leq\tau(\theta...
The control sequence at the end of the top line
of your error message was never \def'ed. If you have
misspelled it (e.g., `\hobx'), type `I' and the correct
spelling (e.g., `I\hbox'). Otherwise just continue,
and I'll forget about whatever was undefined.

Missing character: There is no , in font nullfont!
Missing character: There is no e in font nullfont!
Missing character: There is no m in font nullfont!
Missing character: There is no q in font nullfont!
Missing character: There is no u in font nullfont!
Missing character: There is no e in font nullfont!
Missing character: There is no n in font nullfont!
Missing character: There is no o in font nullfont!
Missing character: There is no d in font nullfont!
Missing character: There is no e in font nullfont!
Missing character: There is no p in font nullfont!
Missing character: There is no e in font nullfont!
Missing character: There is no n in font nullfont!
Missing character: There is no d in font nullfont!
Missing character: There is no e in font nullfont!
Missing character: There is no d in font nullfont!
Missing character: There is no e in font nullfont!
Missing character: There is no . in font nullfont!
Missing character: There is no E in font nullfont!
Missing character: There is no n in font nullfont!
Missing character: There is no t in font nullfont!
Missing character: There is no o in font nullfont!
Missing character: There is no , in font nullfont!
Missing character: There is no o in font nullfont!
Missing character: There is no i in font nullfont!
Missing character: There is no n in font nullfont!
Missing character: There is no t in font nullfont!
Missing character: There is no e in font nullfont!
Missing character: There is no r in font nullfont!
Missing character: There is no v in font nullfont!
Missing character: There is no a in font nullfont!
Missing character: There is no l in font nullfont!
Missing character: There is no o in font nullfont!
Missing character: There is no c in font nullfont!
Missing character: There is no h in font nullfont!
Missing character: There is no a in font nullfont!
Missing character: There is no m in font nullfont!
Missing character: There is no a in font nullfont!
Missing character: There is no d in font nullfont!
Missing character: There is no o in font nullfont!
Missing character: There is no d in font nullfont!
Missing character: There is no e in font nullfont!
Missing character: There is no i in font nullfont!
Missing character: There is no n in font nullfont!
Missing character: There is no t in font nullfont!
Missing character: There is no e in font nullfont!
Missing character: There is no r in font nullfont!
Missing character: There is no v in font nullfont!
Missing character: There is no a in font nullfont!
Missing character: There is no l in font nullfont!
Missing character: There is no o in font nullfont!
Missing character: There is no c in font nullfont!
Missing character: There is no o in font nullfont!
Missing character: There is no m in font nullfont!
Missing character: There is no d in font nullfont!
Missing character: There is no e in font nullfont!
Missing character: There is no c in font nullfont!
Missing character: There is no o in font nullfont!
Missing character: There is no n in font nullfont!
Missing character: There is no f in font nullfont!
Missing character: There is no i in font nullfont!
Missing character: There is no a in font nullfont!
Missing character: There is no n in font nullfont!
Missing character: There is no a in font nullfont!
Missing character: There is no p in font nullfont!
Missing character: There is no a in font nullfont!
Missing character: There is no r in font nullfont!
Missing character: There is no a in font nullfont!
Missing character: There is no . in font nullfont!
Missing character: There is no A in font nullfont!
Missing character: There is no q in font nullfont!
Missing character: There is no u in font nullfont!
Missing character: There is no a in font nullfont!
Missing character: There is no n in font nullfont!
Missing character: There is no t in font nullfont!
Missing character: There is no i in font nullfont!
Missing character: There is no d in font nullfont!
Missing character: There is no a in font nullfont!
Missing character: There is no d in font nullfont!
Missing character: There is no e in font nullfont!
Missing character: There is no c in font nullfont!
Missing character: There is no h in font nullfont!
Missing character: There is no a in font nullfont!
Missing character: There is no m in font nullfont!
Missing character: There is no a in font nullfont!
Missing character: There is no d in font nullfont!
Missing character: There is no a in font nullfont!
Missing character: There is no d in font nullfont!
Missing character: There is no e in font nullfont!
Missing character: There is no n in font nullfont!
Missing character: There is no v in font nullfont!
Missing character: There is no e in font nullfont!
Missing character: There is no l in font nullfont!
Missing character: There is no d in font nullfont!
Missing character: There is no e in font nullfont!
Missing character: There is no c in font nullfont!
Missing character: There is no o in font nullfont!
Missing character: There is no n in font nullfont!
Missing character: There is no f in font nullfont!
Missing character: There is no i in font nullfont!
Missing character: There is no a in font nullfont!
Missing character: There is no n in font nullfont!
Missing character: There is no a in font nullfont!
Missing character: There is no , in font nullfont!
Missing character: There is no e in font nullfont!
Missing character: There is no e in font nullfont!
Missing character: There is no s in font nullfont!
Missing character: There is no o in font nullfont!
Missing character: There is no c in font nullfont!
Missing character: There is no h in font nullfont!
Missing character: There is no a in font nullfont!
Missing character: There is no m in font nullfont!
Missing character: There is no a in font nullfont!
Missing character: There is no d in font nullfont!
Missing character: There is no a in font nullfont!
Missing character: There is no s in font nullfont!
Missing character: There is no d in font nullfont!
Missing character: There is no e in font nullfont!
Missing character: There is no l in font nullfont!
Missing character: There is no i in font nullfont!
Missing character: There is no m in font nullfont!
Missing character: There is no i in font nullfont!
Missing character: There is no t in font nullfont!
Missing character: There is no e in font nullfont!
Missing character: There is no s in font nullfont!
Missing character: There is no d in font nullfont!
Missing character: There is no e in font nullfont!
Missing character: There is no c in font nullfont!
Missing character: There is no o in font nullfont!
Missing character: There is no n in font nullfont!
Missing character: There is no f in font nullfont!
Missing character: There is no i in font nullfont!
Missing character: There is no a in font nullfont!
Missing character: There is no n in font nullfont!
Missing character: There is no a in font nullfont!
Missing character: There is no i in font nullfont!
Missing character: There is no n in font nullfont!
Missing character: There is no f in font nullfont!
Missing character: There is no e in font nullfont!
Missing character: There is no r in font nullfont!
Missing character: There is no i in font nullfont!
Missing character: There is no o in font nullfont!
Missing character: There is no r in font nullfont!
Missing character: There is no e in font nullfont!
Missing character: There is no s in font nullfont!
Missing character: There is no u in font nullfont!
Missing character: There is no p in font nullfont!
Missing character: There is no e in font nullfont!
Missing character: There is no r in font nullfont!
Missing character: There is no i in font nullfont!
Missing character: There is no o in font nullfont!
Missing character: There is no r in font nullfont!
Missing character: There is no , in font nullfont!
Missing character: There is no r in font nullfont!
Missing character: There is no e in font nullfont!
Missing character: There is no s in font nullfont!
Missing character: There is no p in font nullfont!
Missing character: There is no e in font nullfont!
Missing character: There is no c in font nullfont!
Missing character: There is no t in font nullfont!
Missing character: There is no i in font nullfont!
Missing character: There is no v in font nullfont!
Missing character: There is no a in font nullfont!
Missing character: There is no m in font nullfont!
Missing character: There is no e in font nullfont!
Missing character: There is no n in font nullfont!
Missing character: There is no t in font nullfont!
Missing character: There is no e in font nullfont!
Missing character: There is no , in font nullfont!
Missing character: There is no p in font nullfont!
Missing character: There is no a in font nullfont!
Missing character: There is no r in font nullfont!
Missing character: There is no a in font nullfont!
Missing character: There is no . in font nullfont!

! LaTeX Error: \begin{document} ended by \end{definition}.

See the LaTeX manual or LaTeX Companion for explanation.
Type  H <return>  for immediate help.
 ...                                              
                                                  
l.14 \end{definition}
                     
Your command was ignored.
Type  I <command> <return>  to replace it with another command,
or  <return>  to continue without it.


Overfull \hbox (20.0pt too wide) in paragraph at lines 13--16
[]
 []


Overfull \hbox (65.93625pt too wide) in paragraph at lines 13--16
\OML/cmm/m/it/10 X[]; X[]; [] ; X[]$
 []


Overfull \hbox (5.00002pt too wide) in paragraph at lines 13--16
\/cmr/m/n/10 ^^So
 []


Overfull \hbox (9.44446pt too wide) in paragraph at lines 13--16
\/cmr/m/n/10 ^^Xc~a
 []


Overfull \hbox (21.13193pt too wide) in paragraph at lines 13--16
\OML/cmm/m/it/10 f\/cmr/m/n/10 (\OML/cmm/m/it/10 x \OMS/cmsy/m/n/10 j
 []


Overfull \hbox (8.86113pt too wide) in paragraph at lines 13--16
\OML/cmm/m/it/10 ^^R\/cmr/m/n/10 )$
 []


Overfull \hbox (20.88539pt too wide) in paragraph at lines 13--16
\OML/cmm/m/it/10 T[] \OMS/cmsy/m/n/10 ^^Q
 []


Overfull \hbox (27.17711pt too wide) in paragraph at lines 13--16
\OML/cmm/m/it/10 T[]\/cmr/m/n/10 ([]$
 []


Overfull \hbox (20.88539pt too wide) in paragraph at lines 13--16
\OML/cmm/m/it/10 T[] \OMS/cmsy/m/n/10 ^^Q
 []


Overfull \hbox (27.17711pt too wide) in paragraph at lines 13--16
\OML/cmm/m/it/10 T[]\/cmr/m/n/10 ([]$
 []


Overfull \hbox (2.77779pt too wide) in paragraph at lines 13--16
\/cmr/m/n/10 ^^S^^P
 []


Overfull \hbox (20.88539pt too wide) in paragraph at lines 13--16
\OML/cmm/m/it/10 T[] \OMS/cmsy/m/n/10 ^^T
 []


Overfull \hbox (10.32988pt too wide) in paragraph at lines 13--16
\OML/cmm/m/it/10 T[]$
 []


Overfull \hbox (28.18745pt too wide) in paragraph at lines 13--16
[]\/cmr/m/n/10 [\OML/cmm/m/it/10 T[] \OMS/cmsy/m/n/10 ^^T
 []


Overfull \hbox (28.80902pt too wide) in paragraph at lines 13--16
\OML/cmm/m/it/10 ^^\\/cmr/m/n/10 (\OML/cmm/m/it/10 ^^R\/cmr/m/n/10 ) \OMS/cmsy/
m/n/10 ^^T
 []


Overfull \hbox (23.66318pt too wide) in paragraph at lines 13--16
\OML/cmm/m/it/10 T[]\/cmr/m/n/10 ] =
 []


Overfull \hbox (5.73285pt too wide) in paragraph at lines 13--16
\OML/cmm/m/it/10 ^^M$
 []


Overfull \hbox (5.73285pt too wide) in paragraph at lines 13--16
\OML/cmm/m/it/10 ^^M$
 []


Overfull \hbox (5.00002pt too wide) in paragraph at lines 13--16
\/cmr/m/n/10 ~a
 []


Overfull \hbox (4.97223pt too wide) in paragraph at lines 13--16
\OML/cmm/m/it/10 ^^R$
 []


Overfull \hbox (5.00002pt too wide) in paragraph at lines 13--16
\/cmr/m/n/10 ~a
 []


Overfull \hbox (30.65974pt too wide) in paragraph at lines 13--16
\/cmr/m/n/10 [\OML/cmm/m/it/10 T[]; T[]\/cmr/m/n/10 ]$
 []


Overfull \hbox (4.44444pt too wide) in paragraph at lines 13--16
\/cmr/m/n/10 ^^Se
 []


Overfull \hbox (51.7642pt too wide) in paragraph at lines 13--16
[]$
 []


Overfull \hbox (5.73285pt too wide) in paragraph at lines 13--16
\OML/cmm/m/it/10 ^^M$
 []


Overfull \hbox (4.44444pt too wide) in paragraph at lines 13--16
\/cmr/m/n/10 ^^Se
 []


Overfull \hbox (7.22223pt too wide) in paragraph at lines 13--16
[]$
 []


Overfull \hbox (10.32988pt too wide) in paragraph at lines 13--16
\OML/cmm/m/it/10 T[]$
 []


Overfull \hbox (10.32988pt too wide) in paragraph at lines 13--16
\OML/cmm/m/it/10 T[]$
 []


Overfull \hbox (5.00002pt too wide) in paragraph at lines 13--16
\/cmr/m/n/10 ~a
 []


Overfull \hbox (4.44444pt too wide) in paragraph at lines 13--16
[]$
 []


Overfull \hbox (18.25351pt too wide) in paragraph at lines 13--16
\OML/cmm/m/it/10 ^^\\/cmr/m/n/10 (\OML/cmm/m/it/10 ^^R\/cmr/m/n/10 )$
 []


! LaTeX Error: Environment definition undefined.

See the LaTeX manual or LaTeX Companion for explanation.
Type  H <return>  for immediate help.
 ...                                              
                                                  
l.18 \begin{definition}
                       
Your command was ignored.
Type  I <command> <return>  to replace it with another command,
or  <return>  to continue without it.


! LaTeX Error: Missing \begin{document}.

See the LaTeX manual or LaTeX Companion for explanation.
Type  H <return>  for immediate help.
 ...                                              
                                                  
l.19 S
      ejam $X_1,X_2,\ldots,X_n$ uma amostra aleatória de uma população co...

You're in trouble here.  Try typing  <return>  to proceed.
If that doesn't work, type  X <return>  to quit.

Missing character: There is no S in font nullfont!
Missing character: There is no e in font nullfont!
Missing character: There is no j in font nullfont!
Missing character: There is no a in font nullfont!
Missing character: There is no m in font nullfont!
Missing character: There is no u in font nullfont!
Missing character: There is no m in font nullfont!
Missing character: There is no a in font nullfont!
Missing character: There is no a in font nullfont!
Missing character: There is no m in font nullfont!
Missing character: There is no o in font nullfont!
Missing character: There is no s in font nullfont!
Missing character: There is no t in font nullfont!
Missing character: There is no r in font nullfont!
Missing character: There is no a in font nullfont!
Missing character: There is no a in font nullfont!
Missing character: There is no l in font nullfont!
Missing character: There is no e in font nullfont!
Missing character: There is no a in font nullfont!
Missing character: There is no t in font nullfont!
Missing character: There is no r in font nullfont!
Missing character: There is no i in font nullfont!
Missing character: There is no a in font nullfont!
Missing character: There is no d in font nullfont!
Missing character: There is no e in font nullfont!
Missing character: There is no u in font nullfont!
Missing character: There is no m in font nullfont!
Missing character: There is no a in font nullfont!
Missing character: There is no p in font nullfont!
Missing character: There is no o in font nullfont!
Missing character: There is no p in font nullfont!
Missing character: There is no u in font nullfont!
Missing character: There is no l in font nullfont!
Missing character: There is no a in font nullfont!
Missing character: There is no o in font nullfont!
Missing character: There is no c in font nullfont!
Missing character: There is no o in font nullfont!
Missing character: There is no m in font nullfont!
Missing character: There is no f in font nullfont!
Missing character: There is no . in font nullfont!
Missing character: There is no d in font nullfont!
Missing character: There is no . in font nullfont!
Missing character: There is no p in font nullfont!
Missing character: There is no . in font nullfont!
Missing character: There is no . in font nullfont!
Missing character: There is no S in font nullfont!
Missing character: There is no e in font nullfont!
Missing character: There is no j in font nullfont!
Missing character: There is no a in font nullfont!

LaTeX Warning: Command \v invalid in math mode on input line 19.


LaTeX Warning: Command \v invalid in math mode on input line 19.

! Please use \mathaccent for accents in math mode.
\add@accent ... \let \ignorespaces \relax \accent 
                                                  #1 #2\egroup \ifmmode \els...
l.19 ...f(x\mid\theta)$. Seja $T_1\equiv T_1(\v{X}
                                                  )$ uma estatística tal qu...
I'm changing \accent to \mathaccent here; wish me luck.
(Accents are not the same in formulas as they are in text.)

! Missing { inserted.
<to be read again> 
                   \edef 
l.19 ...f(x\mid\theta)$. Seja $T_1\equiv T_1(\v{X}
                                                  )$ uma estatística tal qu...
A left brace was mandatory here, so I've put one in.
You might want to delete and/or insert some corrections
so that I will find a matching right brace soon.
(If you're confused by all this, try typing `I}' now.)

! Missing } inserted.
<inserted text> 
                }
l.19 ...x\mid\theta)$. Seja $T_1\equiv T_1(\v{X})$
                                                   uma estatística tal que ...
I've inserted something that you may have forgotten.
(See the <inserted text> above.)
With luck, this will get me unwedged. But if you
really didn't forget anything, try typing `2' now; then
my insertion and my current dilemma will both disappear.

Missing character: There is no u in font nullfont!
Missing character: There is no m in font nullfont!
Missing character: There is no a in font nullfont!
Missing character: There is no e in font nullfont!
Missing character: There is no s in font nullfont!
Missing character: There is no t in font nullfont!
Missing character: There is no a in font nullfont!
Missing character: There is no t in font nullfont!
Missing character: There is no s in font nullfont!
Missing character: There is no t in font nullfont!
Missing character: There is no i in font nullfont!
Missing character: There is no c in font nullfont!
Missing character: There is no a in font nullfont!
Missing character: There is no t in font nullfont!
Missing character: There is no a in font nullfont!
Missing character: There is no l in font nullfont!
Missing character: There is no q in font nullfont!
Missing character: There is no u in font nullfont!
Missing character: There is no e in font nullfont!
! Undefined control sequence.
<recently read> \Pro 
                     
l.19 ...T_1(\v{X})$ uma estatística tal que $\Pro
                                                  _\theta[T_1\leq\tau(\theta...
The control sequence at the end of the top line
of your error message was never \def'ed. If you have
misspelled it (e.g., `\hobx'), type `I' and the correct
spelling (e.g., `I\hbox'). Otherwise just continue,
and I'll forget about whatever was undefined.

Missing character: There is no . in font nullfont!
Missing character: There is no E in font nullfont!
Missing character: There is no n in font nullfont!
Missing character: There is no t in font nullfont!
Missing character: There is no o in font nullfont!
Missing character: There is no , in font nullfont!
Missing character: There is no c in font nullfont!
Missing character: There is no h in font nullfont!
Missing character: There is no a in font nullfont!
Missing character: There is no m in font nullfont!
Missing character: There is no a in font nullfont!
Missing character: There is no d in font nullfont!
Missing character: There is no a in font nullfont!
Missing character: There is no d in font nullfont!
Missing character: There is no e in font nullfont!
Missing character: There is no l in font nullfont!
Missing character: There is no i in font nullfont!
Missing character: There is no m in font nullfont!
Missing character: There is no i in font nullfont!
Missing character: There is no t in font nullfont!
Missing character: There is no e in font nullfont!
Missing character: There is no d in font nullfont!
Missing character: There is no e in font nullfont!
Missing character: There is no c in font nullfont!
Missing character: There is no o in font nullfont!
Missing character: There is no n in font nullfont!
Missing character: There is no f in font nullfont!
Missing character: There is no i in font nullfont!
Missing character: There is no a in font nullfont!
Missing character: There is no n in font nullfont!
Missing character: There is no a in font nullfont!
Missing character: There is no i in font nullfont!
Missing character: There is no n in font nullfont!
Missing character: There is no f in font nullfont!
Missing character: There is no e in font nullfont!
Missing character: There is no r in font nullfont!
Missing character: There is no i in font nullfont!
Missing character: There is no o in font nullfont!
Missing character: There is no r in font nullfont!
Missing character: There is no u in font nullfont!
Missing character: There is no n in font nullfont!
Missing character: There is no i in font nullfont!
Missing character: There is no l in font nullfont!
Missing character: There is no a in font nullfont!
Missing character: There is no t in font nullfont!
Missing character: There is no e in font nullfont!
Missing character: There is no r in font nullfont!
Missing character: There is no a in font nullfont!
Missing character: There is no l in font nullfont!
Missing character: There is no p in font nullfont!
Missing character: There is no a in font nullfont!
Missing character: There is no r in font nullfont!
Missing character: There is no a in font nullfont!
Missing character: There is no . in font nullfont!
Missing character: There is no A in font nullfont!
Missing character: There is no n in font nullfont!
Missing character: There is no a in font nullfont!
Missing character: There is no l in font nullfont!
Missing character: There is no o in font nullfont!
Missing character: There is no g in font nullfont!
Missing character: There is no a in font nullfont!
Missing character: There is no m in font nullfont!
Missing character: There is no e in font nullfont!
Missing character: There is no n in font nullfont!
Missing character: There is no t in font nullfont!
Missing character: There is no e in font nullfont!
Missing character: There is no , in font nullfont!
Missing character: There is no s in font nullfont!
Missing character: There is no e in font nullfont!
Missing character: There is no j in font nullfont!
Missing character: There is no a in font nullfont!

LaTeX Warning: Command \v invalid in math mode on input line 19.


LaTeX Warning: Command \v invalid in math mode on input line 19.

! Please use \mathaccent for accents in math mode.
\add@accent ... \let \ignorespaces \relax \accent 
                                                  #1 #2\egroup \ifmmode \els...
l.19 ...}. Analogamente, seja $T_2\equiv T_2(\v{X}
                                                  )$ uma estatística tal qu...
I'm changing \accent to \mathaccent here; wish me luck.
(Accents are not the same in formulas as they are in text.)

! Missing { inserted.
<to be read again> 
                   \edef 
l.19 ...}. Analogamente, seja $T_2\equiv T_2(\v{X}
                                                  )$ uma estatística tal qu...
A left brace was mandatory here, so I've put one in.
You might want to delete and/or insert some corrections
so that I will find a matching right brace soon.
(If you're confused by all this, try typing `I}' now.)

! Missing } inserted.
<inserted text> 
                }
l.19 ... Analogamente, seja $T_2\equiv T_2(\v{X})$
                                                   uma estatística tal que ...
I've inserted something that you may have forgotten.
(See the <inserted text> above.)
With luck, this will get me unwedged. But if you
really didn't forget anything, try typing `2' now; then
my insertion and my current dilemma will both disappear.

Missing character: There is no u in font nullfont!
Missing character: There is no m in font nullfont!
Missing character: There is no a in font nullfont!
Missing character: There is no e in font nullfont!
Missing character: There is no s in font nullfont!
Missing character: There is no t in font nullfont!
Missing character: There is no a in font nullfont!
Missing character: There is no t in font nullfont!
Missing character: There is no s in font nullfont!
Missing character: There is no t in font nullfont!
Missing character: There is no i in font nullfont!
Missing character: There is no c in font nullfont!
Missing character: There is no a in font nullfont!
Missing character: There is no t in font nullfont!
Missing character: There is no a in font nullfont!
Missing character: There is no l in font nullfont!
Missing character: There is no q in font nullfont!
Missing character: There is no u in font nullfont!
Missing character: There is no e in font nullfont!
! Undefined control sequence.
<recently read> \Pro 
                     
l.19 ...T_2(\v{X})$ uma estatística tal que $\Pro
                                                  _\theta[T_2\geq\tau(\theta...
The control sequence at the end of the top line
of your error message was never \def'ed. If you have
misspelled it (e.g., `\hobx'), type `I' and the correct
spelling (e.g., `I\hbox'). Otherwise just continue,
and I'll forget about whatever was undefined.

Missing character: There is no . in font nullfont!
Missing character: There is no E in font nullfont!
Missing character: There is no n in font nullfont!
Missing character: There is no t in font nullfont!
Missing character: There is no o in font nullfont!
Missing character: There is no , in font nullfont!
Missing character: There is no c in font nullfont!
Missing character: There is no h in font nullfont!
Missing character: There is no a in font nullfont!
Missing character: There is no m in font nullfont!
Missing character: There is no a in font nullfont!
Missing character: There is no d in font nullfont!
Missing character: There is no a in font nullfont!
Missing character: There is no d in font nullfont!
Missing character: There is no e in font nullfont!
Missing character: There is no l in font nullfont!
Missing character: There is no i in font nullfont!
Missing character: There is no m in font nullfont!
Missing character: There is no i in font nullfont!
Missing character: There is no t in font nullfont!
Missing character: There is no e in font nullfont!
Missing character: There is no d in font nullfont!
Missing character: There is no e in font nullfont!
Missing character: There is no c in font nullfont!
Missing character: There is no o in font nullfont!
Missing character: There is no n in font nullfont!
Missing character: There is no f in font nullfont!
Missing character: There is no i in font nullfont!
Missing character: There is no a in font nullfont!
Missing character: There is no n in font nullfont!
Missing character: There is no a in font nullfont!
Missing character: There is no s in font nullfont!
Missing character: There is no u in font nullfont!
Missing character: There is no p in font nullfont!
Missing character: There is no e in font nullfont!
Missing character: There is no r in font nullfont!
Missing character: There is no i in font nullfont!
Missing character: There is no o in font nullfont!
Missing character: There is no r in font nullfont!
Missing character: There is no u in font nullfont!
Missing character: There is no n in font nullfont!
Missing character: There is no i in font nullfont!
Missing character: There is no l in font nullfont!
Missing character: There is no a in font nullfont!
Missing character: There is no t in font nullfont!
Missing character: There is no e in font nullfont!
Missing character: There is no r in font nullfont!
Missing character: There is no a in font nullfont!
Missing character: There is no l in font nullfont!
Missing character: There is no p in font nullfont!
Missing character: There is no a in font nullfont!
Missing character: There is no r in font nullfont!
Missing character: There is no a in font nullfont!
Missing character: There is no . in font nullfont!
Missing character: There is no E in font nullfont!
Missing character: There is no m in font nullfont!
Missing character: There is no a in font nullfont!
Missing character: There is no m in font nullfont!
Missing character: There is no b in font nullfont!
Missing character: There is no o in font nullfont!
Missing character: There is no s in font nullfont!
Missing character: There is no o in font nullfont!
Missing character: There is no s in font nullfont!
Missing character: There is no c in font nullfont!
Missing character: There is no a in font nullfont!
Missing character: There is no s in font nullfont!
Missing character: There is no o in font nullfont!
Missing character: There is no s in font nullfont!
Missing character: There is no , in font nullfont!
Missing character: There is no n in font nullfont!
Missing character: There is no o in font nullfont!
Missing character: There is no d in font nullfont!
Missing character: There is no e in font nullfont!
Missing character: There is no p in font nullfont!
Missing character: There is no e in font nullfont!
Missing character: There is no n in font nullfont!
Missing character: There is no d in font nullfont!
Missing character: There is no e in font nullfont!
Missing character: There is no d in font nullfont!
Missing character: There is no e in font nullfont!
Missing character: There is no . in font nullfont!

! LaTeX Error: \begin{document} ended by \end{definition}.

See the LaTeX manual or LaTeX Companion for explanation.
Type  H <return>  for immediate help.
 ...                                              
                                                  
l.20 \end{definition}
                     
Your command was ignored.
Type  I <command> <return>  to replace it with another command,
or  <return>  to continue without it.


Overfull \hbox (20.0pt too wide) in paragraph at lines 19--22
[]
 []


Overfull \hbox (65.93625pt too wide) in paragraph at lines 19--22
\OML/cmm/m/it/10 X[]; X[]; [] ; X[]$
 []


Overfull \hbox (5.00002pt too wide) in paragraph at lines 19--22
\/cmr/m/n/10 ^^So
 []


Overfull \hbox (9.44446pt too wide) in paragraph at lines 19--22
\/cmr/m/n/10 ^^Xc~a
 []


Overfull \hbox (21.13193pt too wide) in paragraph at lines 19--22
\OML/cmm/m/it/10 f\/cmr/m/n/10 (\OML/cmm/m/it/10 x \OMS/cmsy/m/n/10 j
 []


Overfull \hbox (8.86113pt too wide) in paragraph at lines 19--22
\OML/cmm/m/it/10 ^^R\/cmr/m/n/10 )$
 []


Overfull \hbox (20.88539pt too wide) in paragraph at lines 19--22
\OML/cmm/m/it/10 T[] \OMS/cmsy/m/n/10 ^^Q
 []


Overfull \hbox (27.17711pt too wide) in paragraph at lines 19--22
\OML/cmm/m/it/10 T[]\/cmr/m/n/10 ([]$
 []


Overfull \hbox (2.77779pt too wide) in paragraph at lines 19--22
\/cmr/m/n/10 ^^S^^P
 []


Overfull \hbox (28.18745pt too wide) in paragraph at lines 19--22
[]\/cmr/m/n/10 [\OML/cmm/m/it/10 T[] \OMS/cmsy/m/n/10 ^^T
 []


Overfull \hbox (31.5868pt too wide) in paragraph at lines 19--22
\OML/cmm/m/it/10 ^^\\/cmr/m/n/10 (\OML/cmm/m/it/10 ^^R\/cmr/m/n/10 )] =
 []


Overfull \hbox (5.73285pt too wide) in paragraph at lines 19--22
\OML/cmm/m/it/10 ^^M$
 []


Overfull \hbox (5.00002pt too wide) in paragraph at lines 19--22
\/cmr/m/n/10 ~a
 []


Overfull \hbox (10.32988pt too wide) in paragraph at lines 19--22
\OML/cmm/m/it/10 T[]$
 []


Overfull \hbox (4.44444pt too wide) in paragraph at lines 19--22
\/cmr/m/n/10 ^^Se
 []


Overfull \hbox (22.69795pt too wide) in paragraph at lines 19--22
[]$
 []


Overfull \hbox (20.88539pt too wide) in paragraph at lines 19--22
\OML/cmm/m/it/10 T[] \OMS/cmsy/m/n/10 ^^Q
 []


Overfull \hbox (27.17711pt too wide) in paragraph at lines 19--22
\OML/cmm/m/it/10 T[]\/cmr/m/n/10 ([]$
 []


Overfull \hbox (2.77779pt too wide) in paragraph at lines 19--22
\/cmr/m/n/10 ^^S^^P
 []


Overfull \hbox (28.18745pt too wide) in paragraph at lines 19--22
[]\/cmr/m/n/10 [\OML/cmm/m/it/10 T[] \OMS/cmsy/m/n/10 ^^U
 []


Overfull \hbox (31.5868pt too wide) in paragraph at lines 19--22
\OML/cmm/m/it/10 ^^\\/cmr/m/n/10 (\OML/cmm/m/it/10 ^^R\/cmr/m/n/10 )] =
 []


Overfull \hbox (5.73285pt too wide) in paragraph at lines 19--22
\OML/cmm/m/it/10 ^^M$
 []


Overfull \hbox (5.00002pt too wide) in paragraph at lines 19--22
\/cmr/m/n/10 ~a
 []


Overfull \hbox (10.32988pt too wide) in paragraph at lines 19--22
\OML/cmm/m/it/10 T[]$
 []


Overfull \hbox (4.44444pt too wide) in paragraph at lines 19--22
\/cmr/m/n/10 ^^Se
 []


Overfull \hbox (22.69795pt too wide) in paragraph at lines 19--22
[]$
 []


Overfull \hbox (5.73285pt too wide) in paragraph at lines 19--22
\OML/cmm/m/it/10 ^^M$
 []


Overfull \hbox (5.00002pt too wide) in paragraph at lines 19--22
\/cmr/m/n/10 ~a
 []


Overfull \hbox (4.97223pt too wide) in paragraph at lines 19--22
\OML/cmm/m/it/10 ^^R$
 []


! LaTeX Error: Environment note undefined.

See the LaTeX manual or LaTeX Companion for explanation.
Type  H <return>  for immediate help.
 ...                                              
                                                  
l.24 \begin{note}
                 
Your command was ignored.
Type  I <command> <return>  to replace it with another command,
or  <return>  to continue without it.


! LaTeX Error: Missing \begin{document}.

See the LaTeX manual or LaTeX Companion for explanation.
Type  H <return>  for immediate help.
 ...                                              
                                                  
l.25 S
      e um IC para $\theta$ tiver sido determinado, então pode-se determina...

You're in trouble here.  Try typing  <return>  to proceed.
If that doesn't work, type  X <return>  to quit.

Missing character: There is no S in font nullfont!
Missing character: There is no e in font nullfont!
Missing character: There is no u in font nullfont!
Missing character: There is no m in font nullfont!
Missing character: There is no I in font nullfont!
Missing character: There is no C in font nullfont!
Missing character: There is no p in font nullfont!
Missing character: There is no a in font nullfont!
Missing character: There is no r in font nullfont!
Missing character: There is no a in font nullfont!
Missing character: There is no t in font nullfont!
Missing character: There is no i in font nullfont!
Missing character: There is no v in font nullfont!
Missing character: There is no e in font nullfont!
Missing character: There is no r in font nullfont!
Missing character: There is no s in font nullfont!
Missing character: There is no i in font nullfont!
Missing character: There is no d in font nullfont!
Missing character: There is no o in font nullfont!
Missing character: There is no d in font nullfont!
Missing character: There is no e in font nullfont!
Missing character: There is no t in font nullfont!
Missing character: There is no e in font nullfont!
Missing character: There is no r in font nullfont!
Missing character: There is no m in font nullfont!
Missing character: There is no i in font nullfont!
Missing character: There is no n in font nullfont!
Missing character: There is no a in font nullfont!
Missing character: There is no d in font nullfont!
Missing character: There is no o in font nullfont!
Missing character: There is no , in font nullfont!
Missing character: There is no e in font nullfont!
Missing character: There is no n in font nullfont!
Missing character: There is no t in font nullfont!
Missing character: There is no o in font nullfont!
Missing character: There is no p in font nullfont!
Missing character: There is no o in font nullfont!
Missing character: There is no d in font nullfont!
Missing character: There is no e in font nullfont!
Missing character: There is no - in font nullfont!
Missing character: There is no s in font nullfont!
Missing character: There is no e in font nullfont!
Missing character: There is no d in font nullfont!
Missing character: There is no e in font nullfont!
Missing character: There is no t in font nullfont!
Missing character: There is no e in font nullfont!
Missing character: There is no r in font nullfont!
Missing character: There is no m in font nullfont!
Missing character: There is no i in font nullfont!
Missing character: There is no n in font nullfont!
Missing character: There is no a in font nullfont!
Missing character: There is no r in font nullfont!
Missing character: There is no u in font nullfont!
Missing character: There is no m in font nullfont!
Missing character: There is no a in font nullfont!
Missing character: There is no f in font nullfont!
Missing character: There is no a in font nullfont!
Missing character: There is no m in font nullfont!
Missing character: There is no l in font nullfont!
Missing character: There is no i in font nullfont!
Missing character: There is no a in font nullfont!
Missing character: There is no d in font nullfont!
Missing character: There is no e in font nullfont!
Missing character: There is no I in font nullfont!
Missing character: There is no C in font nullfont!
Missing character: There is no ' in font nullfont!
Missing character: There is no s in font nullfont!
Missing character: There is no . in font nullfont!
Missing character: There is no E in font nullfont!
Missing character: There is no m in font nullfont!
Missing character: There is no o in font nullfont!
Missing character: There is no u in font nullfont!
Missing character: There is no t in font nullfont!
Missing character: There is no r in font nullfont!
Missing character: There is no a in font nullfont!
Missing character: There is no s in font nullfont!
Missing character: There is no p in font nullfont!
Missing character: There is no a in font nullfont!
Missing character: There is no l in font nullfont!
Missing character: There is no a in font nullfont!
Missing character: There is no v in font nullfont!
Missing character: There is no r in font nullfont!
Missing character: There is no a in font nullfont!
Missing character: There is no s in font nullfont!
Missing character: There is no , in font nullfont!
Missing character: There is no p in font nullfont!
Missing character: There is no a in font nullfont!
Missing character: There is no r in font nullfont!
Missing character: There is no a in font nullfont!
Missing character: There is no u in font nullfont!
Missing character: There is no m in font nullfont!
Missing character: There is no d in font nullfont!
Missing character: There is no e in font nullfont!
Missing character: There is no t in font nullfont!
Missing character: There is no e in font nullfont!
Missing character: There is no r in font nullfont!
Missing character: There is no m in font nullfont!
Missing character: There is no i in font nullfont!
Missing character: There is no n in font nullfont!
Missing character: There is no a in font nullfont!
Missing character: There is no d in font nullfont!
Missing character: There is no o in font nullfont!
Missing character: There is no e in font nullfont!
Missing character: There is no s in font nullfont!
Missing character: There is no t in font nullfont!
Missing character: There is no i in font nullfont!
Missing character: There is no m in font nullfont!
Missing character: There is no a in font nullfont!
Missing character: There is no d in font nullfont!
Missing character: There is no o in font nullfont!
Missing character: There is no r in font nullfont!
Missing character: There is no i in font nullfont!
Missing character: There is no n in font nullfont!
Missing character: There is no t in font nullfont!
Missing character: There is no e in font nullfont!
Missing character: There is no r in font nullfont!
Missing character: There is no v in font nullfont!
Missing character: There is no a in font nullfont!
Missing character: There is no l in font nullfont!
Missing character: There is no a in font nullfont!
Missing character: There is no r in font nullfont!
Missing character: There is no c in font nullfont!
Missing character: There is no o in font nullfont!
Missing character: There is no m in font nullfont!
Missing character: There is no d in font nullfont!
Missing character: There is no e in font nullfont!
Missing character: There is no c in font nullfont!
Missing character: There is no o in font nullfont!
Missing character: There is no n in font nullfont!
Missing character: There is no f in font nullfont!
Missing character: There is no i in font nullfont!
Missing character: There is no a in font nullfont!
Missing character: There is no n in font nullfont!
Missing character: There is no a in font nullfont!
Missing character: There is no p in font nullfont!
Missing character: There is no a in font nullfont!
Missing character: There is no r in font nullfont!
Missing character: There is no a in font nullfont!
Missing character: There is no , in font nullfont!
Missing character: There is no p in font nullfont!
Missing character: There is no o in font nullfont!
Missing character: There is no d in font nullfont!
Missing character: There is no e in font nullfont!
Missing character: There is no - in font nullfont!
Missing character: There is no s in font nullfont!
Missing character: There is no e in font nullfont!
Missing character: There is no o in font nullfont!
Missing character: There is no b in font nullfont!
Missing character: There is no t in font nullfont!
Missing character: There is no e in font nullfont!
Missing character: There is no r in font nullfont!
Missing character: There is no u in font nullfont!
Missing character: There is no m in font nullfont!
Missing character: There is no e in font nullfont!
Missing character: There is no s in font nullfont!
Missing character: There is no t in font nullfont!
Missing character: There is no i in font nullfont!
Missing character: There is no m in font nullfont!
Missing character: There is no a in font nullfont!
Missing character: There is no d in font nullfont!
Missing character: There is no o in font nullfont!
Missing character: There is no r in font nullfont!
Missing character: There is no i in font nullfont!
Missing character: There is no n in font nullfont!
Missing character: There is no t in font nullfont!
Missing character: There is no e in font nullfont!
Missing character: There is no r in font nullfont!
Missing character: There is no v in font nullfont!
Missing character: There is no a in font nullfont!
Missing character: There is no l in font nullfont!
Missing character: There is no a in font nullfont!
Missing character: There is no r in font nullfont!
Missing character: There is no c in font nullfont!
Missing character: There is no o in font nullfont!
Missing character: There is no m in font nullfont!
Missing character: There is no p in font nullfont!
Missing character: There is no a in font nullfont!
Missing character: There is no r in font nullfont!
Missing character: There is no a in font nullfont!
Missing character: There is no , in font nullfont!
Missing character: There is no d in font nullfont!
Missing character: There is no e in font nullfont!
Missing character: There is no s in font nullfont!
Missing character: There is no d in font nullfont!
Missing character: There is no e in font nullfont!
Missing character: There is no q in font nullfont!
Missing character: There is no u in font nullfont!
Missing character: There is no e in font nullfont!
Missing character: There is no s in font nullfont!
Missing character: There is no e in font nullfont!
Missing character: There is no j in font nullfont!
Missing character: There is no a in font nullfont!
Missing character: There is no u in font nullfont!
Missing character: There is no m in font nullfont!
Missing character: There is no a in font nullfont!
Missing character: There is no f in font nullfont!
Missing character: There is no u in font nullfont!
Missing character: There is no n in font nullfont!
Missing character: There is no o in font nullfont!
Missing character: There is no e in font nullfont!
Missing character: There is no s in font nullfont!
Missing character: There is no t in font nullfont!
Missing character: There is no r in font nullfont!
Missing character: There is no i in font nullfont!
Missing character: There is no t in font nullfont!
Missing character: There is no a in font nullfont!
Missing character: There is no m in font nullfont!
Missing character: There is no e in font nullfont!
Missing character: There is no n in font nullfont!
Missing character: There is no t in font nullfont!
Missing character: There is no e in font nullfont!
Missing character: There is no m in font nullfont!
Missing character: There is no o in font nullfont!
Missing character: There is no n in font nullfont!
Missing character: There is no t in font nullfont!
Missing character: There is no o in font nullfont!
Missing character: There is no n in font nullfont!
Missing character: There is no a in font nullfont!
Missing character: There is no . in font nullfont!
Missing character: There is no S in font nullfont!
Missing character: There is no e in font nullfont!
Missing character: There is no f in font nullfont!
Missing character: There is no o in font nullfont!
Missing character: There is no r in font nullfont!
Missing character: There is no u in font nullfont!
Missing character: There is no m in font nullfont!
Missing character: There is no a in font nullfont!
Missing character: There is no f in font nullfont!
Missing character: There is no u in font nullfont!
Missing character: There is no n in font nullfont!
Missing character: There is no o in font nullfont!
Missing character: There is no e in font nullfont!
Missing character: There is no s in font nullfont!
Missing character: There is no t in font nullfont!
Missing character: There is no r in font nullfont!
Missing character: There is no i in font nullfont!
Missing character: There is no t in font nullfont!
Missing character: There is no a in font nullfont!
Missing character: There is no m in font nullfont!
Missing character: There is no e in font nullfont!
Missing character: There is no n in font nullfont!
Missing character: There is no t in font nullfont!
Missing character: There is no e in font nullfont!
Missing character: There is no c in font nullfont!
Missing character: There is no r in font nullfont!
Missing character: There is no e in font nullfont!
Missing character: There is no s in font nullfont!
Missing character: There is no c in font nullfont!
Missing character: There is no e in font nullfont!
Missing character: There is no n in font nullfont!
Missing character: There is no t in font nullfont!
Missing character: There is no e in font nullfont!
Missing character: There is no e in font nullfont!
Missing character: There is no f in font nullfont!
Missing character: There is no o in font nullfont!
Missing character: There is no r in font nullfont!
Missing character: There is no u in font nullfont!
Missing character: There is no m in font nullfont!
Missing character: There is no I in font nullfont!
Missing character: There is no C in font nullfont!
Missing character: There is no p in font nullfont!
Missing character: There is no a in font nullfont!
Missing character: There is no r in font nullfont!
Missing character: There is no a in font nullfont!
Missing character: There is no , in font nullfont!
Missing character: There is no e in font nullfont!
Missing character: There is no n in font nullfont!
Missing character: There is no t in font nullfont!
Missing character: There is no o in font nullfont!
Missing character: There is no s in font nullfont!
Missing character: There is no e in font nullfont!
Missing character: There is no r in font nullfont!
Missing character: There is no u in font nullfont!
Missing character: There is no m in font nullfont!
Missing character: There is no I in font nullfont!
Missing character: There is no C in font nullfont!
Missing character: There is no p in font nullfont!
Missing character: There is no a in font nullfont!
Missing character: There is no r in font nullfont!
Missing character: There is no a in font nullfont!
Missing character: There is no , in font nullfont!
Missing character: There is no p in font nullfont!
Missing character: There is no o in font nullfont!
Missing character: There is no i in font nullfont!
Missing character: There is no s in font nullfont!

Overfull \hbox (20.0pt too wide) in paragraph at lines 25--26
[]
 []


Overfull \hbox (4.97223pt too wide) in paragraph at lines 25--26
\OML/cmm/m/it/10 ^^R$
 []


Overfull \hbox (5.00002pt too wide) in paragraph at lines 25--26
\/cmr/m/n/10 ~a
 []


Overfull \hbox (2.77779pt too wide) in paragraph at lines 25--26
\/cmr/m/n/10 ^^S^^P
 []


Overfull \hbox (29.06625pt too wide) in paragraph at lines 25--26
\/cmr/m/n/10 100\OML/cmm/m/it/10 ^^M\/cmr/m/n/10 %$
 []


Overfull \hbox (4.44444pt too wide) in paragraph at lines 25--26
\/cmr/m/n/10 ^^Xc
 []


Overfull \hbox (4.97223pt too wide) in paragraph at lines 25--26
\OML/cmm/m/it/10 ^^R$
 []


Overfull \hbox (29.06625pt too wide) in paragraph at lines 25--26
\/cmr/m/n/10 100\OML/cmm/m/it/10 ^^M\/cmr/m/n/10 %$
 []


Overfull \hbox (18.25351pt too wide) in paragraph at lines 25--26
\OML/cmm/m/it/10 ^^\\/cmr/m/n/10 (\OML/cmm/m/it/10 ^^R\/cmr/m/n/10 )$
 []


Overfull \hbox (5.50348pt too wide) in paragraph at lines 25--26
\OML/cmm/m/it/10 ^^\$
 []


Overfull \hbox (9.44446pt too wide) in paragraph at lines 25--26
\/cmr/m/n/10 ^^Xc~a
 []


Overfull \hbox (5.00002pt too wide) in paragraph at lines 25--26
\/cmr/m/n/10 ^^So
 []


Overfull \hbox (5.50348pt too wide) in paragraph at lines 25--26
\OML/cmm/m/it/10 ^^\$
 []


Overfull \hbox (9.44446pt too wide) in paragraph at lines 25--26
\/cmr/m/n/10 ^^Xc~a
 []


Overfull \hbox (30.65974pt too wide) in paragraph at lines 25--26
\/cmr/m/n/10 [\OML/cmm/m/it/10 T[]; T[]\/cmr/m/n/10 ]$
 []


Overfull \hbox (4.97223pt too wide) in paragraph at lines 25--26
\OML/cmm/m/it/10 ^^R$
 []


Overfull \hbox (5.00002pt too wide) in paragraph at lines 25--26
\/cmr/m/n/10 ~a
 []


Overfull \hbox (57.2223pt too wide) in paragraph at lines 25--26
\/cmr/m/n/10 [\OML/cmm/m/it/10 ^^\\/cmr/m/n/10 (\OML/cmm/m/it/10 T[]\/cmr/m/n/1
0 )\OML/cmm/m/it/10 ; ^^\\/cmr/m/n/10 (\OML/cmm/m/it/10 T[]\/cmr/m/n/10 )]$
 []


Overfull \hbox (5.00002pt too wide) in paragraph at lines 25--26
\/cmr/m/n/10 ^^Sa
 []


Overfull \hbox (18.25351pt too wide) in paragraph at lines 25--26
\OML/cmm/m/it/10 ^^\\/cmr/m/n/10 (\OML/cmm/m/it/10 ^^R\/cmr/m/n/10 )$
 []

! Undefined control sequence.
l.27 \Pro
         _\theta[T_1\leq\theta\leq T_2] = \Pro_\theta[\tau(T_1)\leq\tau(\the...
The control sequence at the end of the top line
of your error message was never \def'ed. If you have
misspelled it (e.g., `\hobx'), type `I' and the correct
spelling (e.g., `I\hbox'). Otherwise just continue,
and I'll forget about whatever was undefined.

! Undefined control sequence.
l.27 \Pro_\theta[T_1\leq\theta\leq T_2] = \Pro
                                              _\theta[\tau(T_1)\leq\tau(\the...
The control sequence at the end of the top line
of your error message was never \def'ed. If you have
misspelled it (e.g., `\hobx'), type `I' and the correct
spelling (e.g., `I\hbox'). Otherwise just continue,
and I'll forget about whatever was undefined.


Overfull \hbox (180.71141pt too wide) detected at line 28
[]\/cmr/m/n/10 [\OML/cmm/m/it/10 T[] \OMS/cmsy/m/n/10 ^^T \OML/cmm/m/it/10 ^^R 
\OMS/cmsy/m/n/10 ^^T \OML/cmm/m/it/10 T[]\/cmr/m/n/10 ] =[] [\OML/cmm/m/it/10 ^
^\\/cmr/m/n/10 (\OML/cmm/m/it/10 T[]\/cmr/m/n/10 ) \OMS/cmsy/m/n/10 ^^T \OML/cm
m/m/it/10 ^^\\/cmr/m/n/10 (\OML/cmm/m/it/10 ^^R\/cmr/m/n/10 ) \OMS/cmsy/m/n/10 
^^T \OML/cmm/m/it/10 ^^\\/cmr/m/n/10 (\OML/cmm/m/it/10 T[]\/cmr/m/n/10 )]\OML/c
mm/m/it/10 :
 []


! LaTeX Error: \begin{document} ended by \end{note}.

See the LaTeX manual or LaTeX Companion for explanation.
Type  H <return>  for immediate help.
 ...                                              
                                                  
l.29 \end{note}
               
Your command was ignored.
Type  I <command> <return>  to replace it with another command,
or  <return>  to continue without it.


! LaTeX Error: Environment definition undefined.

See the LaTeX manual or LaTeX Companion for explanation.
Type  H <return>  for immediate help.
 ...                                              
                                                  
l.33 \begin{definition}
                       
Your command was ignored.
Type  I <command> <return>  to replace it with another command,
or  <return>  to continue without it.


! LaTeX Error: Missing \begin{document}.

See the LaTeX manual or LaTeX Companion for explanation.
Type  H <return>  for immediate help.
 ...                                              
                                                  
l.34 S
      ejam $X_1,X_2,\ldots,X_n$ uma A.A. de uma população com f.d.p. $f(x\...

You're in trouble here.  Try typing  <return>  to proceed.
If that doesn't work, type  X <return>  to quit.

Missing character: There is no S in font nullfont!
Missing character: There is no e in font nullfont!
Missing character: There is no j in font nullfont!
Missing character: There is no a in font nullfont!
Missing character: There is no m in font nullfont!
Missing character: There is no u in font nullfont!
Missing character: There is no m in font nullfont!
Missing character: There is no a in font nullfont!
Missing character: There is no A in font nullfont!
Missing character: There is no . in font nullfont!
Missing character: There is no A in font nullfont!
Missing character: There is no . in font nullfont!
Missing character: There is no d in font nullfont!
Missing character: There is no e in font nullfont!
Missing character: There is no u in font nullfont!
Missing character: There is no m in font nullfont!
Missing character: There is no a in font nullfont!
Missing character: There is no p in font nullfont!
Missing character: There is no o in font nullfont!
Missing character: There is no p in font nullfont!
Missing character: There is no u in font nullfont!
Missing character: There is no l in font nullfont!
Missing character: There is no a in font nullfont!
Missing character: There is no o in font nullfont!
Missing character: There is no c in font nullfont!
Missing character: There is no o in font nullfont!
Missing character: There is no m in font nullfont!
Missing character: There is no f in font nullfont!
Missing character: There is no . in font nullfont!
Missing character: There is no d in font nullfont!
Missing character: There is no . in font nullfont!
Missing character: There is no p in font nullfont!
Missing character: There is no . in font nullfont!
Missing character: There is no , in font nullfont!
Missing character: There is no e in font nullfont!
Missing character: There is no s in font nullfont!
Missing character: There is no e in font nullfont!
Missing character: There is no j in font nullfont!
Missing character: There is no a in font nullfont!

LaTeX Warning: Command \v invalid in math mode on input line 34.


LaTeX Warning: Command \v invalid in math mode on input line 34.

! Please use \mathaccent for accents in math mode.
\add@accent ... \let \ignorespaces \relax \accent 
                                                  #1 #2\egroup \ifmmode \els...
l.34 ... $f(x\mid\theta)$, e seja $Q\equiv Q(\v{X}
                                                  \mid\theta)$. Dizemos que ...
I'm changing \accent to \mathaccent here; wish me luck.
(Accents are not the same in formulas as they are in text.)

! Missing { inserted.
<to be read again> 
                   \edef 
l.34 ... $f(x\mid\theta)$, e seja $Q\equiv Q(\v{X}
                                                  \mid\theta)$. Dizemos que ...
A left brace was mandatory here, so I've put one in.
You might want to delete and/or insert some corrections
so that I will find a matching right brace soon.
(If you're confused by all this, try typing `I}' now.)

! Missing } inserted.
<inserted text> 
                }
l.34 ...eta)$, e seja $Q\equiv Q(\v{X}\mid\theta)$
                                                  . Dizemos que $Q$ é uma \...
I've inserted something that you may have forgotten.
(See the <inserted text> above.)
With luck, this will get me unwedged. But if you
really didn't forget anything, try typing `2' now; then
my insertion and my current dilemma will both disappear.

Missing character: There is no . in font nullfont!
Missing character: There is no D in font nullfont!
Missing character: There is no i in font nullfont!
Missing character: There is no z in font nullfont!
Missing character: There is no e in font nullfont!
Missing character: There is no m in font nullfont!
Missing character: There is no o in font nullfont!
Missing character: There is no s in font nullfont!
Missing character: There is no q in font nullfont!
Missing character: There is no u in font nullfont!
Missing character: There is no e in font nullfont!
Missing character: There is no u in font nullfont!
Missing character: There is no m in font nullfont!
Missing character: There is no a in font nullfont!
Missing character: There is no q in font nullfont!
Missing character: There is no u in font nullfont!
Missing character: There is no a in font nullfont!
Missing character: There is no n in font nullfont!
Missing character: There is no t in font nullfont!
Missing character: There is no i in font nullfont!
Missing character: There is no d in font nullfont!
Missing character: There is no a in font nullfont!
Missing character: There is no d in font nullfont!
Missing character: There is no e in font nullfont!
Missing character: There is no p in font nullfont!
Missing character: There is no i in font nullfont!
Missing character: There is no v in font nullfont!
Missing character: There is no o in font nullfont!
Missing character: There is no t in font nullfont!
Missing character: There is no a in font nullfont!
Missing character: There is no l in font nullfont!
Missing character: There is no s in font nullfont!
Missing character: There is no e in font nullfont!
Missing character: There is no s in font nullfont!
Missing character: There is no u in font nullfont!
Missing character: There is no a in font nullfont!
Missing character: There is no d in font nullfont!
Missing character: There is no i in font nullfont!
Missing character: There is no s in font nullfont!
Missing character: There is no t in font nullfont!
Missing character: There is no r in font nullfont!
Missing character: There is no i in font nullfont!
Missing character: There is no b in font nullfont!
Missing character: There is no u in font nullfont!
Missing character: There is no i in font nullfont!
Missing character: There is no o in font nullfont!
Missing character: There is no n in font nullfont!
Missing character: There is no o in font nullfont!
Missing character: There is no d in font nullfont!
Missing character: There is no e in font nullfont!
Missing character: There is no p in font nullfont!
Missing character: There is no e in font nullfont!
Missing character: There is no n in font nullfont!
Missing character: There is no d in font nullfont!
Missing character: There is no e in font nullfont!
Missing character: There is no r in font nullfont!
Missing character: There is no d in font nullfont!
Missing character: There is no e in font nullfont!
Missing character: There is no . in font nullfont!

! LaTeX Error: \begin{document} ended by \end{definition}.

See the LaTeX manual or LaTeX Companion for explanation.
Type  H <return>  for immediate help.
 ...                                              
                                                  
l.35 \end{definition}
                     
Your command was ignored.
Type  I <command> <return>  to replace it with another command,
or  <return>  to continue without it.


Overfull \hbox (20.0pt too wide) in paragraph at lines 34--37
[]
 []


Overfull \hbox (65.93625pt too wide) in paragraph at lines 34--37
\OML/cmm/m/it/10 X[]; X[]; [] ; X[]$
 []


Overfull \hbox (9.44446pt too wide) in paragraph at lines 34--37
\/cmr/m/n/10 ^^Xc~a
 []


Overfull \hbox (21.13193pt too wide) in paragraph at lines 34--37
\OML/cmm/m/it/10 f\/cmr/m/n/10 (\OML/cmm/m/it/10 x \OMS/cmsy/m/n/10 j
 []


Overfull \hbox (8.86113pt too wide) in paragraph at lines 34--37
\OML/cmm/m/it/10 ^^R\/cmr/m/n/10 )$
 []


Overfull \hbox (18.46106pt too wide) in paragraph at lines 34--37
\OML/cmm/m/it/10 Q \OMS/cmsy/m/n/10 ^^Q
 []


Overfull \hbox (38.05821pt too wide) in paragraph at lines 34--37
\OML/cmm/m/it/10 Q\/cmr/m/n/10 ([]$
 []


Overfull \hbox (7.90555pt too wide) in paragraph at lines 34--37
\OML/cmm/m/it/10 Q$
 []


Overfull \hbox (4.44444pt too wide) in paragraph at lines 34--37
\/cmr/m/n/10 ^^Se
 []


Overfull \hbox (9.44446pt too wide) in paragraph at lines 34--37
\/cmr/m/n/10 ^^Xc~a
 []


Overfull \hbox (5.00002pt too wide) in paragraph at lines 34--37
\/cmr/m/n/10 ~a
 []


Overfull \hbox (4.97223pt too wide) in paragraph at lines 34--37
\OML/cmm/m/it/10 ^^R$
 []


! LaTeX Error: Environment theorem undefined.

See the LaTeX manual or LaTeX Companion for explanation.
Type  H <return>  for immediate help.
 ...                                              
                                                  
l.39 \begin{theorem}
                    [Método da quantidade pivotal]
Your command was ignored.
Type  I <command> <return>  to replace it with another command,
or  <return>  to continue without it.


! LaTeX Error: Missing \begin{document}.

See the LaTeX manual or LaTeX Companion for explanation.
Type  H <return>  for immediate help.
 ...                                              
                                                  
l.39 \begin{theorem}[
                     Método da quantidade pivotal]
You're in trouble here.  Try typing  <return>  to proceed.
If that doesn't work, type  X <return>  to quit.

Missing character: There is no [ in font nullfont!
Missing character: There is no M in font nullfont!
Missing character: There is no t in font nullfont!
Missing character: There is no o in font nullfont!
Missing character: There is no d in font nullfont!
Missing character: There is no o in font nullfont!
Missing character: There is no d in font nullfont!
Missing character: There is no a in font nullfont!
Missing character: There is no q in font nullfont!
Missing character: There is no u in font nullfont!
Missing character: There is no a in font nullfont!
Missing character: There is no n in font nullfont!
Missing character: There is no t in font nullfont!
Missing character: There is no i in font nullfont!
Missing character: There is no d in font nullfont!
Missing character: There is no a in font nullfont!
Missing character: There is no d in font nullfont!
Missing character: There is no e in font nullfont!
Missing character: There is no p in font nullfont!
Missing character: There is no i in font nullfont!
Missing character: There is no v in font nullfont!
Missing character: There is no o in font nullfont!
Missing character: There is no t in font nullfont!
Missing character: There is no a in font nullfont!
Missing character: There is no l in font nullfont!
Missing character: There is no ] in font nullfont!
Missing character: There is no S in font nullfont!
Missing character: There is no e in font nullfont!

LaTeX Warning: Command \v invalid in math mode on input line 40.


LaTeX Warning: Command \v invalid in math mode on input line 40.

! Please use \mathaccent for accents in math mode.
\add@accent ... \let \ignorespaces \relax \accent 
                                                  #1 #2\egroup \ifmmode \els...
l.40 Se $Q(\v{X}
                \mid\theta)$ é uma quantidade pivotal e possui uma f.d.p., ...
I'm changing \accent to \mathaccent here; wish me luck.
(Accents are not the same in formulas as they are in text.)

! Missing { inserted.
<to be read again> 
                   \edef 
l.40 Se $Q(\v{X}
                \mid\theta)$ é uma quantidade pivotal e possui uma f.d.p., ...
A left brace was mandatory here, so I've put one in.
You might want to delete and/or insert some corrections
so that I will find a matching right brace soon.
(If you're confused by all this, try typing `I}' now.)

! Missing } inserted.
<inserted text> 
                }
l.40 Se $Q(\v{X}\mid\theta)$
                             é uma quantidade pivotal e possui uma f.d.p., ...
I've inserted something that you may have forgotten.
(See the <inserted text> above.)
With luck, this will get me unwedged. But if you
really didn't forget anything, try typing `2' now; then
my insertion and my current dilemma will both disappear.

Missing character: There is no u in font nullfont!
Missing character: There is no m in font nullfont!
Missing character: There is no a in font nullfont!
Missing character: There is no q in font nullfont!
Missing character: There is no u in font nullfont!
Missing character: There is no a in font nullfont!
Missing character: There is no n in font nullfont!
Missing character: There is no t in font nullfont!
Missing character: There is no i in font nullfont!
Missing character: There is no d in font nullfont!
Missing character: There is no a in font nullfont!
Missing character: There is no d in font nullfont!
Missing character: There is no e in font nullfont!
Missing character: There is no p in font nullfont!
Missing character: There is no i in font nullfont!
Missing character: There is no v in font nullfont!
Missing character: There is no o in font nullfont!
Missing character: There is no t in font nullfont!
Missing character: There is no a in font nullfont!
Missing character: There is no l in font nullfont!
Missing character: There is no e in font nullfont!
Missing character: There is no p in font nullfont!
Missing character: There is no o in font nullfont!
Missing character: There is no s in font nullfont!
Missing character: There is no s in font nullfont!
Missing character: There is no u in font nullfont!
Missing character: There is no i in font nullfont!
Missing character: There is no u in font nullfont!
Missing character: There is no m in font nullfont!
Missing character: There is no a in font nullfont!
Missing character: There is no f in font nullfont!
Missing character: There is no . in font nullfont!
Missing character: There is no d in font nullfont!
Missing character: There is no . in font nullfont!
Missing character: There is no p in font nullfont!
Missing character: There is no . in font nullfont!
Missing character: There is no , in font nullfont!
Missing character: There is no e in font nullfont!
Missing character: There is no n in font nullfont!
Missing character: There is no t in font nullfont!
Missing character: There is no o in font nullfont!
Missing character: There is no , in font nullfont!
Missing character: There is no p in font nullfont!
Missing character: There is no a in font nullfont!
Missing character: There is no r in font nullfont!
Missing character: There is no a in font nullfont!
Missing character: There is no q in font nullfont!
Missing character: There is no u in font nullfont!
Missing character: There is no a in font nullfont!
Missing character: There is no l in font nullfont!
Missing character: There is no q in font nullfont!
Missing character: There is no u in font nullfont!
Missing character: There is no e in font nullfont!
Missing character: There is no r in font nullfont!
Missing character: There is no , in font nullfont!
Missing character: There is no h in font nullfont!
Missing character: There is no a in font nullfont!
Missing character: There is no v in font nullfont!
Missing character: There is no e in font nullfont!
Missing character: There is no r in font nullfont!
Missing character: There is no e in font nullfont!
Missing character: There is no d in font nullfont!
Missing character: There is no e in font nullfont!
Missing character: There is no p in font nullfont!
Missing character: There is no e in font nullfont!
Missing character: There is no n in font nullfont!
Missing character: There is no d in font nullfont!
Missing character: There is no e in font nullfont!
Missing character: There is no n in font nullfont!
Missing character: There is no d in font nullfont!
Missing character: There is no o in font nullfont!
Missing character: There is no d in font nullfont!
Missing character: There is no e in font nullfont!
Missing character: There is no d in font nullfont!
Missing character: There is no e in font nullfont!
Missing character: There is no t in font nullfont!
Missing character: There is no a in font nullfont!
Missing character: There is no l in font nullfont!
Missing character: There is no m in font nullfont!
Missing character: There is no o in font nullfont!
Missing character: There is no d in font nullfont!
Missing character: There is no o in font nullfont!
Missing character: There is no q in font nullfont!
Missing character: There is no u in font nullfont!
Missing character: There is no e in font nullfont!

Overfull \hbox (24.44444pt too wide) in paragraph at lines 39--41
[]\/cmr/m/n/10 ^^Se
 []


Overfull \hbox (38.05821pt too wide) in paragraph at lines 39--41
\OML/cmm/m/it/10 Q\/cmr/m/n/10 ([]$
 []


Overfull \hbox (4.44444pt too wide) in paragraph at lines 39--41
\/cmr/m/n/10 ^^Se
 []


Overfull \hbox (5.00002pt too wide) in paragraph at lines 39--41
\/cmr/m/n/10 ~a
 []


Overfull \hbox (15.55553pt too wide) in paragraph at lines 39--41
\/cmr/m/n/10 0 \OML/cmm/m/it/10 <
 []


Overfull \hbox (16.28836pt too wide) in paragraph at lines 39--41
\OML/cmm/m/it/10 ^^M <
 []


Overfull \hbox (5.00002pt too wide) in paragraph at lines 39--41
\/cmr/m/n/10 1$
 []


Overfull \hbox (5.00002pt too wide) in paragraph at lines 39--41
\/cmr/m/n/10 ^^Sa
 []


Overfull \hbox (8.95026pt too wide) in paragraph at lines 39--41
\OML/cmm/m/it/10 q[]$
 []


Overfull \hbox (8.95026pt too wide) in paragraph at lines 39--41
\OML/cmm/m/it/10 q[]$
 []


Overfull \hbox (5.73285pt too wide) in paragraph at lines 39--41
\OML/cmm/m/it/10 ^^M$
 []

! Undefined control sequence.
l.42 \Pro
         (q_1\leq Q(\v{X}\mid\theta)\leq q_2) = \gamma.
The control sequence at the end of the top line
of your error message was never \def'ed. If you have
misspelled it (e.g., `\hobx'), type `I' and the correct
spelling (e.g., `I\hbox'). Otherwise just continue,
and I'll forget about whatever was undefined.


LaTeX Warning: Command \v invalid in math mode on input line 42.


LaTeX Warning: Command \v invalid in math mode on input line 42.

! Please use \mathaccent for accents in math mode.
\add@accent ... \let \ignorespaces \relax \accent 
                                                  #1 #2\egroup \ifmmode \els...
l.42 \Pro(q_1\leq Q(\v{X}
                         \mid\theta)\leq q_2) = \gamma.
I'm changing \accent to \mathaccent here; wish me luck.
(Accents are not the same in formulas as they are in text.)

! Missing { inserted.
<to be read again> 
                   \edef 
l.42 \Pro(q_1\leq Q(\v{X}
                         \mid\theta)\leq q_2) = \gamma.
A left brace was mandatory here, so I've put one in.
You might want to delete and/or insert some corrections
so that I will find a matching right brace soon.
(If you're confused by all this, try typing `I}' now.)

! You can't use `\eqno' in math mode.
\eqno ->\@kernel@eqno 
                      \aftergroup \ignorespaces 
l.43 \end{equation}
                   
Sorry, but I'm not programmed to handle this case;
I'll just pretend that you didn't ask for it.
If you're in the wrong mode, you might be able to
return to the right one by typing `I}' or `I$' or `I\par'.

! Missing } inserted.
<inserted text> 
                }
l.43 \end{equation}
                   
I've inserted something that you may have forgotten.
(See the <inserted text> above.)
With luck, this will get me unwedged. But if you
really didn't forget anything, try typing `2' now; then
my insertion and my current dilemma will both disappear.


Overfull \hbox (125.02464pt too wide) detected at line 43
\/cmr/m/n/10 (\OML/cmm/m/it/10 q[] \OMS/cmsy/m/n/10 ^^T \OML/cmm/m/it/10 Q\/cmr
/m/n/10 ([]
 []

Missing character: There is no S in font nullfont!
Missing character: There is no e in font nullfont!
Missing character: There is no p in font nullfont!
Missing character: There is no a in font nullfont!
Missing character: There is no r in font nullfont!
Missing character: There is no a in font nullfont!
Missing character: There is no c in font nullfont!
Missing character: There is no a in font nullfont!
Missing character: There is no d in font nullfont!
Missing character: There is no a in font nullfont!
Missing character: There is no p in font nullfont!
Missing character: There is no o in font nullfont!
Missing character: There is no s in font nullfont!
Missing character: There is no s in font nullfont!
Missing character: There is no v in font nullfont!
Missing character: There is no e in font nullfont!
Missing character: There is no l in font nullfont!
Missing character: There is no v in font nullfont!
Missing character: There is no a in font nullfont!
Missing character: There is no l in font nullfont!
Missing character: There is no o in font nullfont!
Missing character: There is no r in font nullfont!
Missing character: There is no a in font nullfont!
Missing character: There is no m in font nullfont!
Missing character: There is no o in font nullfont!
Missing character: There is no s in font nullfont!
Missing character: There is no t in font nullfont!
Missing character: There is no r in font nullfont!
Missing character: There is no a in font nullfont!
Missing character: There is no l in font nullfont!
Missing character: There is no , in font nullfont!

Overfull \hbox (2.77779pt too wide) in paragraph at lines 43--45
   \/cmr/m/n/10 ^^S^^P
 []


Overfull \hbox (58.22787pt too wide) in paragraph at lines 43--45
\OML/cmm/m/it/10 x[]; x[]; [] ; x[]$ 
 []


LaTeX Warning: Command \v invalid in math mode on input line 46.


LaTeX Warning: Command \v invalid in math mode on input line 46.

! Please use \mathaccent for accents in math mode.
\add@accent ... \let \ignorespaces \relax \accent 
                                                  #1 #2\egroup \ifmmode \els...
l.46 \{q_1\leq Q(\v{x}
                      \mid\theta)\leq q_2\} \iff \{T_1(\v{x})\leq\tau(\theta...
I'm changing \accent to \mathaccent here; wish me luck.
(Accents are not the same in formulas as they are in text.)

! Missing { inserted.
<to be read again> 
                   \edef 
l.46 \{q_1\leq Q(\v{x}
                      \mid\theta)\leq q_2\} \iff \{T_1(\v{x})\leq\tau(\theta...
A left brace was mandatory here, so I've put one in.
You might want to delete and/or insert some corrections
so that I will find a matching right brace soon.
(If you're confused by all this, try typing `I}' now.)


LaTeX Warning: Command \v invalid in math mode on input line 46.

! Please use \mathaccent for accents in math mode.
\add@accent ... \let \ignorespaces \relax \accent 
                                                  #1 #2\egroup \ifmmode \els...
l.46 ...v{x}\mid\theta)\leq q_2\} \iff \{T_1(\v{x}
                                                  )\leq\tau(\theta)\leq T_2(...
I'm changing \accent to \mathaccent here; wish me luck.
(Accents are not the same in formulas as they are in text.)


LaTeX Warning: Command \v invalid in math mode on input line 46.

! Please use \mathaccent for accents in math mode.
\add@accent ... \let \ignorespaces \relax \accent 
                                                  #1 #2\egroup \ifmmode \els...
l.46 ...\{T_1(\v{x})\leq\tau(\theta)\leq T_2(\v{x}
                                                  )\},
I'm changing \accent to \mathaccent here; wish me luck.
(Accents are not the same in formulas as they are in text.)

! You can't use `\eqno' in math mode.
\eqno ->\@kernel@eqno 
                      \aftergroup \ignorespaces 
l.47 \end{equation}
                   
Sorry, but I'm not programmed to handle this case;
I'll just pretend that you didn't ask for it.
If you're in the wrong mode, you might be able to
return to the right one by typing `I}' or `I$' or `I\par'.

! Missing } inserted.
<inserted text> 
                }
l.47 \end{equation}
                   
I've inserted something that you may have forgotten.
(See the <inserted text> above.)
With luck, this will get me unwedged. But if you
really didn't forget anything, try typing `2' now; then
my insertion and my current dilemma will both disappear.


Overfull \hbox (238.5034pt too wide) detected at line 47
\OMS/cmsy/m/n/10 f\OML/cmm/m/it/10 q[] \OMS/cmsy/m/n/10 ^^T \OML/cmm/m/it/10 Q\
/cmr/m/n/10 ([]
 []

Missing character: There is no e in font nullfont!
Missing character: There is no n in font nullfont!
Missing character: There is no t in font nullfont!
Missing character: There is no o in font nullfont!

LaTeX Warning: Command \v invalid in math mode on input line 48.


LaTeX Warning: Command \v invalid in math mode on input line 48.

! Please use \mathaccent for accents in math mode.
\add@accent ... \let \ignorespaces \relax \accent 
                                                  #1 #2\egroup \ifmmode \els...
l.48 então $[T_1(\v{X}
                       ),T_2(\v{X})]$ será um intervalo com $100\gamma\%$ d...
I'm changing \accent to \mathaccent here; wish me luck.
(Accents are not the same in formulas as they are in text.)

! Missing { inserted.
<to be read again> 
                   \edef 
l.48 então $[T_1(\v{X}
                       ),T_2(\v{X})]$ será um intervalo com $100\gamma\%$ d...
A left brace was mandatory here, so I've put one in.
You might want to delete and/or insert some corrections
so that I will find a matching right brace soon.
(If you're confused by all this, try typing `I}' now.)


LaTeX Warning: Command \v invalid in math mode on input line 48.

! Please use \mathaccent for accents in math mode.
\add@accent ... \let \ignorespaces \relax \accent 
                                                  #1 #2\egroup \ifmmode \els...
l.48 então $[T_1(\v{X}),T_2(\v{X}
                                  )]$ será um intervalo com $100\gamma\%$ d...
I'm changing \accent to \mathaccent here; wish me luck.
(Accents are not the same in formulas as they are in text.)

! Missing } inserted.
<inserted text> 
                }
l.48 então $[T_1(\v{X}),T_2(\v{X})]$
                                      será um intervalo com $100\gamma\%$ d...
I've inserted something that you may have forgotten.
(See the <inserted text> above.)
With luck, this will get me unwedged. But if you
really didn't forget anything, try typing `2' now; then
my insertion and my current dilemma will both disappear.

Missing character: There is no s in font nullfont!
Missing character: There is no e in font nullfont!
Missing character: There is no r in font nullfont!
Missing character: There is no u in font nullfont!
Missing character: There is no m in font nullfont!
Missing character: There is no i in font nullfont!
Missing character: There is no n in font nullfont!
Missing character: There is no t in font nullfont!
Missing character: There is no e in font nullfont!
Missing character: There is no r in font nullfont!
Missing character: There is no v in font nullfont!
Missing character: There is no a in font nullfont!
Missing character: There is no l in font nullfont!
Missing character: There is no o in font nullfont!
Missing character: There is no c in font nullfont!
Missing character: There is no o in font nullfont!
Missing character: There is no m in font nullfont!
Missing character: There is no d in font nullfont!
Missing character: There is no e in font nullfont!
Missing character: There is no c in font nullfont!
Missing character: There is no o in font nullfont!
Missing character: There is no n in font nullfont!
Missing character: There is no f in font nullfont!
Missing character: There is no i in font nullfont!
Missing character: There is no a in font nullfont!
Missing character: There is no n in font nullfont!
Missing character: There is no a in font nullfont!
Missing character: There is no p in font nullfont!
Missing character: There is no a in font nullfont!
Missing character: There is no r in font nullfont!
Missing character: There is no a in font nullfont!
Missing character: There is no . in font nullfont!

! LaTeX Error: \begin{document} ended by \end{theorem}.

See the LaTeX manual or LaTeX Companion for explanation.
Type  H <return>  for immediate help.
 ...                                              
                                                  
l.49 \end{theorem}
                  
Your command was ignored.
Type  I <command> <return>  to replace it with another command,
or  <return>  to continue without it.


Overfull \hbox (5.00002pt too wide) in paragraph at lines 47--51
\/cmr/m/n/10 ~a
 []


Overfull \hbox (64.3542pt too wide) in paragraph at lines 47--51
\/cmr/m/n/10 [\OML/cmm/m/it/10 T[]\/cmr/m/n/10 ([]$
 []


Overfull \hbox (5.00002pt too wide) in paragraph at lines 47--51
\/cmr/m/n/10 ^^Sa
 []


Overfull \hbox (29.06625pt too wide) in paragraph at lines 47--51
\/cmr/m/n/10 100\OML/cmm/m/it/10 ^^M\/cmr/m/n/10 %$
 []


Overfull \hbox (4.44444pt too wide) in paragraph at lines 47--51
\/cmr/m/n/10 ^^Xc
 []


Overfull \hbox (18.25351pt too wide) in paragraph at lines 47--51
\OML/cmm/m/it/10 ^^\\/cmr/m/n/10 (\OML/cmm/m/it/10 ^^R\/cmr/m/n/10 )$
 []


! LaTeX Error: Environment note undefined.

See the LaTeX manual or LaTeX Companion for explanation.
Type  H <return>  for immediate help.
 ...                                              
                                                  
l.53 \begin{note}
                 
Your command was ignored.
Type  I <command> <return>  to replace it with another command,
or  <return>  to continue without it.


! LaTeX Error: Environment outline undefined.

See the LaTeX manual or LaTeX Companion for explanation.
Type  H <return>  for immediate help.
 ...                                              
                                                  
l.54 \begin{outline}
                    
Your command was ignored.
Type  I <command> <return>  to replace it with another command,
or  <return>  to continue without it.

! Undefined control sequence.
l.55 	\1
         O termo quantidade pivotal pode ser inapropriado, pois pode ser imp...
The control sequence at the end of the top line
of your error message was never \def'ed. If you have
misspelled it (e.g., `\hobx'), type `I' and the correct
spelling (e.g., `I\hbox'). Otherwise just continue,
and I'll forget about whatever was undefined.


! LaTeX Error: Missing \begin{document}.

See the LaTeX manual or LaTeX Companion for explanation.
Type  H <return>  for immediate help.
 ...                                              
                                                  
l.55 	\1 O
           termo quantidade pivotal pode ser inapropriado, pois pode ser imp...

You're in trouble here.  Try typing  <return>  to proceed.
If that doesn't work, type  X <return>  to quit.

Missing character: There is no O in font nullfont!
Missing character: There is no t in font nullfont!
Missing character: There is no e in font nullfont!
Missing character: There is no r in font nullfont!
Missing character: There is no m in font nullfont!
Missing character: There is no o in font nullfont!
Missing character: There is no q in font nullfont!
Missing character: There is no u in font nullfont!
Missing character: There is no a in font nullfont!
Missing character: There is no n in font nullfont!
Missing character: There is no t in font nullfont!
Missing character: There is no i in font nullfont!
Missing character: There is no d in font nullfont!
Missing character: There is no a in font nullfont!
Missing character: There is no d in font nullfont!
Missing character: There is no e in font nullfont!
Missing character: There is no p in font nullfont!
Missing character: There is no i in font nullfont!
Missing character: There is no v in font nullfont!
Missing character: There is no o in font nullfont!
Missing character: There is no t in font nullfont!
Missing character: There is no a in font nullfont!
Missing character: There is no l in font nullfont!
Missing character: There is no p in font nullfont!
Missing character: There is no o in font nullfont!
Missing character: There is no d in font nullfont!
Missing character: There is no e in font nullfont!
Missing character: There is no s in font nullfont!
Missing character: There is no e in font nullfont!
Missing character: There is no r in font nullfont!
Missing character: There is no i in font nullfont!
Missing character: There is no n in font nullfont!
Missing character: There is no a in font nullfont!
Missing character: There is no p in font nullfont!
Missing character: There is no r in font nullfont!
Missing character: There is no o in font nullfont!
Missing character: There is no p in font nullfont!
Missing character: There is no r in font nullfont!
Missing character: There is no i in font nullfont!
Missing character: There is no a in font nullfont!
Missing character: There is no d in font nullfont!
Missing character: There is no o in font nullfont!
Missing character: There is no , in font nullfont!
Missing character: There is no p in font nullfont!
Missing character: There is no o in font nullfont!
Missing character: There is no i in font nullfont!
Missing character: There is no s in font nullfont!
Missing character: There is no p in font nullfont!
Missing character: There is no o in font nullfont!
Missing character: There is no d in font nullfont!
Missing character: There is no e in font nullfont!
Missing character: There is no s in font nullfont!
Missing character: There is no e in font nullfont!
Missing character: There is no r in font nullfont!
Missing character: There is no i in font nullfont!
Missing character: There is no m in font nullfont!
Missing character: There is no p in font nullfont!
Missing character: There is no o in font nullfont!
Missing character: There is no s in font nullfont!
Missing character: There is no s in font nullfont!
Missing character: There is no v in font nullfont!
Missing character: There is no e in font nullfont!
Missing character: There is no l in font nullfont!
Missing character: There is no ` in font nullfont!
Missing character: There is no ` in font nullfont!
Missing character: There is no p in font nullfont!
Missing character: There is no i in font nullfont!
Missing character: There is no v in font nullfont!
Missing character: There is no o in font nullfont!
Missing character: There is no t in font nullfont!
Missing character: There is no a in font nullfont!
Missing character: There is no r in font nullfont!
Missing character: There is no ' in font nullfont!
Missing character: There is no ' in font nullfont!
Missing character: There is no a in font nullfont!
Missing character: There is no q in font nullfont!
Missing character: There is no u in font nullfont!
Missing character: There is no a in font nullfont!
Missing character: There is no n in font nullfont!
Missing character: There is no t in font nullfont!
Missing character: There is no i in font nullfont!
Missing character: There is no d in font nullfont!
Missing character: There is no a in font nullfont!
Missing character: There is no d in font nullfont!
Missing character: There is no e in font nullfont!

LaTeX Warning: Command \v invalid in math mode on input line 55.


LaTeX Warning: Command \v invalid in math mode on input line 55.

! Please use \mathaccent for accents in math mode.
\add@accent ... \let \ignorespaces \relax \accent 
                                                  #1 #2\egroup \ifmmode \els...
l.55 ...ossível ``pivotar'' a quantidade $Q(\v{X}
                                                  \mid\theta)$.
I'm changing \accent to \mathaccent here; wish me luck.
(Accents are not the same in formulas as they are in text.)

! Missing { inserted.
<to be read again> 
                   \edef 
l.55 ...ossível ``pivotar'' a quantidade $Q(\v{X}
                                                  \mid\theta)$.
A left brace was mandatory here, so I've put one in.
You might want to delete and/or insert some corrections
so that I will find a matching right brace soon.
(If you're confused by all this, try typing `I}' now.)

! Missing } inserted.
<inserted text> 
                }
l.55 ...ivotar'' a quantidade $Q(\v{X}\mid\theta)$
                                                  .
I've inserted something that you may have forgotten.
(See the <inserted text> above.)
With luck, this will get me unwedged. But if you
really didn't forget anything, try typing `2' now; then
my insertion and my current dilemma will both disappear.

Missing character: There is no . in font nullfont!
! Undefined control sequence.
l.56 	\1
         Os valores de $q_1$ e $q_2$ não dependem de $\theta$, pois a distr...
The control sequence at the end of the top line
of your error message was never \def'ed. If you have
misspelled it (e.g., `\hobx'), type `I' and the correct
spelling (e.g., `I\hbox'). Otherwise just continue,
and I'll forget about whatever was undefined.

Missing character: There is no O in font nullfont!
Missing character: There is no s in font nullfont!
Missing character: There is no v in font nullfont!
Missing character: There is no a in font nullfont!
Missing character: There is no l in font nullfont!
Missing character: There is no o in font nullfont!
Missing character: There is no r in font nullfont!
Missing character: There is no e in font nullfont!
Missing character: There is no s in font nullfont!
Missing character: There is no d in font nullfont!
Missing character: There is no e in font nullfont!
Missing character: There is no e in font nullfont!
Missing character: There is no n in font nullfont!
Missing character: There is no o in font nullfont!
Missing character: There is no d in font nullfont!
Missing character: There is no e in font nullfont!
Missing character: There is no p in font nullfont!
Missing character: There is no e in font nullfont!
Missing character: There is no n in font nullfont!
Missing character: There is no d in font nullfont!
Missing character: There is no e in font nullfont!
Missing character: There is no m in font nullfont!
Missing character: There is no d in font nullfont!
Missing character: There is no e in font nullfont!
Missing character: There is no , in font nullfont!
Missing character: There is no p in font nullfont!
Missing character: There is no o in font nullfont!
Missing character: There is no i in font nullfont!
Missing character: There is no s in font nullfont!
Missing character: There is no a in font nullfont!
Missing character: There is no d in font nullfont!
Missing character: There is no i in font nullfont!
Missing character: There is no s in font nullfont!
Missing character: There is no t in font nullfont!
Missing character: There is no r in font nullfont!
Missing character: There is no i in font nullfont!
Missing character: There is no b in font nullfont!
Missing character: There is no u in font nullfont!
Missing character: There is no i in font nullfont!
Missing character: There is no o in font nullfont!
Missing character: There is no d in font nullfont!
Missing character: There is no e in font nullfont!

LaTeX Warning: Command \v invalid in math mode on input line 56.


LaTeX Warning: Command \v invalid in math mode on input line 56.

! Please use \mathaccent for accents in math mode.
\add@accent ... \let \ignorespaces \relax \accent 
                                                  #1 #2\egroup \ifmmode \els...
l.56 ...\theta$, pois a distribuição de $Q(\v{X}
                                                  \mid\theta)$ não depende.
I'm changing \accent to \mathaccent here; wish me luck.
(Accents are not the same in formulas as they are in text.)

! Missing { inserted.
<to be read again> 
                   \edef 
l.56 ...\theta$, pois a distribuição de $Q(\v{X}
                                                  \mid\theta)$ não depende.
A left brace was mandatory here, so I've put one in.
You might want to delete and/or insert some corrections
so that I will find a matching right brace soon.
(If you're confused by all this, try typing `I}' now.)

! Missing } inserted.
<inserted text> 
                }
l.56 ...s a distribuição de $Q(\v{X}\mid\theta)$
                                                   não depende.
I've inserted something that you may have forgotten.
(See the <inserted text> above.)
With luck, this will get me unwedged. But if you
really didn't forget anything, try typing `2' now; then
my insertion and my current dilemma will both disappear.

Missing character: There is no n in font nullfont!
Missing character: There is no o in font nullfont!
Missing character: There is no d in font nullfont!
Missing character: There is no e in font nullfont!
Missing character: There is no p in font nullfont!
Missing character: There is no e in font nullfont!
Missing character: There is no n in font nullfont!
Missing character: There is no d in font nullfont!
Missing character: There is no e in font nullfont!
Missing character: There is no . in font nullfont!

! LaTeX Error: \begin{document} ended by \end{outline}.

See the LaTeX manual or LaTeX Companion for explanation.
Type  H <return>  for immediate help.
 ...                                              
                                                  
l.57 \end{outline}
                  
Your command was ignored.
Type  I <command> <return>  to replace it with another command,
or  <return>  to continue without it.


! LaTeX Error: \begin{document} ended by \end{note}.

See the LaTeX manual or LaTeX Companion for explanation.
Type  H <return>  for immediate help.
 ...                                              
                                                  
l.58 \end{note}
               
Your command was ignored.
Type  I <command> <return>  to replace it with another command,
or  <return>  to continue without it.


Overfull \hbox (20.0pt too wide) in paragraph at lines 55--60
[]
 []


Overfull \hbox (2.77779pt too wide) in paragraph at lines 55--60
\/cmr/m/n/10 ^^S^^P
 []


Overfull \hbox (38.05821pt too wide) in paragraph at lines 55--60
\OML/cmm/m/it/10 Q\/cmr/m/n/10 ([]$
 []


Overfull \hbox (8.95026pt too wide) in paragraph at lines 55--60
\OML/cmm/m/it/10 q[]$
 []


Overfull \hbox (8.95026pt too wide) in paragraph at lines 55--60
\OML/cmm/m/it/10 q[]$
 []


Overfull \hbox (5.00002pt too wide) in paragraph at lines 55--60
\/cmr/m/n/10 ~a
 []


Overfull \hbox (4.97223pt too wide) in paragraph at lines 55--60
\OML/cmm/m/it/10 ^^R$
 []


Overfull \hbox (9.44446pt too wide) in paragraph at lines 55--60
\/cmr/m/n/10 ^^Xc~a
 []


Overfull \hbox (38.05821pt too wide) in paragraph at lines 55--60
\OML/cmm/m/it/10 Q\/cmr/m/n/10 ([]$
 []


Overfull \hbox (5.00002pt too wide) in paragraph at lines 55--60
\/cmr/m/n/10 ~a
 []


! LaTeX Error: Environment note undefined.

See the LaTeX manual or LaTeX Companion for explanation.
Type  H <return>  for immediate help.
 ...                                              
                                                  
l.62 \begin{note}
                 
Your command was ignored.
Type  I <command> <return>  to replace it with another command,
or  <return>  to continue without it.


! LaTeX Error: Missing \begin{document}.

See the LaTeX manual or LaTeX Companion for explanation.
Type  H <return>  for immediate help.
 ...                                              
                                                  
l.63 N
      o caso do método da quantidade pivotal, intervalos com $100\gamma\%$ ...

You're in trouble here.  Try typing  <return>  to proceed.
If that doesn't work, type  X <return>  to quit.

Missing character: There is no N in font nullfont!
Missing character: There is no o in font nullfont!
Missing character: There is no c in font nullfont!
Missing character: There is no a in font nullfont!
Missing character: There is no s in font nullfont!
Missing character: There is no o in font nullfont!
Missing character: There is no d in font nullfont!
Missing character: There is no o in font nullfont!
Missing character: There is no m in font nullfont!
Missing character: There is no t in font nullfont!
Missing character: There is no o in font nullfont!
Missing character: There is no d in font nullfont!
Missing character: There is no o in font nullfont!
Missing character: There is no d in font nullfont!
Missing character: There is no a in font nullfont!
Missing character: There is no q in font nullfont!
Missing character: There is no u in font nullfont!
Missing character: There is no a in font nullfont!
Missing character: There is no n in font nullfont!
Missing character: There is no t in font nullfont!
Missing character: There is no i in font nullfont!
Missing character: There is no d in font nullfont!
Missing character: There is no a in font nullfont!
Missing character: There is no d in font nullfont!
Missing character: There is no e in font nullfont!
Missing character: There is no p in font nullfont!
Missing character: There is no i in font nullfont!
Missing character: There is no v in font nullfont!
Missing character: There is no o in font nullfont!
Missing character: There is no t in font nullfont!
Missing character: There is no a in font nullfont!
Missing character: There is no l in font nullfont!
Missing character: There is no , in font nullfont!
Missing character: There is no i in font nullfont!
Missing character: There is no n in font nullfont!
Missing character: There is no t in font nullfont!
Missing character: There is no e in font nullfont!
Missing character: There is no r in font nullfont!
Missing character: There is no v in font nullfont!
Missing character: There is no a in font nullfont!
Missing character: There is no l in font nullfont!
Missing character: There is no o in font nullfont!
Missing character: There is no s in font nullfont!
Missing character: There is no c in font nullfont!
Missing character: There is no o in font nullfont!
Missing character: There is no m in font nullfont!
Missing character: There is no d in font nullfont!
Missing character: There is no e in font nullfont!
Missing character: There is no c in font nullfont!
Missing character: There is no o in font nullfont!
Missing character: There is no n in font nullfont!
Missing character: There is no f in font nullfont!
Missing character: There is no i in font nullfont!
Missing character: There is no a in font nullfont!
Missing character: There is no n in font nullfont!
Missing character: There is no a in font nullfont!
Missing character: There is no s in font nullfont!
Missing character: There is no o in font nullfont!
Missing character: There is no c in font nullfont!
Missing character: There is no a in font nullfont!
Missing character: There is no r in font nullfont!
Missing character: There is no a in font nullfont!
Missing character: There is no c in font nullfont!
Missing character: There is no t in font nullfont!
Missing character: There is no e in font nullfont!
Missing character: There is no r in font nullfont!
Missing character: There is no i in font nullfont!
Missing character: There is no z in font nullfont!
Missing character: There is no a in font nullfont!
Missing character: There is no d in font nullfont!
Missing character: There is no o in font nullfont!
Missing character: There is no s in font nullfont!
Missing character: There is no p in font nullfont!
Missing character: There is no o in font nullfont!
Missing character: There is no r in font nullfont!

Overfull \hbox (20.0pt too wide) in paragraph at lines 63--64
[]
 []


Overfull \hbox (4.44444pt too wide) in paragraph at lines 63--64
\/cmr/m/n/10 ^^Se
 []


Overfull \hbox (29.06625pt too wide) in paragraph at lines 63--64
\/cmr/m/n/10 100\OML/cmm/m/it/10 ^^M\/cmr/m/n/10 %$
 []


Overfull \hbox (4.44444pt too wide) in paragraph at lines 63--64
\/cmr/m/n/10 ^^Xc
 []


Overfull \hbox (5.00002pt too wide) in paragraph at lines 63--64
\/cmr/m/n/10 ~a
 []

! Undefined control sequence.
l.65 \gamma = \Pro
                  (q_1\leq Q\leq q_2) = \int_{q_1}^{q_2} f_Q(t)\,dt = F_Q(q_...
The control sequence at the end of the top line
of your error message was never \def'ed. If you have
misspelled it (e.g., `\hobx'), type `I' and the correct
spelling (e.g., `I\hbox'). Otherwise just continue,
and I'll forget about whatever was undefined.


Overfull \hbox (229.75099pt too wide) detected at line 66
\OML/cmm/m/it/10 ^^M \/cmr/m/n/10 = (\OML/cmm/m/it/10 q[] \OMS/cmsy/m/n/10 ^^T 
\OML/cmm/m/it/10 Q \OMS/cmsy/m/n/10 ^^T \OML/cmm/m/it/10 q[]\/cmr/m/n/10 ) = []
[] \OML/cmm/m/it/10 f[]\/cmr/m/n/10 (\OML/cmm/m/it/10 t\/cmr/m/n/10 ) \OML/cmm/
m/it/10 dt \/cmr/m/n/10 = \OML/cmm/m/it/10 F[]\/cmr/m/n/10 (\OML/cmm/m/it/10 q[
]\/cmr/m/n/10 ) \OMS/cmsy/m/n/10 ^^@ \OML/cmm/m/it/10 F[]\/cmr/m/n/10 (\OML/cmm
/m/it/10 q[]\/cmr/m/n/10 )\OML/cmm/m/it/10 ;[]
 []

Missing character: There is no e in font nullfont!
Missing character: There is no m in font nullfont!
Missing character: There is no q in font nullfont!
Missing character: There is no u in font nullfont!
Missing character: There is no e in font nullfont!
Missing character: There is no e in font nullfont!
Missing character: There is no c in font nullfont!
Missing character: There is no o in font nullfont!
Missing character: There is no r in font nullfont!
Missing character: There is no r in font nullfont!
Missing character: There is no e in font nullfont!
Missing character: There is no s in font nullfont!
Missing character: There is no p in font nullfont!
Missing character: There is no o in font nullfont!
Missing character: There is no n in font nullfont!
Missing character: There is no d in font nullfont!
Missing character: There is no e in font nullfont!
Missing character: There is no m in font nullfont!
Missing character: There is no f in font nullfont!
Missing character: There is no . in font nullfont!
Missing character: There is no d in font nullfont!
Missing character: There is no . in font nullfont!
Missing character: There is no p in font nullfont!
Missing character: There is no . in font nullfont!
Missing character: There is no e in font nullfont!
Missing character: There is no f in font nullfont!
Missing character: There is no . in font nullfont!
Missing character: There is no d in font nullfont!
Missing character: There is no . in font nullfont!
Missing character: There is no d in font nullfont!
Missing character: There is no a in font nullfont!
Missing character: There is no q in font nullfont!
Missing character: There is no u in font nullfont!
Missing character: There is no a in font nullfont!
Missing character: There is no n in font nullfont!
Missing character: There is no t in font nullfont!
Missing character: There is no i in font nullfont!
Missing character: There is no d in font nullfont!
Missing character: There is no a in font nullfont!
Missing character: There is no d in font nullfont!
Missing character: There is no e in font nullfont!
Missing character: There is no p in font nullfont!
Missing character: There is no i in font nullfont!
Missing character: There is no v in font nullfont!
Missing character: There is no o in font nullfont!
Missing character: There is no t in font nullfont!
Missing character: There is no a in font nullfont!
Missing character: There is no l in font nullfont!
Missing character: There is no . in font nullfont!
Missing character: There is no D in font nullfont!
Missing character: There is no i in font nullfont!
Missing character: There is no s in font nullfont!
Missing character: There is no s in font nullfont!
Missing character: There is no o in font nullfont!
Missing character: There is no d in font nullfont!
Missing character: There is no e in font nullfont!
Missing character: There is no c in font nullfont!
Missing character: There is no o in font nullfont!
Missing character: There is no r in font nullfont!
Missing character: There is no r in font nullfont!
Missing character: There is no e in font nullfont!
Missing character: There is no m in font nullfont!
Missing character: There is no d in font nullfont!
Missing character: There is no u in font nullfont!
Missing character: There is no a in font nullfont!
Missing character: There is no s in font nullfont!
Missing character: There is no i in font nullfont!
Missing character: There is no n in font nullfont!
Missing character: There is no f in font nullfont!
Missing character: There is no o in font nullfont!
Missing character: There is no r in font nullfont!
Missing character: There is no m in font nullfont!
Missing character: There is no a in font nullfont!
Missing character: There is no e in font nullfont!
Missing character: There is no s in font nullfont!
Missing character: There is no t in font nullfont!
Missing character: There is no e in font nullfont!
Missing character: There is no i in font nullfont!
Missing character: There is no s in font nullfont!
Missing character: There is no : in font nullfont!

! LaTeX Error: Environment outline undefined.

See the LaTeX manual or LaTeX Companion for explanation.
Type  H <return>  for immediate help.
 ...                                              
                                                  
l.68 \begin{outline}
                    
Your command was ignored.
Type  I <command> <return>  to replace it with another command,
or  <return>  to continue without it.

! Undefined control sequence.
l.69 	\1
         Como $\gamma$ é fixado, podemos escrever $q_2\equiv q_2(q_1)$, pois
The control sequence at the end of the top line
of your error message was never \def'ed. If you have
misspelled it (e.g., `\hobx'), type `I' and the correct
spelling (e.g., `I\hbox'). Otherwise just continue,
and I'll forget about whatever was undefined.

Missing character: There is no C in font nullfont!
Missing character: There is no o in font nullfont!
Missing character: There is no m in font nullfont!
Missing character: There is no o in font nullfont!
Missing character: There is no f in font nullfont!
Missing character: There is no i in font nullfont!
Missing character: There is no x in font nullfont!
Missing character: There is no a in font nullfont!
Missing character: There is no d in font nullfont!
Missing character: There is no o in font nullfont!
Missing character: There is no , in font nullfont!
Missing character: There is no p in font nullfont!
Missing character: There is no o in font nullfont!
Missing character: There is no d in font nullfont!
Missing character: There is no e in font nullfont!
Missing character: There is no m in font nullfont!
Missing character: There is no o in font nullfont!
Missing character: There is no s in font nullfont!
Missing character: There is no e in font nullfont!
Missing character: There is no s in font nullfont!
Missing character: There is no c in font nullfont!
Missing character: There is no r in font nullfont!
Missing character: There is no e in font nullfont!
Missing character: There is no v in font nullfont!
Missing character: There is no e in font nullfont!
Missing character: There is no r in font nullfont!
Missing character: There is no , in font nullfont!
Missing character: There is no p in font nullfont!
Missing character: There is no o in font nullfont!
Missing character: There is no i in font nullfont!
Missing character: There is no s in font nullfont!

Overfull \hbox (11.69363pt too wide) in paragraph at lines 66--70
  $\OML/cmm/m/it/10 f[]$
 []


Overfull \hbox (13.22833pt too wide) in paragraph at lines 66--70
\OML/cmm/m/it/10 F[]$
 []


Overfull \hbox (5.00002pt too wide) in paragraph at lines 66--70
\/cmr/m/n/10 ^^Ra
 []


Overfull \hbox (7.90555pt too wide) in paragraph at lines 66--70
\OML/cmm/m/it/10 Q$
 []


Overfull \hbox (9.44446pt too wide) in paragraph at lines 66--70
\/cmr/m/n/10 ^^Xc~o
 []


Overfull \hbox (5.55557pt too wide) in paragraph at lines 66--70
\/cmr/m/n/10 ^^Su
 []


Overfull \hbox (5.73285pt too wide) in paragraph at lines 66--70
\OML/cmm/m/it/10 ^^M$
 []


Overfull \hbox (4.44444pt too wide) in paragraph at lines 66--70
\/cmr/m/n/10 ^^Se
 []


Overfull \hbox (19.50577pt too wide) in paragraph at lines 66--70
\OML/cmm/m/it/10 q[] \OMS/cmsy/m/n/10 ^^Q
 []


Overfull \hbox (25.67831pt too wide) in paragraph at lines 66--70
\OML/cmm/m/it/10 q[]\/cmr/m/n/10 (\OML/cmm/m/it/10 q[]\/cmr/m/n/10 )$
 []

! Undefined control sequence.
l.71 	\gamma = F_Q(q_2)-F_Q(q_1) \implies
                                          q_2 = F_Q^{-1}[\gamma+F_Q(q_1)];
The control sequence at the end of the top line
of your error message was never \def'ed. If you have
misspelled it (e.g., `\hobx'), type `I' and the correct
spelling (e.g., `I\hbox'). Otherwise just continue,
and I'll forget about whatever was undefined.


Overfull \hbox (179.39613pt too wide) detected at line 72
\OML/cmm/m/it/10 ^^M \/cmr/m/n/10 = \OML/cmm/m/it/10 F[]\/cmr/m/n/10 (\OML/cmm/
m/it/10 q[]\/cmr/m/n/10 ) \OMS/cmsy/m/n/10 ^^@ \OML/cmm/m/it/10 F[]\/cmr/m/n/10
 (\OML/cmm/m/it/10 q[]\/cmr/m/n/10 )\OML/cmm/m/it/10 q[] \/cmr/m/n/10 = \OML/cm
m/m/it/10 F[]\/cmr/m/n/10 [\OML/cmm/m/it/10 ^^M \/cmr/m/n/10 + \OML/cmm/m/it/10
 F[]\/cmr/m/n/10 (\OML/cmm/m/it/10 q[]\/cmr/m/n/10 )];
 []

! Undefined control sequence.
l.73 	\1
         Derivando ambos os lados de \eqref{eq:util-pub-1} em relação a $q...
The control sequence at the end of the top line
of your error message was never \def'ed. If you have
misspelled it (e.g., `\hobx'), type `I' and the correct
spelling (e.g., `I\hbox'). Otherwise just continue,
and I'll forget about whatever was undefined.

Missing character: There is no D in font nullfont!
Missing character: There is no e in font nullfont!
Missing character: There is no r in font nullfont!
Missing character: There is no i in font nullfont!
Missing character: There is no v in font nullfont!
Missing character: There is no a in font nullfont!
Missing character: There is no n in font nullfont!
Missing character: There is no d in font nullfont!
Missing character: There is no o in font nullfont!
Missing character: There is no a in font nullfont!
Missing character: There is no m in font nullfont!
Missing character: There is no b in font nullfont!
Missing character: There is no o in font nullfont!
Missing character: There is no s in font nullfont!
Missing character: There is no o in font nullfont!
Missing character: There is no s in font nullfont!
Missing character: There is no l in font nullfont!
Missing character: There is no a in font nullfont!
Missing character: There is no d in font nullfont!
Missing character: There is no o in font nullfont!
Missing character: There is no s in font nullfont!
Missing character: There is no d in font nullfont!
Missing character: There is no e in font nullfont!
! Undefined control sequence.
l.73 	\1 Derivando ambos os lados de \eqref
                                           {eq:util-pub-1} em relação a $q...
The control sequence at the end of the top line
of your error message was never \def'ed. If you have
misspelled it (e.g., `\hobx'), type `I' and the correct
spelling (e.g., `I\hbox'). Otherwise just continue,
and I'll forget about whatever was undefined.

Missing character: There is no e in font nullfont!
Missing character: There is no q in font nullfont!
Missing character: There is no : in font nullfont!
Missing character: There is no u in font nullfont!
Missing character: There is no t in font nullfont!
Missing character: There is no i in font nullfont!
Missing character: There is no l in font nullfont!
Missing character: There is no - in font nullfont!
Missing character: There is no p in font nullfont!
Missing character: There is no u in font nullfont!
Missing character: There is no b in font nullfont!
Missing character: There is no - in font nullfont!
Missing character: There is no 1 in font nullfont!
Missing character: There is no e in font nullfont!
Missing character: There is no m in font nullfont!
Missing character: There is no r in font nullfont!
Missing character: There is no e in font nullfont!
Missing character: There is no l in font nullfont!
Missing character: There is no a in font nullfont!
Missing character: There is no o in font nullfont!
Missing character: There is no a in font nullfont!
Missing character: There is no , in font nullfont!
Missing character: There is no t in font nullfont!
Missing character: There is no e in font nullfont!
Missing character: There is no m in font nullfont!
Missing character: There is no o in font nullfont!
Missing character: There is no s in font nullfont!

Overfull \hbox (9.44446pt too wide) in paragraph at lines 72--74
       \/cmr/m/n/10 ^^Xc~a
 []


Overfull \hbox (8.95026pt too wide) in paragraph at lines 72--74
\OML/cmm/m/it/10 q[]$
 []

! Undefined control sequence.
l.75 ..._1}\left[F_Q(q_2)-F_Q(q_1)\right] \implies
                                                   f_Q(q_2)\frac{dq_2}{dq_1}...
The control sequence at the end of the top line
of your error message was never \def'ed. If you have
misspelled it (e.g., `\hobx'), type `I' and the correct
spelling (e.g., `I\hbox'). Otherwise just continue,
and I'll forget about whatever was undefined.


Overfull \hbox (235.48737pt too wide) detected at line 76
[]\OML/cmm/m/it/10 ^^M \/cmr/m/n/10 = [] [] \OML/cmm/m/it/10 f[]\/cmr/m/n/10 (\
OML/cmm/m/it/10 q[]\/cmr/m/n/10 )[] \OMS/cmsy/m/n/10 ^^@ \OML/cmm/m/it/10 f[]\/
cmr/m/n/10 (\OML/cmm/m/it/10 q[]\/cmr/m/n/10 ) = 0\OML/cmm/m/it/10 :
 []

Missing character: There is no P in font nullfont!
Missing character: There is no o in font nullfont!
Missing character: There is no r in font nullfont!
Missing character: There is no t in font nullfont!
Missing character: There is no a in font nullfont!
Missing character: There is no n in font nullfont!
Missing character: There is no t in font nullfont!
Missing character: There is no o in font nullfont!
Missing character: There is no , in font nullfont!

Overfull \hbox (63.48781pt too wide) detected at line 80
[] \/cmr/m/n/10 = []\OML/cmm/m/it/10 :[]
 []


! LaTeX Error: \begin{document} ended by \end{outline}.

See the LaTeX manual or LaTeX Companion for explanation.
Type  H <return>  for immediate help.
 ...                                              
                                                  
l.81 \end{outline}
                  
Your command was ignored.
Type  I <command> <return>  to replace it with another command,
or  <return>  to continue without it.


! LaTeX Error: \begin{document} ended by \end{note}.

See the LaTeX manual or LaTeX Companion for explanation.
Type  H <return>  for immediate help.
 ...                                              
                                                  
l.82 \end{note}
               
Your command was ignored.
Type  I <command> <return>  to replace it with another command,
or  <return>  to continue without it.


! LaTeX Error: Environment theorem undefined.

See the LaTeX manual or LaTeX Companion for explanation.
Type  H <return>  for immediate help.
 ...                                              
                                                  
l.86 \begin{theorem}
                    
Your command was ignored.
Type  I <command> <return>  to replace it with another command,
or  <return>  to continue without it.


! LaTeX Error: Missing \begin{document}.

See the LaTeX manual or LaTeX Companion for explanation.
Type  H <return>  for immediate help.
 ...                                              
                                                  
l.87 S
      ejam $X_1,X_2,\ldots,X_n$ uma A.A. de uma população $X\sim\normdist(...

You're in trouble here.  Try typing  <return>  to proceed.
If that doesn't work, type  X <return>  to quit.

Missing character: There is no S in font nullfont!
Missing character: There is no e in font nullfont!
Missing character: There is no j in font nullfont!
Missing character: There is no a in font nullfont!
Missing character: There is no m in font nullfont!
Missing character: There is no u in font nullfont!
Missing character: There is no m in font nullfont!
Missing character: There is no a in font nullfont!
Missing character: There is no A in font nullfont!
Missing character: There is no . in font nullfont!
Missing character: There is no A in font nullfont!
Missing character: There is no . in font nullfont!
Missing character: There is no d in font nullfont!
Missing character: There is no e in font nullfont!
Missing character: There is no u in font nullfont!
Missing character: There is no m in font nullfont!
Missing character: There is no a in font nullfont!
Missing character: There is no p in font nullfont!
Missing character: There is no o in font nullfont!
Missing character: There is no p in font nullfont!
Missing character: There is no u in font nullfont!
Missing character: There is no l in font nullfont!
Missing character: There is no a in font nullfont!
Missing character: There is no o in font nullfont!
! Undefined control sequence.
l.87 ...ma A.A. de uma população $X\sim\normdist
                                                  (\theta,\sigma^2)$, $\thet...
The control sequence at the end of the top line
of your error message was never \def'ed. If you have
misspelled it (e.g., `\hobx'), type `I' and the correct
spelling (e.g., `I\hbox'). Otherwise just continue,
and I'll forget about whatever was undefined.

Missing character: There is no , in font nullfont!
Missing character: There is no e in font nullfont!
Missing character: There is no c in font nullfont!
Missing character: There is no o in font nullfont!
Missing character: There is no n in font nullfont!
Missing character: There is no h in font nullfont!
Missing character: There is no e in font nullfont!
Missing character: There is no c in font nullfont!
Missing character: There is no i in font nullfont!
Missing character: There is no d in font nullfont!
Missing character: There is no o in font nullfont!
Missing character: There is no . in font nullfont!
Missing character: There is no E in font nullfont!
Missing character: There is no n in font nullfont!
Missing character: There is no t in font nullfont!
Missing character: There is no o in font nullfont!

Overfull \hbox (20.0pt too wide) in paragraph at lines 87--88
[]
 []


Overfull \hbox (65.93625pt too wide) in paragraph at lines 87--88
\OML/cmm/m/it/10 X[]; X[]; [] ; X[]$
 []


Overfull \hbox (9.44446pt too wide) in paragraph at lines 87--88
\/cmr/m/n/10 ^^Xc~a
 []


Overfull \hbox (19.62494pt too wide) in paragraph at lines 87--88
\OML/cmm/m/it/10 X \OMS/cmsy/m/n/10 ^^X
 []


Overfull \hbox (27.75348pt too wide) in paragraph at lines 87--88
\/cmr/m/n/10 (\OML/cmm/m/it/10 ^^R; ^^[[]\/cmr/m/n/10 )$
 []


Overfull \hbox (14.41663pt too wide) in paragraph at lines 87--88
\OML/cmm/m/it/10 ^^R \OMS/cmsy/m/n/10 2
 []


Overfull \hbox (7.22223pt too wide) in paragraph at lines 87--88
\OMS/cmsy/m/n/10 <$
 []


Overfull \hbox (21.11455pt too wide) in paragraph at lines 87--88
\OML/cmm/m/it/10 ^^[[] >
 []


Overfull \hbox (5.00002pt too wide) in paragraph at lines 87--88
\/cmr/m/n/10 0$
 []


Overfull \hbox (5.00002pt too wide) in paragraph at lines 87--88
\/cmr/m/n/10 ~a 
 []

! Undefined control sequence.
l.89 ...X}-\theta}{\sigma/\sqrt{n}} \sim \normdist
                                                  (0,1)
The control sequence at the end of the top line
of your error message was never \def'ed. If you have
misspelled it (e.g., `\hobx'), type `I' and the correct
spelling (e.g., `I\hbox'). Otherwise just continue,
and I'll forget about whatever was undefined.


Overfull \hbox (85.45802pt too wide) detected at line 90
\OML/cmm/m/it/10 Q \/cmr/m/n/10 = [] \OMS/cmsy/m/n/10 ^^X \/cmr/m/n/10 (0\OML/c
mm/m/it/10 ; \/cmr/m/n/10 1)
 []

Missing character: There is no u in font nullfont!
Missing character: There is no m in font nullfont!
Missing character: There is no a in font nullfont!
Missing character: There is no q in font nullfont!
Missing character: There is no u in font nullfont!
Missing character: There is no a in font nullfont!
Missing character: There is no n in font nullfont!
Missing character: There is no t in font nullfont!
Missing character: There is no i in font nullfont!
Missing character: There is no d in font nullfont!
Missing character: There is no a in font nullfont!
Missing character: There is no d in font nullfont!
Missing character: There is no e in font nullfont!
Missing character: There is no p in font nullfont!
Missing character: There is no i in font nullfont!
Missing character: There is no v in font nullfont!
Missing character: There is no o in font nullfont!
Missing character: There is no t in font nullfont!
Missing character: There is no a in font nullfont!
Missing character: There is no l in font nullfont!
Missing character: There is no e in font nullfont!

Overfull \hbox (4.44444pt too wide) in paragraph at lines 90--92
\/cmr/m/n/10 ^^Se
 []


Overfull \hbox (108.95506pt too wide) detected at line 94
[]
 []

Missing character: There is no u in font nullfont!
Missing character: There is no m in font nullfont!
Missing character: There is no I in font nullfont!
Missing character: There is no C in font nullfont!
Missing character: There is no d in font nullfont!
Missing character: There is no e in font nullfont!
Missing character: There is no p in font nullfont!
Missing character: There is no a in font nullfont!
Missing character: There is no r in font nullfont!
Missing character: There is no a in font nullfont!
Missing character: There is no , in font nullfont!
Missing character: There is no e in font nullfont!
Missing character: There is no m in font nullfont!
Missing character: There is no q in font nullfont!
Missing character: There is no u in font nullfont!
Missing character: There is no e in font nullfont!
Missing character: There is no e in font nullfont!
Missing character: There is no s in font nullfont!
Missing character: There is no a in font nullfont!
Missing character: There is no t in font nullfont!
Missing character: There is no i in font nullfont!
Missing character: There is no s in font nullfont!
Missing character: There is no f in font nullfont!
Missing character: There is no a in font nullfont!
Missing character: There is no z in font nullfont!
Missing character: There is no e in font nullfont!
Missing character: There is no m in font nullfont!
! Undefined control sequence.
<recently read> \Pro 
                     
l.95 ...ta$, em que $q_1$ e $q_2$ satisfazem $\Pro
                                                  (q_1\leq Q\leq q_2)=\gamma...
The control sequence at the end of the top line
of your error message was never \def'ed. If you have
misspelled it (e.g., `\hobx'), type `I' and the correct
spelling (e.g., `I\hbox'). Otherwise just continue,
and I'll forget about whatever was undefined.

Missing character: There is no . in font nullfont!
Missing character: There is no O in font nullfont!
Missing character: There is no c in font nullfont!
Missing character: There is no o in font nullfont!
Missing character: There is no m in font nullfont!
Missing character: There is no p in font nullfont!
Missing character: There is no r in font nullfont!
Missing character: There is no i in font nullfont!
Missing character: There is no m in font nullfont!
Missing character: There is no e in font nullfont!
Missing character: There is no n in font nullfont!
Missing character: There is no t in font nullfont!
Missing character: There is no o in font nullfont!
Missing character: There is no d in font nullfont!
Missing character: There is no e in font nullfont!
Missing character: There is no s in font nullfont!
Missing character: There is no s in font nullfont!
Missing character: There is no e in font nullfont!
Missing character: There is no i in font nullfont!
Missing character: There is no n in font nullfont!
Missing character: There is no t in font nullfont!
Missing character: There is no e in font nullfont!
Missing character: There is no r in font nullfont!
Missing character: There is no v in font nullfont!
Missing character: There is no a in font nullfont!
Missing character: There is no l in font nullfont!
Missing character: There is no o in font nullfont!
Missing character: There is no m in font nullfont!
Missing character: There is no i in font nullfont!
Missing character: There is no n in font nullfont!
Missing character: There is no i in font nullfont!
Missing character: There is no m in font nullfont!
Missing character: There is no i in font nullfont!
Missing character: There is no z in font nullfont!
Missing character: There is no a in font nullfont!
Missing character: There is no d in font nullfont!
Missing character: There is no o in font nullfont!
Missing character: There is no q in font nullfont!
Missing character: There is no u in font nullfont!
Missing character: There is no a in font nullfont!
Missing character: There is no n in font nullfont!
Missing character: There is no d in font nullfont!
Missing character: There is no o in font nullfont!
Missing character: There is no . in font nullfont!

! LaTeX Error: \begin{document} ended by \end{theorem}.

See the LaTeX manual or LaTeX Companion for explanation.
Type  H <return>  for immediate help.
 ...                                              
                                                  
l.96 \end{theorem}
                  
Your command was ignored.
Type  I <command> <return>  to replace it with another command,
or  <return>  to continue without it.


Overfull \hbox (4.44444pt too wide) in paragraph at lines 94--98
\/cmr/m/n/10 ^^Se
 []


Overfull \hbox (29.06625pt too wide) in paragraph at lines 94--98
\/cmr/m/n/10 100\OML/cmm/m/it/10 ^^M\/cmr/m/n/10 %$
 []


Overfull \hbox (4.97223pt too wide) in paragraph at lines 94--98
\OML/cmm/m/it/10 ^^R$
 []


Overfull \hbox (8.95026pt too wide) in paragraph at lines 94--98
\OML/cmm/m/it/10 q[]$
 []


Overfull \hbox (8.95026pt too wide) in paragraph at lines 94--98
\OML/cmm/m/it/10 q[]$
 []


Overfull \hbox (23.39467pt too wide) in paragraph at lines 94--98
\/cmr/m/n/10 (\OML/cmm/m/it/10 q[] \OMS/cmsy/m/n/10 ^^T
 []


Overfull \hbox (18.46106pt too wide) in paragraph at lines 94--98
\OML/cmm/m/it/10 Q \OMS/cmsy/m/n/10 ^^T
 []


Overfull \hbox (23.39467pt too wide) in paragraph at lines 94--98
\OML/cmm/m/it/10 q[]\/cmr/m/n/10 ) =
 []


Overfull \hbox (5.73285pt too wide) in paragraph at lines 94--98
\OML/cmm/m/it/10 ^^M$
 []


Overfull \hbox (4.44444pt too wide) in paragraph at lines 94--98
\/cmr/m/n/10 ^^Se
 []


Overfull \hbox (19.50577pt too wide) in paragraph at lines 94--98
\OML/cmm/m/it/10 q[] \/cmr/m/n/10 =
 []


Overfull \hbox (16.72806pt too wide) in paragraph at lines 94--98
\OMS/cmsy/m/n/10 ^^@\OML/cmm/m/it/10 q[]$
 []


! LaTeX Error: Environment theorem undefined.

See the LaTeX manual or LaTeX Companion for explanation.
Type  H <return>  for immediate help.
 ...                                              
                                                  
l.100 \begin{theorem}
                     [IC para a média — $\sigma^2$ desconhecido]
Your command was ignored.
Type  I <command> <return>  to replace it with another command,
or  <return>  to continue without it.


! LaTeX Error: Missing \begin{document}.

See the LaTeX manual or LaTeX Companion for explanation.
Type  H <return>  for immediate help.
 ...                                              
                                                  
l.100 \begin{theorem}[
                      IC para a média — $\sigma^2$ desconhecido]
You're in trouble here.  Try typing  <return>  to proceed.
If that doesn't work, type  X <return>  to quit.

Missing character: There is no [ in font nullfont!
Missing character: There is no I in font nullfont!
Missing character: There is no C in font nullfont!
Missing character: There is no p in font nullfont!
Missing character: There is no a in font nullfont!
Missing character: There is no r in font nullfont!
Missing character: There is no a in font nullfont!
Missing character: There is no a in font nullfont!
Missing character: There is no m in font nullfont!
Missing character: There is no d in font nullfont!
Missing character: There is no i in font nullfont!
Missing character: There is no a in font nullfont!
Missing character: There is no d in font nullfont!
Missing character: There is no e in font nullfont!
Missing character: There is no s in font nullfont!
Missing character: There is no c in font nullfont!
Missing character: There is no o in font nullfont!
Missing character: There is no n in font nullfont!
Missing character: There is no h in font nullfont!
Missing character: There is no e in font nullfont!
Missing character: There is no c in font nullfont!
Missing character: There is no i in font nullfont!
Missing character: There is no d in font nullfont!
Missing character: There is no o in font nullfont!
Missing character: There is no ] in font nullfont!
Missing character: There is no S in font nullfont!
Missing character: There is no e in font nullfont!
Missing character: There is no j in font nullfont!
Missing character: There is no a in font nullfont!
Missing character: There is no m in font nullfont!
Missing character: There is no u in font nullfont!
Missing character: There is no m in font nullfont!
Missing character: There is no a in font nullfont!
Missing character: There is no A in font nullfont!
Missing character: There is no . in font nullfont!
Missing character: There is no A in font nullfont!
Missing character: There is no . in font nullfont!
Missing character: There is no o in font nullfont!
Missing character: There is no r in font nullfont!
Missing character: There is no i in font nullfont!
Missing character: There is no u in font nullfont!
Missing character: There is no n in font nullfont!
Missing character: There is no d in font nullfont!
Missing character: There is no a in font nullfont!
Missing character: There is no d in font nullfont!
Missing character: There is no e in font nullfont!
Missing character: There is no u in font nullfont!
Missing character: There is no m in font nullfont!
Missing character: There is no a in font nullfont!
Missing character: There is no p in font nullfont!
Missing character: There is no o in font nullfont!
Missing character: There is no p in font nullfont!
Missing character: There is no u in font nullfont!
Missing character: There is no l in font nullfont!
Missing character: There is no a in font nullfont!
Missing character: There is no o in font nullfont!
! Undefined control sequence.
l.101 ...riunda de uma população $X\sim\normdist
                                                  (\mu,\sigma^2)$, com $\sig...
The control sequence at the end of the top line
of your error message was never \def'ed. If you have
misspelled it (e.g., `\hobx'), type `I' and the correct
spelling (e.g., `I\hbox'). Otherwise just continue,
and I'll forget about whatever was undefined.

Missing character: There is no , in font nullfont!
Missing character: There is no c in font nullfont!
Missing character: There is no o in font nullfont!
Missing character: There is no m in font nullfont!
Missing character: There is no d in font nullfont!
Missing character: There is no e in font nullfont!
Missing character: There is no s in font nullfont!
Missing character: There is no c in font nullfont!
Missing character: There is no o in font nullfont!
Missing character: There is no n in font nullfont!
Missing character: There is no h in font nullfont!
Missing character: There is no e in font nullfont!
Missing character: There is no c in font nullfont!
Missing character: There is no i in font nullfont!
Missing character: There is no d in font nullfont!
Missing character: There is no o in font nullfont!
Missing character: There is no . in font nullfont!
Missing character: There is no E in font nullfont!
Missing character: There is no n in font nullfont!
Missing character: There is no t in font nullfont!
Missing character: There is no o in font nullfont!

Overfull \hbox (20.0pt too wide) in paragraph at lines 100--102
[]
 []


Overfull \hbox (4.44444pt too wide) in paragraph at lines 100--102
\/cmr/m/n/10 ^^Se
 []


Overfull \hbox (10.00002pt too wide) in paragraph at lines 100--102
\/cmr/m/n/10 |
 []


Overfull \hbox (10.55904pt too wide) in paragraph at lines 100--102
\OML/cmm/m/it/10 ^^[[]$
 []


Overfull \hbox (65.93625pt too wide) in paragraph at lines 100--102
\OML/cmm/m/it/10 X[]; X[]; [] ; X[]$
 []


Overfull \hbox (9.44446pt too wide) in paragraph at lines 100--102
\/cmr/m/n/10 ^^Xc~a
 []


Overfull \hbox (19.62494pt too wide) in paragraph at lines 100--102
\OML/cmm/m/it/10 X \OMS/cmsy/m/n/10 ^^X
 []


Overfull \hbox (28.80673pt too wide) in paragraph at lines 100--102
\/cmr/m/n/10 (\OML/cmm/m/it/10 ^^V; ^^[[]\/cmr/m/n/10 )$
 []


Overfull \hbox (10.55904pt too wide) in paragraph at lines 100--102
\OML/cmm/m/it/10 ^^[[]$
 []


Overfull \hbox (5.00002pt too wide) in paragraph at lines 100--102
\/cmr/m/n/10 ~a 
 []


Overfull \hbox (83.57962pt too wide) detected at line 104
\OML/cmm/m/it/10 Q \/cmr/m/n/10 = [] \OMS/cmsy/m/n/10 ^^X \OML/cmm/m/it/10 t[]
 []

Missing character: There is no u in font nullfont!
Missing character: There is no m in font nullfont!
Missing character: There is no a in font nullfont!
Missing character: There is no q in font nullfont!
Missing character: There is no u in font nullfont!
Missing character: There is no a in font nullfont!
Missing character: There is no n in font nullfont!
Missing character: There is no t in font nullfont!
Missing character: There is no i in font nullfont!
Missing character: There is no d in font nullfont!
Missing character: There is no a in font nullfont!
Missing character: There is no d in font nullfont!
Missing character: There is no e in font nullfont!
Missing character: There is no p in font nullfont!
Missing character: There is no i in font nullfont!
Missing character: There is no v in font nullfont!
Missing character: There is no o in font nullfont!
Missing character: There is no t in font nullfont!
Missing character: There is no a in font nullfont!
Missing character: There is no l in font nullfont!
Missing character: There is no , in font nullfont!
Missing character: There is no e in font nullfont!
Missing character: There is no o in font nullfont!
Missing character: There is no m in font nullfont!
Missing character: There is no e in font nullfont!
Missing character: There is no n in font nullfont!
Missing character: There is no o in font nullfont!
Missing character: There is no r in font nullfont!
Missing character: There is no i in font nullfont!
Missing character: There is no n in font nullfont!
Missing character: There is no t in font nullfont!
Missing character: There is no e in font nullfont!
Missing character: There is no r in font nullfont!
Missing character: There is no v in font nullfont!
Missing character: There is no a in font nullfont!
Missing character: There is no l in font nullfont!
Missing character: There is no o in font nullfont!
Missing character: There is no c in font nullfont!
Missing character: There is no o in font nullfont!
Missing character: There is no m in font nullfont!
Missing character: There is no d in font nullfont!
Missing character: There is no e in font nullfont!
Missing character: There is no c in font nullfont!
Missing character: There is no o in font nullfont!
Missing character: There is no n in font nullfont!
Missing character: There is no f in font nullfont!
Missing character: There is no i in font nullfont!
Missing character: There is no a in font nullfont!
Missing character: There is no n in font nullfont!
Missing character: There is no a in font nullfont!
Missing character: There is no p in font nullfont!
Missing character: There is no a in font nullfont!
Missing character: There is no r in font nullfont!
Missing character: There is no a in font nullfont!

Overfull \hbox (4.44444pt too wide) in paragraph at lines 104--106
\/cmr/m/n/10 ^^Se
 []


Overfull \hbox (29.06625pt too wide) in paragraph at lines 104--106
\/cmr/m/n/10 100\OML/cmm/m/it/10 ^^M\/cmr/m/n/10 %$
 []


Overfull \hbox (4.44444pt too wide) in paragraph at lines 104--106
\/cmr/m/n/10 ^^Xc
 []


Overfull \hbox (6.02548pt too wide) in paragraph at lines 104--106
\OML/cmm/m/it/10 ^^V$
 []


Overfull \hbox (4.44444pt too wide) in paragraph at lines 104--106
\/cmr/m/n/10 ^^Se 
 []


Overfull \hbox (197.00916pt too wide) detected at line 108
[] \OML/cmm/m/it/10 ;
 []

Missing character: There is no e in font nullfont!
Missing character: There is no m in font nullfont!
Missing character: There is no q in font nullfont!
Missing character: There is no u in font nullfont!
Missing character: There is no e in font nullfont!
Missing character: There is no t in font nullfont!
Missing character: There is no a in font nullfont!
Missing character: There is no l in font nullfont!
Missing character: There is no q in font nullfont!
Missing character: There is no u in font nullfont!
Missing character: There is no e in font nullfont!
! Undefined control sequence.
<recently read> \Pro 
                     
l.109 ...e $t_{n-1,(1+\gamma)/2}$ é tal que $\Pro
                                                  (T\leq t_{n-1,(1+\gamma)/2...
The control sequence at the end of the top line
of your error message was never \def'ed. If you have
misspelled it (e.g., `\hobx'), type `I' and the correct
spelling (e.g., `I\hbox'). Otherwise just continue,
and I'll forget about whatever was undefined.

Missing character: There is no , in font nullfont!
Missing character: There is no p in font nullfont!
Missing character: There is no a in font nullfont!
Missing character: There is no r in font nullfont!
Missing character: There is no a in font nullfont!
Missing character: There is no . in font nullfont!

! LaTeX Error: \begin{document} ended by \end{theorem}.

See the LaTeX manual or LaTeX Companion for explanation.
Type  H <return>  for immediate help.
 ...                                              
                                                  
l.110 \end{theorem}
                   
Your command was ignored.
Type  I <command> <return>  to replace it with another command,
or  <return>  to continue without it.


Overfull \hbox (50.7551pt too wide) in paragraph at lines 108--112
  $\OML/cmm/m/it/10 t[]$
 []


Overfull \hbox (4.44444pt too wide) in paragraph at lines 108--112
\/cmr/m/n/10 ^^Se
 []


Overfull \hbox (21.67706pt too wide) in paragraph at lines 108--112
\/cmr/m/n/10 (\OML/cmm/m/it/10 T \OMS/cmsy/m/n/10 ^^T
 []


Overfull \hbox (65.19951pt too wide) in paragraph at lines 108--112
\OML/cmm/m/it/10 t[]\/cmr/m/n/10 ) =
 []


Overfull \hbox (16.66672pt too wide) in paragraph at lines 108--112
\/cmr/m/n/10 (1 +
 []


Overfull \hbox (19.62178pt too wide) in paragraph at lines 108--112
\OML/cmm/m/it/10 ^^M\/cmr/m/n/10 )\OML/cmm/m/it/10 =\/cmr/m/n/10 2$
 []


Overfull \hbox (17.78816pt too wide) in paragraph at lines 108--112
\OML/cmm/m/it/10 T \OMS/cmsy/m/n/10 ^^X
 []


Overfull \hbox (19.29059pt too wide) in paragraph at lines 108--112
\OML/cmm/m/it/10 t[]$
 []


! LaTeX Error: Environment theorem undefined.

See the LaTeX manual or LaTeX Companion for explanation.
Type  H <return>  for immediate help.
 ...                                              
                                                  
l.114 \begin{theorem}
                     [IC para a variância — $\mu$ desconhecido]
Your command was ignored.
Type  I <command> <return>  to replace it with another command,
or  <return>  to continue without it.


! LaTeX Error: Missing \begin{document}.

See the LaTeX manual or LaTeX Companion for explanation.
Type  H <return>  for immediate help.
 ...                                              
                                                  
l.114 \begin{theorem}[
                      IC para a variância — $\mu$ desconhecido]
You're in trouble here.  Try typing  <return>  to proceed.
If that doesn't work, type  X <return>  to quit.

Missing character: There is no [ in font nullfont!
Missing character: There is no I in font nullfont!
Missing character: There is no C in font nullfont!
Missing character: There is no p in font nullfont!
Missing character: There is no a in font nullfont!
Missing character: There is no r in font nullfont!
Missing character: There is no a in font nullfont!
Missing character: There is no a in font nullfont!
Missing character: There is no v in font nullfont!
Missing character: There is no a in font nullfont!
Missing character: There is no r in font nullfont!
Missing character: There is no i in font nullfont!
Missing character: There is no n in font nullfont!
Missing character: There is no c in font nullfont!
Missing character: There is no i in font nullfont!
Missing character: There is no a in font nullfont!
Missing character: There is no d in font nullfont!
Missing character: There is no e in font nullfont!
Missing character: There is no s in font nullfont!
Missing character: There is no c in font nullfont!
Missing character: There is no o in font nullfont!
Missing character: There is no n in font nullfont!
Missing character: There is no h in font nullfont!
Missing character: There is no e in font nullfont!
Missing character: There is no c in font nullfont!
Missing character: There is no i in font nullfont!
Missing character: There is no d in font nullfont!
Missing character: There is no o in font nullfont!
Missing character: There is no ] in font nullfont!
Missing character: There is no S in font nullfont!
Missing character: There is no e in font nullfont!
Missing character: There is no j in font nullfont!
Missing character: There is no a in font nullfont!
Missing character: There is no m in font nullfont!
Missing character: There is no u in font nullfont!
Missing character: There is no m in font nullfont!
Missing character: There is no a in font nullfont!
Missing character: There is no A in font nullfont!
Missing character: There is no . in font nullfont!
Missing character: There is no A in font nullfont!
Missing character: There is no . in font nullfont!
Missing character: There is no o in font nullfont!
Missing character: There is no r in font nullfont!
Missing character: There is no i in font nullfont!
Missing character: There is no u in font nullfont!
Missing character: There is no n in font nullfont!
Missing character: There is no d in font nullfont!
Missing character: There is no a in font nullfont!
Missing character: There is no d in font nullfont!
Missing character: There is no e in font nullfont!
Missing character: There is no u in font nullfont!
Missing character: There is no m in font nullfont!
Missing character: There is no a in font nullfont!
Missing character: There is no p in font nullfont!
Missing character: There is no o in font nullfont!
Missing character: There is no p in font nullfont!
Missing character: There is no u in font nullfont!
Missing character: There is no l in font nullfont!
Missing character: There is no a in font nullfont!
Missing character: There is no o in font nullfont!
! Undefined control sequence.
l.115 ...riunda de uma população $X\sim\normdist
                                                  (\mu,\sigma^2)$, com $\mu$...
The control sequence at the end of the top line
of your error message was never \def'ed. If you have
misspelled it (e.g., `\hobx'), type `I' and the correct
spelling (e.g., `I\hbox'). Otherwise just continue,
and I'll forget about whatever was undefined.

Missing character: There is no , in font nullfont!
Missing character: There is no c in font nullfont!
Missing character: There is no o in font nullfont!
Missing character: There is no m in font nullfont!
Missing character: There is no d in font nullfont!
Missing character: There is no e in font nullfont!
Missing character: There is no s in font nullfont!
Missing character: There is no c in font nullfont!
Missing character: There is no o in font nullfont!
Missing character: There is no n in font nullfont!
Missing character: There is no h in font nullfont!
Missing character: There is no e in font nullfont!
Missing character: There is no c in font nullfont!
Missing character: There is no i in font nullfont!
Missing character: There is no d in font nullfont!
Missing character: There is no o in font nullfont!
Missing character: There is no . in font nullfont!
Missing character: There is no E in font nullfont!
Missing character: There is no n in font nullfont!
Missing character: There is no t in font nullfont!
Missing character: There is no o in font nullfont!

Overfull \hbox (20.0pt too wide) in paragraph at lines 114--116
[]
 []


Overfull \hbox (5.00002pt too wide) in paragraph at lines 114--116
\/cmr/m/n/10 ^a
 []


Overfull \hbox (10.00002pt too wide) in paragraph at lines 114--116
\/cmr/m/n/10 |
 []


Overfull \hbox (6.02548pt too wide) in paragraph at lines 114--116
\OML/cmm/m/it/10 ^^V$
 []


Overfull \hbox (65.93625pt too wide) in paragraph at lines 114--116
\OML/cmm/m/it/10 X[]; X[]; [] ; X[]$
 []


Overfull \hbox (9.44446pt too wide) in paragraph at lines 114--116
\/cmr/m/n/10 ^^Xc~a
 []


Overfull \hbox (19.62494pt too wide) in paragraph at lines 114--116
\OML/cmm/m/it/10 X \OMS/cmsy/m/n/10 ^^X
 []


Overfull \hbox (28.80673pt too wide) in paragraph at lines 114--116
\/cmr/m/n/10 (\OML/cmm/m/it/10 ^^V; ^^[[]\/cmr/m/n/10 )$
 []


Overfull \hbox (6.02548pt too wide) in paragraph at lines 114--116
\OML/cmm/m/it/10 ^^V$
 []


Overfull \hbox (5.00002pt too wide) in paragraph at lines 114--116
\/cmr/m/n/10 ~a 
 []

! Undefined control sequence.
l.117 Q = \frac{(n-1)S^2}{\sigma^2} \sim \chidist
                                                 ^2_{n-1}
The control sequence at the end of the top line
of your error message was never \def'ed. If you have
misspelled it (e.g., `\hobx'), type `I' and the correct
spelling (e.g., `I\hbox'). Otherwise just continue,
and I'll forget about whatever was undefined.


Overfull \hbox (92.0705pt too wide) detected at line 118
\OML/cmm/m/it/10 Q \/cmr/m/n/10 = [] \OMS/cmsy/m/n/10 ^^X[]
 []

Missing character: There is no u in font nullfont!
Missing character: There is no m in font nullfont!
Missing character: There is no a in font nullfont!
Missing character: There is no q in font nullfont!
Missing character: There is no u in font nullfont!
Missing character: There is no a in font nullfont!
Missing character: There is no n in font nullfont!
Missing character: There is no t in font nullfont!
Missing character: There is no i in font nullfont!
Missing character: There is no d in font nullfont!
Missing character: There is no a in font nullfont!
Missing character: There is no d in font nullfont!
Missing character: There is no e in font nullfont!
Missing character: There is no p in font nullfont!
Missing character: There is no i in font nullfont!
Missing character: There is no v in font nullfont!
Missing character: There is no o in font nullfont!
Missing character: There is no t in font nullfont!
Missing character: There is no a in font nullfont!
Missing character: There is no l in font nullfont!
Missing character: There is no , in font nullfont!
Missing character: There is no e in font nullfont!

Overfull \hbox (4.44444pt too wide) in paragraph at lines 118--120
\/cmr/m/n/10 ^^Se
 []


Overfull \hbox (104.1935pt too wide) detected at line 122
[]
 []

Missing character: There is no u in font nullfont!
Missing character: There is no m in font nullfont!
Missing character: There is no i in font nullfont!
Missing character: There is no n in font nullfont!
Missing character: There is no t in font nullfont!
Missing character: There is no e in font nullfont!
Missing character: There is no r in font nullfont!
Missing character: There is no v in font nullfont!
Missing character: There is no a in font nullfont!
Missing character: There is no l in font nullfont!
Missing character: There is no o in font nullfont!
Missing character: There is no c in font nullfont!
Missing character: There is no o in font nullfont!
Missing character: There is no m in font nullfont!
Missing character: There is no d in font nullfont!
Missing character: There is no e in font nullfont!
Missing character: There is no c in font nullfont!
Missing character: There is no o in font nullfont!
Missing character: There is no n in font nullfont!
Missing character: There is no f in font nullfont!
Missing character: There is no i in font nullfont!
Missing character: There is no a in font nullfont!
Missing character: There is no n in font nullfont!
Missing character: There is no a in font nullfont!
Missing character: There is no p in font nullfont!
Missing character: There is no a in font nullfont!
Missing character: There is no r in font nullfont!
Missing character: There is no a in font nullfont!
Missing character: There is no , in font nullfont!
Missing character: There is no e in font nullfont!
Missing character: There is no m in font nullfont!
Missing character: There is no q in font nullfont!
Missing character: There is no u in font nullfont!
Missing character: There is no e in font nullfont!
Missing character: There is no e in font nullfont!
Missing character: There is no s in font nullfont!
Missing character: There is no a in font nullfont!
Missing character: There is no t in font nullfont!
Missing character: There is no i in font nullfont!
Missing character: There is no s in font nullfont!
Missing character: There is no f in font nullfont!
Missing character: There is no a in font nullfont!
Missing character: There is no z in font nullfont!
Missing character: There is no e in font nullfont!
Missing character: There is no m in font nullfont!
! Undefined control sequence.
<recently read> \Pro 
                     
l.123 ...2$, em que $q_1$ e $q_2$ satisfazem $\Pro
                                                  (q_1\leq Q\leq q_2)=\gamma$.
The control sequence at the end of the top line
of your error message was never \def'ed. If you have
misspelled it (e.g., `\hobx'), type `I' and the correct
spelling (e.g., `I\hbox'). Otherwise just continue,
and I'll forget about whatever was undefined.

Missing character: There is no . in font nullfont!

! LaTeX Error: Environment outline undefined.

See the LaTeX manual or LaTeX Companion for explanation.
Type  H <return>  for immediate help.
 ...                                              
                                                  
l.124 \begin{outline}
                     
Your command was ignored.
Type  I <command> <return>  to replace it with another command,
or  <return>  to continue without it.

! Undefined control sequence.
l.125 	\1
          Uma escolha usual (\underline{intervalo com caudas iguais}) é tom...
The control sequence at the end of the top line
of your error message was never \def'ed. If you have
misspelled it (e.g., `\hobx'), type `I' and the correct
spelling (e.g., `I\hbox'). Otherwise just continue,
and I'll forget about whatever was undefined.

Missing character: There is no U in font nullfont!
Missing character: There is no m in font nullfont!
Missing character: There is no a in font nullfont!
Missing character: There is no e in font nullfont!
Missing character: There is no s in font nullfont!
Missing character: There is no c in font nullfont!
Missing character: There is no o in font nullfont!
Missing character: There is no l in font nullfont!
Missing character: There is no h in font nullfont!
Missing character: There is no a in font nullfont!
Missing character: There is no u in font nullfont!
Missing character: There is no s in font nullfont!
Missing character: There is no u in font nullfont!
Missing character: There is no a in font nullfont!
Missing character: There is no l in font nullfont!
Missing character: There is no ( in font nullfont!
Missing character: There is no i in font nullfont!
Missing character: There is no n in font nullfont!
Missing character: There is no t in font nullfont!
Missing character: There is no e in font nullfont!
Missing character: There is no r in font nullfont!
Missing character: There is no v in font nullfont!
Missing character: There is no a in font nullfont!
Missing character: There is no l in font nullfont!
Missing character: There is no o in font nullfont!
Missing character: There is no c in font nullfont!
Missing character: There is no o in font nullfont!
Missing character: There is no m in font nullfont!
Missing character: There is no c in font nullfont!
Missing character: There is no a in font nullfont!
Missing character: There is no u in font nullfont!
Missing character: There is no d in font nullfont!
Missing character: There is no a in font nullfont!
Missing character: There is no s in font nullfont!
Missing character: There is no i in font nullfont!
Missing character: There is no g in font nullfont!
Missing character: There is no u in font nullfont!
Missing character: There is no a in font nullfont!
Missing character: There is no i in font nullfont!
Missing character: There is no s in font nullfont!
Missing character: There is no ) in font nullfont!
Missing character: There is no t in font nullfont!
Missing character: There is no o in font nullfont!
Missing character: There is no m in font nullfont!
Missing character: There is no a in font nullfont!
Missing character: There is no r in font nullfont!
Missing character: There is no e in font nullfont!
Missing character: There is no t in font nullfont!
Missing character: There is no a in font nullfont!
Missing character: There is no i in font nullfont!
Missing character: There is no s in font nullfont!
Missing character: There is no q in font nullfont!
Missing character: There is no u in font nullfont!
Missing character: There is no e in font nullfont!
! Undefined control sequence.
<recently read> \Pro 
                     
l.125 ...s}) é tomar $q_1$ e $q_2$ tais que $\Pro
                                                  (Q\leq q_1)=\Pro(Q\geq q_2...
The control sequence at the end of the top line
of your error message was never \def'ed. If you have
misspelled it (e.g., `\hobx'), type `I' and the correct
spelling (e.g., `I\hbox'). Otherwise just continue,
and I'll forget about whatever was undefined.

! Undefined control sequence.
l.125 ...1$ e $q_2$ tais que $\Pro(Q\leq q_1)=\Pro
                                                  (Q\geq q_2)=(1-\gamma)/2$,...
The control sequence at the end of the top line
of your error message was never \def'ed. If you have
misspelled it (e.g., `\hobx'), type `I' and the correct
spelling (e.g., `I\hbox'). Otherwise just continue,
and I'll forget about whatever was undefined.

Missing character: There is no , in font nullfont!
Missing character: There is no m in font nullfont!
Missing character: There is no a in font nullfont!
Missing character: There is no s in font nullfont!
Missing character: There is no e in font nullfont!
Missing character: There is no s in font nullfont!
Missing character: There is no s in font nullfont!
Missing character: There is no e in font nullfont!
Missing character: There is no n in font nullfont!
Missing character: There is no o in font nullfont!
Missing character: There is no o in font nullfont!
Missing character: There is no i in font nullfont!
Missing character: There is no n in font nullfont!
Missing character: There is no t in font nullfont!
Missing character: There is no e in font nullfont!
Missing character: There is no r in font nullfont!
Missing character: There is no v in font nullfont!
Missing character: There is no a in font nullfont!
Missing character: There is no l in font nullfont!
Missing character: There is no o in font nullfont!
Missing character: There is no d in font nullfont!
Missing character: There is no e in font nullfont!
Missing character: There is no c in font nullfont!
Missing character: There is no o in font nullfont!
Missing character: There is no m in font nullfont!
Missing character: There is no p in font nullfont!
Missing character: There is no r in font nullfont!
Missing character: There is no i in font nullfont!
Missing character: There is no m in font nullfont!
Missing character: There is no e in font nullfont!
Missing character: There is no n in font nullfont!
Missing character: There is no t in font nullfont!
Missing character: There is no o in font nullfont!
Missing character: There is no m in font nullfont!
Missing character: There is no n in font nullfont!
Missing character: There is no i in font nullfont!
Missing character: There is no m in font nullfont!
Missing character: There is no o in font nullfont!
Missing character: There is no . in font nullfont!
! Undefined control sequence.
l.126 	\1
          O intervalo de comprimento mínimo é obtido sujeitando-se $q_1$ e...
The control sequence at the end of the top line
of your error message was never \def'ed. If you have
misspelled it (e.g., `\hobx'), type `I' and the correct
spelling (e.g., `I\hbox'). Otherwise just continue,
and I'll forget about whatever was undefined.

Missing character: There is no O in font nullfont!
Missing character: There is no i in font nullfont!
Missing character: There is no n in font nullfont!
Missing character: There is no t in font nullfont!
Missing character: There is no e in font nullfont!
Missing character: There is no r in font nullfont!
Missing character: There is no v in font nullfont!
Missing character: There is no a in font nullfont!
Missing character: There is no l in font nullfont!
Missing character: There is no o in font nullfont!
Missing character: There is no d in font nullfont!
Missing character: There is no e in font nullfont!
Missing character: There is no c in font nullfont!
Missing character: There is no o in font nullfont!
Missing character: There is no m in font nullfont!
Missing character: There is no p in font nullfont!
Missing character: There is no r in font nullfont!
Missing character: There is no i in font nullfont!
Missing character: There is no m in font nullfont!
Missing character: There is no e in font nullfont!
Missing character: There is no n in font nullfont!
Missing character: There is no t in font nullfont!
Missing character: There is no o in font nullfont!
Missing character: There is no m in font nullfont!
Missing character: There is no n in font nullfont!
Missing character: There is no i in font nullfont!
Missing character: There is no m in font nullfont!
Missing character: There is no o in font nullfont!
Missing character: There is no o in font nullfont!
Missing character: There is no b in font nullfont!
Missing character: There is no t in font nullfont!
Missing character: There is no i in font nullfont!
Missing character: There is no d in font nullfont!
Missing character: There is no o in font nullfont!
Missing character: There is no s in font nullfont!
Missing character: There is no u in font nullfont!
Missing character: There is no j in font nullfont!
Missing character: There is no e in font nullfont!
Missing character: There is no i in font nullfont!
Missing character: There is no t in font nullfont!
Missing character: There is no a in font nullfont!
Missing character: There is no n in font nullfont!
Missing character: There is no d in font nullfont!
Missing character: There is no o in font nullfont!
Missing character: There is no - in font nullfont!
Missing character: There is no s in font nullfont!
Missing character: There is no e in font nullfont!
Missing character: There is no e in font nullfont!
Missing character: There is no c in font nullfont!
Missing character: There is no o in font nullfont!
Missing character: There is no n in font nullfont!
Missing character: There is no d in font nullfont!
Missing character: There is no i in font nullfont!
Missing character: There is no o in font nullfont!
Missing character: There is no a in font nullfont!
Missing character: There is no d in font nullfont!
Missing character: There is no i in font nullfont!
Missing character: There is no c in font nullfont!
Missing character: There is no i in font nullfont!
Missing character: There is no o in font nullfont!
Missing character: There is no n in font nullfont!
Missing character: There is no a in font nullfont!
Missing character: There is no l in font nullfont!
Missing character: There is no , in font nullfont!
Missing character: There is no c in font nullfont!
Missing character: There is no u in font nullfont!
Missing character: There is no j in font nullfont!
Missing character: There is no a in font nullfont!
Missing character: There is no s in font nullfont!
Missing character: There is no o in font nullfont!
Missing character: There is no l in font nullfont!
Missing character: There is no u in font nullfont!
Missing character: There is no o in font nullfont!
Missing character: There is no o in font nullfont!
Missing character: There is no b in font nullfont!
Missing character: There is no t in font nullfont!
Missing character: There is no i in font nullfont!
Missing character: There is no d in font nullfont!
Missing character: There is no a in font nullfont!
Missing character: There is no n in font nullfont!
Missing character: There is no u in font nullfont!
Missing character: There is no m in font nullfont!
Missing character: There is no e in font nullfont!
Missing character: There is no r in font nullfont!
Missing character: There is no i in font nullfont!
Missing character: There is no c in font nullfont!
Missing character: There is no a in font nullfont!
Missing character: There is no m in font nullfont!
Missing character: There is no e in font nullfont!
Missing character: There is no n in font nullfont!
Missing character: There is no t in font nullfont!
Missing character: There is no e in font nullfont!
Missing character: There is no . in font nullfont!

! LaTeX Error: \begin{document} ended by \end{outline}.

See the LaTeX manual or LaTeX Companion for explanation.
Type  H <return>  for immediate help.
 ...                                              
                                                  
l.127 \end{outline}
                   
Your command was ignored.
Type  I <command> <return>  to replace it with another command,
or  <return>  to continue without it.


! LaTeX Error: \begin{document} ended by \end{theorem}.

See the LaTeX manual or LaTeX Companion for explanation.
Type  H <return>  for immediate help.
 ...                                              
                                                  
l.128 \end{theorem}
                   
Your command was ignored.
Type  I <command> <return>  to replace it with another command,
or  <return>  to continue without it.


Overfull \hbox (4.44444pt too wide) in paragraph at lines 122--130
\/cmr/m/n/10 ^^Se
 []


Overfull \hbox (29.06625pt too wide) in paragraph at lines 122--130
\/cmr/m/n/10 100\OML/cmm/m/it/10 ^^M\/cmr/m/n/10 %$
 []


Overfull \hbox (4.44444pt too wide) in paragraph at lines 122--130
\/cmr/m/n/10 ^^Xc
 []


Overfull \hbox (10.55904pt too wide) in paragraph at lines 122--130
\OML/cmm/m/it/10 ^^[[]$
 []


Overfull \hbox (8.95026pt too wide) in paragraph at lines 122--130
\OML/cmm/m/it/10 q[]$
 []


Overfull \hbox (8.95026pt too wide) in paragraph at lines 122--130
\OML/cmm/m/it/10 q[]$
 []


Overfull \hbox (23.39467pt too wide) in paragraph at lines 122--130
\/cmr/m/n/10 (\OML/cmm/m/it/10 q[] \OMS/cmsy/m/n/10 ^^T
 []


Overfull \hbox (18.46106pt too wide) in paragraph at lines 122--130
\OML/cmm/m/it/10 Q \OMS/cmsy/m/n/10 ^^T
 []


Overfull \hbox (23.39467pt too wide) in paragraph at lines 122--130
\OML/cmm/m/it/10 q[]\/cmr/m/n/10 ) =
 []


Overfull \hbox (5.73285pt too wide) in paragraph at lines 122--130
\OML/cmm/m/it/10 ^^M$
 []


Overfull \hbox (4.44444pt too wide) in paragraph at lines 122--130
\/cmr/m/n/10 ^^Se
 []


Overfull \hbox (8.95026pt too wide) in paragraph at lines 122--130
\OML/cmm/m/it/10 q[]$
 []


Overfull \hbox (8.95026pt too wide) in paragraph at lines 122--130
\OML/cmm/m/it/10 q[]$
 []


Overfull \hbox (22.34996pt too wide) in paragraph at lines 122--130
\/cmr/m/n/10 (\OML/cmm/m/it/10 Q \OMS/cmsy/m/n/10 ^^T
 []


Overfull \hbox (23.39467pt too wide) in paragraph at lines 122--130
\OML/cmm/m/it/10 q[]\/cmr/m/n/10 ) =
 []


Overfull \hbox (22.34996pt too wide) in paragraph at lines 122--130
\/cmr/m/n/10 (\OML/cmm/m/it/10 Q \OMS/cmsy/m/n/10 ^^U
 []


Overfull \hbox (23.39467pt too wide) in paragraph at lines 122--130
\OML/cmm/m/it/10 q[]\/cmr/m/n/10 ) =
 []


Overfull \hbox (16.66672pt too wide) in paragraph at lines 122--130
\/cmr/m/n/10 (1 \OMS/cmsy/m/n/10 ^^@
 []


Overfull \hbox (19.62178pt too wide) in paragraph at lines 122--130
\OML/cmm/m/it/10 ^^M\/cmr/m/n/10 )\OML/cmm/m/it/10 =\/cmr/m/n/10 2$
 []


Overfull \hbox (5.00002pt too wide) in paragraph at lines 122--130
\/cmr/m/n/10 ~a
 []


Overfull \hbox (4.44444pt too wide) in paragraph at lines 122--130
\/cmr/m/n/10 ^^Se
 []


Overfull \hbox (2.77779pt too wide) in paragraph at lines 122--130
\/cmr/m/n/10 ^^S^^P
 []


Overfull \hbox (2.77779pt too wide) in paragraph at lines 122--130
\/cmr/m/n/10 ^^S^^P
 []


Overfull \hbox (4.44444pt too wide) in paragraph at lines 122--130
\/cmr/m/n/10 ^^Se
 []


Overfull \hbox (8.95026pt too wide) in paragraph at lines 122--130
\OML/cmm/m/it/10 q[]$
 []


Overfull \hbox (8.95026pt too wide) in paragraph at lines 122--130
\OML/cmm/m/it/10 q[]$
 []


Overfull \hbox (5.00002pt too wide) in paragraph at lines 122--130
\/cmr/m/n/10 ^^Ra
 []


Overfull \hbox (9.44446pt too wide) in paragraph at lines 122--130
\/cmr/m/n/10 ^^Xc~a
 []


Overfull \hbox (48.28624pt too wide) in paragraph at lines 122--130
\OML/cmm/m/it/10 q[]f[]\/cmr/m/n/10 (\OML/cmm/m/it/10 q[]\/cmr/m/n/10 ) =
 []


Overfull \hbox (37.73073pt too wide) in paragraph at lines 122--130
\OML/cmm/m/it/10 q[]f[]\/cmr/m/n/10 (\OML/cmm/m/it/10 q[]\/cmr/m/n/10 )$
 []


Overfull \hbox (9.44446pt too wide) in paragraph at lines 122--130
\/cmr/m/n/10 ^^Xc~a
 []


Overfull \hbox (4.44444pt too wide) in paragraph at lines 122--130
\/cmr/m/n/10 ^^Se
 []


! LaTeX Error: Environment theorem undefined.

See the LaTeX manual or LaTeX Companion for explanation.
Type  H <return>  for immediate help.
 ...                                              
                                                  
l.132 \begin{theorem}
                     [IC para a diferença de médias — $\sigma_1^2=\sigma...

Your command was ignored.
Type  I <command> <return>  to replace it with another command,
or  <return>  to continue without it.


! LaTeX Error: Missing \begin{document}.

See the LaTeX manual or LaTeX Companion for explanation.
Type  H <return>  for immediate help.
 ...                                              
                                                  
l.132 \begin{theorem}[
                      IC para a diferença de médias — $\sigma_1^2=\sigma...

You're in trouble here.  Try typing  <return>  to proceed.
If that doesn't work, type  X <return>  to quit.

Missing character: There is no [ in font nullfont!
Missing character: There is no I in font nullfont!
Missing character: There is no C in font nullfont!
Missing character: There is no p in font nullfont!
Missing character: There is no a in font nullfont!
Missing character: There is no r in font nullfont!
Missing character: There is no a in font nullfont!
Missing character: There is no a in font nullfont!
Missing character: There is no d in font nullfont!
Missing character: There is no i in font nullfont!
Missing character: There is no f in font nullfont!
Missing character: There is no e in font nullfont!
Missing character: There is no r in font nullfont!
Missing character: There is no e in font nullfont!
Missing character: There is no n in font nullfont!
Missing character: There is no a in font nullfont!
Missing character: There is no d in font nullfont!
Missing character: There is no e in font nullfont!
Missing character: There is no m in font nullfont!
Missing character: There is no d in font nullfont!
Missing character: There is no i in font nullfont!
Missing character: There is no a in font nullfont!
Missing character: There is no s in font nullfont!
Missing character: There is no d in font nullfont!
Missing character: There is no e in font nullfont!
Missing character: There is no s in font nullfont!
Missing character: There is no c in font nullfont!
Missing character: There is no o in font nullfont!
Missing character: There is no n in font nullfont!
Missing character: There is no h in font nullfont!
Missing character: There is no e in font nullfont!
Missing character: There is no c in font nullfont!
Missing character: There is no i in font nullfont!
Missing character: There is no d in font nullfont!
Missing character: There is no o in font nullfont!
Missing character: There is no ] in font nullfont!
Missing character: There is no S in font nullfont!
Missing character: There is no e in font nullfont!
Missing character: There is no j in font nullfont!
Missing character: There is no a in font nullfont!
Missing character: There is no m in font nullfont!
Missing character: There is no u in font nullfont!
Missing character: There is no m in font nullfont!
Missing character: There is no a in font nullfont!
Missing character: There is no A in font nullfont!
Missing character: There is no . in font nullfont!
Missing character: There is no A in font nullfont!
Missing character: There is no . in font nullfont!
Missing character: There is no d in font nullfont!
Missing character: There is no e in font nullfont!
Missing character: There is no u in font nullfont!
Missing character: There is no m in font nullfont!
Missing character: There is no a in font nullfont!
Missing character: There is no p in font nullfont!
Missing character: There is no o in font nullfont!
Missing character: There is no p in font nullfont!
Missing character: There is no u in font nullfont!
Missing character: There is no l in font nullfont!
Missing character: There is no a in font nullfont!
Missing character: There is no o in font nullfont!
! Undefined control sequence.
l.133 ...A.A. de uma população $X_1\sim\normdist
                                                  (\mu_1,\sigma_1^2)$ e seja...
The control sequence at the end of the top line
of your error message was never \def'ed. If you have
misspelled it (e.g., `\hobx'), type `I' and the correct
spelling (e.g., `I\hbox'). Otherwise just continue,
and I'll forget about whatever was undefined.

Missing character: There is no e in font nullfont!
Missing character: There is no s in font nullfont!
Missing character: There is no e in font nullfont!
Missing character: There is no j in font nullfont!
Missing character: There is no a in font nullfont!
Missing character: There is no m in font nullfont!
Missing character: There is no u in font nullfont!
Missing character: There is no m in font nullfont!
Missing character: There is no a in font nullfont!
Missing character: There is no A in font nullfont!
Missing character: There is no . in font nullfont!
Missing character: There is no A in font nullfont!
Missing character: There is no . in font nullfont!
Missing character: There is no d in font nullfont!
Missing character: There is no e in font nullfont!
Missing character: There is no u in font nullfont!
Missing character: There is no m in font nullfont!
Missing character: There is no a in font nullfont!
Missing character: There is no p in font nullfont!
Missing character: There is no o in font nullfont!
Missing character: There is no p in font nullfont!
Missing character: There is no u in font nullfont!
Missing character: There is no l in font nullfont!
Missing character: There is no a in font nullfont!
Missing character: There is no o in font nullfont!
! Undefined control sequence.
l.133 ...A.A. de uma população $X_2\sim\normdist
                                                  (\mu_2,\sigma_2^2)$, ambas...
The control sequence at the end of the top line
of your error message was never \def'ed. If you have
misspelled it (e.g., `\hobx'), type `I' and the correct
spelling (e.g., `I\hbox'). Otherwise just continue,
and I'll forget about whatever was undefined.

Missing character: There is no , in font nullfont!
Missing character: There is no a in font nullfont!
Missing character: There is no m in font nullfont!
Missing character: There is no b in font nullfont!
Missing character: There is no a in font nullfont!
Missing character: There is no s in font nullfont!
Missing character: There is no a in font nullfont!
Missing character: There is no s in font nullfont!
Missing character: There is no a in font nullfont!
Missing character: There is no m in font nullfont!
Missing character: There is no o in font nullfont!
Missing character: There is no s in font nullfont!
Missing character: There is no t in font nullfont!
Missing character: There is no r in font nullfont!
Missing character: There is no a in font nullfont!
Missing character: There is no s in font nullfont!
Missing character: There is no i in font nullfont!
Missing character: There is no n in font nullfont!
Missing character: There is no d in font nullfont!
Missing character: There is no e in font nullfont!
Missing character: There is no p in font nullfont!
Missing character: There is no e in font nullfont!
Missing character: There is no n in font nullfont!
Missing character: There is no d in font nullfont!
Missing character: There is no e in font nullfont!
Missing character: There is no n in font nullfont!
Missing character: There is no t in font nullfont!
Missing character: There is no e in font nullfont!
Missing character: There is no s in font nullfont!
Missing character: There is no , in font nullfont!
Missing character: There is no c in font nullfont!
Missing character: There is no o in font nullfont!
Missing character: There is no m in font nullfont!
Missing character: There is no d in font nullfont!
Missing character: There is no e in font nullfont!
Missing character: There is no s in font nullfont!
Missing character: There is no c in font nullfont!
Missing character: There is no o in font nullfont!
Missing character: There is no n in font nullfont!
Missing character: There is no h in font nullfont!
Missing character: There is no e in font nullfont!
Missing character: There is no c in font nullfont!
Missing character: There is no i in font nullfont!
Missing character: There is no d in font nullfont!
Missing character: There is no o in font nullfont!
Missing character: There is no . in font nullfont!
Missing character: There is no S in font nullfont!
Missing character: There is no e in font nullfont!
Missing character: There is no j in font nullfont!
Missing character: There is no a in font nullfont!
Missing character: There is no m in font nullfont!

Overfull \hbox (20.0pt too wide) in paragraph at lines 132--134
[]
 []


Overfull \hbox (4.44444pt too wide) in paragraph at lines 132--134
\/cmr/m/n/10 ^^Xc
 []


Overfull \hbox (4.44444pt too wide) in paragraph at lines 132--134
\/cmr/m/n/10 ^^Se
 []


Overfull \hbox (10.00002pt too wide) in paragraph at lines 132--134
\/cmr/m/n/10 |
 []


Overfull \hbox (21.11455pt too wide) in paragraph at lines 132--134
\OML/cmm/m/it/10 ^^[[] \/cmr/m/n/10 =
 []


Overfull \hbox (21.11455pt too wide) in paragraph at lines 132--134
\OML/cmm/m/it/10 ^^[[] \/cmr/m/n/10 =
 []


Overfull \hbox (10.55904pt too wide) in paragraph at lines 132--134
\OML/cmm/m/it/10 ^^[[]$
 []


Overfull \hbox (81.79747pt too wide) in paragraph at lines 132--134
\OML/cmm/m/it/10 X[]; X[]; [] ; X[]$
 []


Overfull \hbox (9.44446pt too wide) in paragraph at lines 132--134
\/cmr/m/n/10 ^^Xc~a
 []


Overfull \hbox (23.32637pt too wide) in paragraph at lines 132--134
\OML/cmm/m/it/10 X[] \OMS/cmsy/m/n/10 ^^X
 []


Overfull \hbox (33.29286pt too wide) in paragraph at lines 132--134
\/cmr/m/n/10 (\OML/cmm/m/it/10 ^^V[]; ^^[[]\/cmr/m/n/10 )$
 []


Overfull \hbox (81.79747pt too wide) in paragraph at lines 132--134
\OML/cmm/m/it/10 X[]; X[]; [] ; X[]$
 []


Overfull \hbox (9.44446pt too wide) in paragraph at lines 132--134
\/cmr/m/n/10 ^^Xc~a
 []


Overfull \hbox (23.32637pt too wide) in paragraph at lines 132--134
\OML/cmm/m/it/10 X[] \OMS/cmsy/m/n/10 ^^X
 []


Overfull \hbox (33.29286pt too wide) in paragraph at lines 132--134
\/cmr/m/n/10 (\OML/cmm/m/it/10 ^^V[]; ^^[[]\/cmr/m/n/10 )$
 []


Overfull \hbox (21.11455pt too wide) in paragraph at lines 132--134
\OML/cmm/m/it/10 ^^[[] \/cmr/m/n/10 =
 []


Overfull \hbox (21.11455pt too wide) in paragraph at lines 132--134
\OML/cmm/m/it/10 ^^[[] \/cmr/m/n/10 =
 []


Overfull \hbox (10.55904pt too wide) in paragraph at lines 132--134
\OML/cmm/m/it/10 ^^[[]$
 []


Overfull \hbox (135.29333pt too wide) detected at line 136
\OML/cmm/m/it/10 S[] \/cmr/m/n/10 = []\OML/cmm/m/it/10 :
 []

Missing character: There is no E in font nullfont!
Missing character: There is no n in font nullfont!
Missing character: There is no t in font nullfont!
Missing character: There is no o in font nullfont!

Overfull \hbox (5.00002pt too wide) in paragraph at lines 136--138
\/cmr/m/n/10 ~a 
 []

! Undefined control sequence.
<argument> \sqrt {\left (\dfrac 
                                {1}{n_1}+\dfrac {1}{n_2}\right )S_p^2}
l.139 ...frac{1}{n_1}+\dfrac{1}{n_2}\right)S_p^2}}
                                                   \sim t_{n_1+n_2-2}
The control sequence at the end of the top line
of your error message was never \def'ed. If you have
misspelled it (e.g., `\hobx'), type `I' and the correct
spelling (e.g., `I\hbox'). Otherwise just continue,
and I'll forget about whatever was undefined.

! Undefined control sequence.
<argument> \sqrt {\left (\dfrac {1}{n_1}+\dfrac 
                                                {1}{n_2}\right )S_p^2}
l.139 ...frac{1}{n_1}+\dfrac{1}{n_2}\right)S_p^2}}
                                                   \sim t_{n_1+n_2-2}
The control sequence at the end of the top line
of your error message was never \def'ed. If you have
misspelled it (e.g., `\hobx'), type `I' and the correct
spelling (e.g., `I\hbox'). Otherwise just continue,
and I'll forget about whatever was undefined.


Overfull \hbox (173.93744pt too wide) detected at line 140
\OML/cmm/m/it/10 Q \/cmr/m/n/10 = [] \OMS/cmsy/m/n/10 ^^X \OML/cmm/m/it/10 t[]
 []

Missing character: There is no u in font nullfont!
Missing character: There is no m in font nullfont!
Missing character: There is no a in font nullfont!
Missing character: There is no q in font nullfont!
Missing character: There is no u in font nullfont!
Missing character: There is no a in font nullfont!
Missing character: There is no n in font nullfont!
Missing character: There is no t in font nullfont!
Missing character: There is no i in font nullfont!
Missing character: There is no d in font nullfont!
Missing character: There is no a in font nullfont!
Missing character: There is no d in font nullfont!
Missing character: There is no e in font nullfont!
Missing character: There is no p in font nullfont!
Missing character: There is no i in font nullfont!
Missing character: There is no v in font nullfont!
Missing character: There is no o in font nullfont!
Missing character: There is no t in font nullfont!
Missing character: There is no a in font nullfont!
Missing character: There is no l in font nullfont!
Missing character: There is no , in font nullfont!
Missing character: There is no e in font nullfont!

Overfull \hbox (4.44444pt too wide) in paragraph at lines 140--142
\/cmr/m/n/10 ^^Se
 []


Overfull \hbox (292.44945pt too wide) detected at line 144
[]
 []

Missing character: There is no u in font nullfont!
Missing character: There is no m in font nullfont!
Missing character: There is no i in font nullfont!
Missing character: There is no n in font nullfont!
Missing character: There is no t in font nullfont!
Missing character: There is no e in font nullfont!
Missing character: There is no r in font nullfont!
Missing character: There is no v in font nullfont!
Missing character: There is no a in font nullfont!
Missing character: There is no l in font nullfont!
Missing character: There is no o in font nullfont!
Missing character: There is no c in font nullfont!
Missing character: There is no o in font nullfont!
Missing character: There is no m in font nullfont!
Missing character: There is no d in font nullfont!
Missing character: There is no e in font nullfont!
Missing character: There is no c in font nullfont!
Missing character: There is no o in font nullfont!
Missing character: There is no n in font nullfont!
Missing character: There is no f in font nullfont!
Missing character: There is no i in font nullfont!
Missing character: There is no a in font nullfont!
Missing character: There is no n in font nullfont!
Missing character: There is no a in font nullfont!
Missing character: There is no p in font nullfont!
Missing character: There is no a in font nullfont!
Missing character: There is no r in font nullfont!
Missing character: There is no a in font nullfont!
Missing character: There is no , in font nullfont!
Missing character: There is no e in font nullfont!
Missing character: There is no m in font nullfont!
Missing character: There is no q in font nullfont!
Missing character: There is no u in font nullfont!
Missing character: There is no e in font nullfont!
Missing character: There is no . in font nullfont!

! LaTeX Error: \begin{document} ended by \end{theorem}.

See the LaTeX manual or LaTeX Companion for explanation.
Type  H <return>  for immediate help.
 ...                                              
                                                  
l.146 \end{theorem}
                   
Your command was ignored.
Type  I <command> <return>  to replace it with another command,
or  <return>  to continue without it.


Overfull \hbox (4.44444pt too wide) in paragraph at lines 144--148
\/cmr/m/n/10 ^^Se
 []


Overfull \hbox (29.06625pt too wide) in paragraph at lines 144--148
\/cmr/m/n/10 100\OML/cmm/m/it/10 ^^M\/cmr/m/n/10 %$
 []


Overfull \hbox (4.44444pt too wide) in paragraph at lines 144--148
\/cmr/m/n/10 ^^Xc
 []


Overfull \hbox (18.28941pt too wide) in paragraph at lines 144--148
\OML/cmm/m/it/10 ^^V[] \OMS/cmsy/m/n/10 ^^@
 []


Overfull \hbox (10.51161pt too wide) in paragraph at lines 144--148
\OML/cmm/m/it/10 ^^V[]$
 []


Overfull \hbox (15.37842pt too wide) in paragraph at lines 144--148
\OML/cmm/m/it/10 q \/cmr/m/n/10 =
 []


Overfull \hbox (69.643pt too wide) in paragraph at lines 144--148
\OML/cmm/m/it/10 t[]$
 []


! LaTeX Error: Environment theorem undefined.

See the LaTeX manual or LaTeX Companion for explanation.
Type  H <return>  for immediate help.
 ...                                              
                                                  
l.150 \begin{theorem}
                     [IC para a diferença de médias — amostras pareadas,...

Your command was ignored.
Type  I <command> <return>  to replace it with another command,
or  <return>  to continue without it.


! LaTeX Error: Missing \begin{document}.

See the LaTeX manual or LaTeX Companion for explanation.
Type  H <return>  for immediate help.
 ...                                              
                                                  
l.150 \begin{theorem}[
                      IC para a diferença de médias — amostras pareadas,...

You're in trouble here.  Try typing  <return>  to proceed.
If that doesn't work, type  X <return>  to quit.

Missing character: There is no [ in font nullfont!
Missing character: There is no I in font nullfont!
Missing character: There is no C in font nullfont!
Missing character: There is no p in font nullfont!
Missing character: There is no a in font nullfont!
Missing character: There is no r in font nullfont!
Missing character: There is no a in font nullfont!
Missing character: There is no a in font nullfont!
Missing character: There is no d in font nullfont!
Missing character: There is no i in font nullfont!
Missing character: There is no f in font nullfont!
Missing character: There is no e in font nullfont!
Missing character: There is no r in font nullfont!
Missing character: There is no e in font nullfont!
Missing character: There is no n in font nullfont!
Missing character: There is no a in font nullfont!
Missing character: There is no d in font nullfont!
Missing character: There is no e in font nullfont!
Missing character: There is no m in font nullfont!
Missing character: There is no d in font nullfont!
Missing character: There is no i in font nullfont!
Missing character: There is no a in font nullfont!
Missing character: There is no s in font nullfont!
Missing character: There is no a in font nullfont!
Missing character: There is no m in font nullfont!
Missing character: There is no o in font nullfont!
Missing character: There is no s in font nullfont!
Missing character: There is no t in font nullfont!
Missing character: There is no r in font nullfont!
Missing character: There is no a in font nullfont!
Missing character: There is no s in font nullfont!
Missing character: There is no p in font nullfont!
Missing character: There is no a in font nullfont!
Missing character: There is no r in font nullfont!
Missing character: There is no e in font nullfont!
Missing character: There is no a in font nullfont!
Missing character: There is no d in font nullfont!
Missing character: There is no a in font nullfont!
Missing character: There is no s in font nullfont!
Missing character: There is no , in font nullfont!
Missing character: There is no d in font nullfont!
Missing character: There is no e in font nullfont!
Missing character: There is no s in font nullfont!
Missing character: There is no c in font nullfont!
Missing character: There is no o in font nullfont!
Missing character: There is no n in font nullfont!
Missing character: There is no h in font nullfont!
Missing character: There is no e in font nullfont!
Missing character: There is no c in font nullfont!
Missing character: There is no i in font nullfont!
Missing character: There is no d in font nullfont!
Missing character: There is no a in font nullfont!
Missing character: There is no ] in font nullfont!
Missing character: There is no S in font nullfont!
Missing character: There is no e in font nullfont!
Missing character: There is no j in font nullfont!
Missing character: There is no a in font nullfont!
Missing character: There is no m in font nullfont!
Missing character: There is no u in font nullfont!
Missing character: There is no m in font nullfont!
Missing character: There is no a in font nullfont!
Missing character: There is no A in font nullfont!
Missing character: There is no . in font nullfont!
Missing character: There is no A in font nullfont!
Missing character: There is no . in font nullfont!
Missing character: There is no o in font nullfont!
Missing character: There is no r in font nullfont!
Missing character: There is no i in font nullfont!
Missing character: There is no u in font nullfont!
Missing character: There is no n in font nullfont!
Missing character: There is no d in font nullfont!
Missing character: There is no a in font nullfont!
Missing character: There is no d in font nullfont!
Missing character: There is no e in font nullfont!
Missing character: There is no u in font nullfont!
Missing character: There is no m in font nullfont!
Missing character: There is no a in font nullfont!
Missing character: There is no p in font nullfont!
Missing character: There is no o in font nullfont!
Missing character: There is no p in font nullfont!
Missing character: There is no u in font nullfont!
Missing character: There is no l in font nullfont!
Missing character: There is no a in font nullfont!
Missing character: There is no o in font nullfont!
Missing character: There is no n in font nullfont!
Missing character: There is no o in font nullfont!
Missing character: There is no r in font nullfont!
Missing character: There is no m in font nullfont!
Missing character: There is no a in font nullfont!
Missing character: There is no l in font nullfont!
Missing character: There is no b in font nullfont!
Missing character: There is no i in font nullfont!
Missing character: There is no v in font nullfont!
Missing character: There is no a in font nullfont!
Missing character: There is no r in font nullfont!
Missing character: There is no i in font nullfont!
Missing character: There is no a in font nullfont!
Missing character: There is no d in font nullfont!
Missing character: There is no a in font nullfont!
Missing character: There is no c in font nullfont!
Missing character: There is no o in font nullfont!
Missing character: There is no m in font nullfont!
Missing character: There is no p in font nullfont!
Missing character: There is no a in font nullfont!
Missing character: There is no r in font nullfont!
Missing character: There is no m in font nullfont!
Missing character: There is no e in font nullfont!
Missing character: There is no t in font nullfont!
Missing character: There is no r in font nullfont!
Missing character: There is no o in font nullfont!
Missing character: There is no s in font nullfont!
! Undefined control sequence.
<recently read> \E 
                   
l.151 ...�ão normal bivariada com parâmetros $\E
                                                  (X_1)=\mu_1$, $\E(X_2)=\mu...
The control sequence at the end of the top line
of your error message was never \def'ed. If you have
misspelled it (e.g., `\hobx'), type `I' and the correct
spelling (e.g., `I\hbox'). Otherwise just continue,
and I'll forget about whatever was undefined.

Missing character: There is no , in font nullfont!
! Undefined control sequence.
<recently read> \E 
                   
l.151 ...iada com parâmetros $\E(X_1)=\mu_1$, $\E
                                                  (X_2)=\mu_2$, $\Var(X_1)=\...
The control sequence at the end of the top line
of your error message was never \def'ed. If you have
misspelled it (e.g., `\hobx'), type `I' and the correct
spelling (e.g., `I\hbox'). Otherwise just continue,
and I'll forget about whatever was undefined.

Missing character: There is no , in font nullfont!
! Undefined control sequence.
<recently read> \Var 
                     
l.151 ...s $\E(X_1)=\mu_1$, $\E(X_2)=\mu_2$, $\Var
                                                  (X_1)=\sigma_1^2$, $\Var(X...
The control sequence at the end of the top line
of your error message was never \def'ed. If you have
misspelled it (e.g., `\hobx'), type `I' and the correct
spelling (e.g., `I\hbox'). Otherwise just continue,
and I'll forget about whatever was undefined.

Missing character: There is no , in font nullfont!
! Undefined control sequence.
<recently read> \Var 
                     
l.151 ..._2)=\mu_2$, $\Var(X_1)=\sigma_1^2$, $\Var
                                                  (X_2)=\sigma_2^2$ e $\rho=...
The control sequence at the end of the top line
of your error message was never \def'ed. If you have
misspelled it (e.g., `\hobx'), type `I' and the correct
spelling (e.g., `I\hbox'). Otherwise just continue,
and I'll forget about whatever was undefined.

Missing character: There is no e in font nullfont!
! Undefined control sequence.
l.151 ...ar(X_2)=\sigma_2^2$ e $\rho=\operatorname
                                                  {Cor}(X_1,X_2)$. Sejam $D_...
The control sequence at the end of the top line
of your error message was never \def'ed. If you have
misspelled it (e.g., `\hobx'), type `I' and the correct
spelling (e.g., `I\hbox'). Otherwise just continue,
and I'll forget about whatever was undefined.

Missing character: There is no . in font nullfont!
Missing character: There is no S in font nullfont!
Missing character: There is no e in font nullfont!
Missing character: There is no j in font nullfont!
Missing character: There is no a in font nullfont!
Missing character: There is no m in font nullfont!
Missing character: There is no , in font nullfont!
Missing character: There is no , in font nullfont!
Missing character: There is no c in font nullfont!
Missing character: There is no o in font nullfont!
Missing character: There is no m in font nullfont!
! Undefined control sequence.
l.151 ..., $i=1,2,\ldots,n$, com $D_i\sim\normdist
                                                  (\mu_D,\sigma_D^2)$, em qu...
The control sequence at the end of the top line
of your error message was never \def'ed. If you have
misspelled it (e.g., `\hobx'), type `I' and the correct
spelling (e.g., `I\hbox'). Otherwise just continue,
and I'll forget about whatever was undefined.

Missing character: There is no , in font nullfont!
Missing character: There is no e in font nullfont!
Missing character: There is no m in font nullfont!
Missing character: There is no q in font nullfont!
Missing character: There is no u in font nullfont!
Missing character: There is no e in font nullfont!
Missing character: There is no e in font nullfont!
! Undefined control sequence.
l.151 ..._D^2=\sigma_1^2+\sigma_2^2-2\operatorname
                                                  {Cov}(X_{i1},X_{i2})$. Então
The control sequence at the end of the top line
of your error message was never \def'ed. If you have
misspelled it (e.g., `\hobx'), type `I' and the correct
spelling (e.g., `I\hbox'). Otherwise just continue,
and I'll forget about whatever was undefined.

Missing character: There is no . in font nullfont!
Missing character: There is no E in font nullfont!
Missing character: There is no n in font nullfont!
Missing character: There is no t in font nullfont!
Missing character: There is no o in font nullfont!

Overfull \hbox (20.0pt too wide) in paragraph at lines 150--152
[]
 []


Overfull \hbox (4.44444pt too wide) in paragraph at lines 150--152
\/cmr/m/n/10 ^^Xc
 []


Overfull \hbox (4.44444pt too wide) in paragraph at lines 150--152
\/cmr/m/n/10 ^^Se
 []


Overfull \hbox (10.00002pt too wide) in paragraph at lines 150--152
\/cmr/m/n/10 |
 []


Overfull \hbox (12.9679pt too wide) in paragraph at lines 150--152
\OML/cmm/m/it/10 ^^[[]$
 []


Overfull \hbox (165.78944pt too wide) in paragraph at lines 150--152
\/cmr/m/n/10 (\OML/cmm/m/it/10 X[]; X[]\/cmr/m/n/10 )\OML/cmm/m/it/10 ; \/cmr/m
/n/10 (\OML/cmm/m/it/10 X[]; X[]\/cmr/m/n/10 )\OML/cmm/m/it/10 ; [] ; \/cmr/m/n
/10 (\OML/cmm/m/it/10 X[]; X[]\/cmr/m/n/10 )$
 []


Overfull \hbox (9.44446pt too wide) in paragraph at lines 150--152
\/cmr/m/n/10 ^^Xc~a
 []


Overfull \hbox (5.00002pt too wide) in paragraph at lines 150--152
\/cmr/m/n/10 ^a
 []


Overfull \hbox (31.10417pt too wide) in paragraph at lines 150--152
\/cmr/m/n/10 (\OML/cmm/m/it/10 X[]\/cmr/m/n/10 ) =
 []


Overfull \hbox (10.51161pt too wide) in paragraph at lines 150--152
\OML/cmm/m/it/10 ^^V[]$
 []


Overfull \hbox (31.10417pt too wide) in paragraph at lines 150--152
\/cmr/m/n/10 (\OML/cmm/m/it/10 X[]\/cmr/m/n/10 ) =
 []


Overfull \hbox (10.51161pt too wide) in paragraph at lines 150--152
\OML/cmm/m/it/10 ^^V[]$
 []


Overfull \hbox (31.10417pt too wide) in paragraph at lines 150--152
\/cmr/m/n/10 (\OML/cmm/m/it/10 X[]\/cmr/m/n/10 ) =
 []


Overfull \hbox (10.55904pt too wide) in paragraph at lines 150--152
\OML/cmm/m/it/10 ^^[[]$
 []


Overfull \hbox (31.10417pt too wide) in paragraph at lines 150--152
\/cmr/m/n/10 (\OML/cmm/m/it/10 X[]\/cmr/m/n/10 ) =
 []


Overfull \hbox (10.55904pt too wide) in paragraph at lines 150--152
\OML/cmm/m/it/10 ^^[[]$
 []


Overfull \hbox (15.72566pt too wide) in paragraph at lines 150--152
\OML/cmm/m/it/10 ^^Z \/cmr/m/n/10 =
 []


Overfull \hbox (55.26302pt too wide) in paragraph at lines 150--152
[]\/cmr/m/n/10 (\OML/cmm/m/it/10 X[]; X[]\/cmr/m/n/10 )$
 []


Overfull \hbox (22.16396pt too wide) in paragraph at lines 150--152
\OML/cmm/m/it/10 D[] \/cmr/m/n/10 =
 []


Overfull \hbox (23.37794pt too wide) in paragraph at lines 150--152
\OML/cmm/m/it/10 X[] \OMS/cmsy/m/n/10 ^^@
 []


Overfull \hbox (15.60014pt too wide) in paragraph at lines 150--152
\OML/cmm/m/it/10 X[]$
 []


Overfull \hbox (14.00064pt too wide) in paragraph at lines 150--152
\OML/cmm/m/it/10 i \/cmr/m/n/10 =
 []


Overfull \hbox (42.66885pt too wide) in paragraph at lines 150--152
\/cmr/m/n/10 1\OML/cmm/m/it/10 ; \/cmr/m/n/10 2\OML/cmm/m/it/10 ; [] ; n$
 []


Overfull \hbox (22.16396pt too wide) in paragraph at lines 150--152
\OML/cmm/m/it/10 D[] \OMS/cmsy/m/n/10 ^^X
 []


Overfull \hbox (38.46936pt too wide) in paragraph at lines 150--152
\/cmr/m/n/10 (\OML/cmm/m/it/10 ^^V[]; ^^[[]\/cmr/m/n/10 )$
 []


Overfull \hbox (23.83476pt too wide) in paragraph at lines 150--152
\OML/cmm/m/it/10 ^^V[] \/cmr/m/n/10 =
 []


Overfull \hbox (18.28941pt too wide) in paragraph at lines 150--152
\OML/cmm/m/it/10 ^^V[] \OMS/cmsy/m/n/10 ^^@
 []


Overfull \hbox (10.51161pt too wide) in paragraph at lines 150--152
\OML/cmm/m/it/10 ^^V[]$
 []


Overfull \hbox (23.5234pt too wide) in paragraph at lines 150--152
\OML/cmm/m/it/10 ^^[[] \/cmr/m/n/10 =
 []


Overfull \hbox (18.33684pt too wide) in paragraph at lines 150--152
\OML/cmm/m/it/10 ^^[[] \/cmr/m/n/10 +
 []


Overfull \hbox (18.33684pt too wide) in paragraph at lines 150--152
\OML/cmm/m/it/10 ^^[[] \OMS/cmsy/m/n/10 ^^@
 []


Overfull \hbox (66.33824pt too wide) in paragraph at lines 150--152
\/cmr/m/n/10 2[](\OML/cmm/m/it/10 X[]; X[]\/cmr/m/n/10 )$
 []


Overfull \hbox (5.00002pt too wide) in paragraph at lines 150--152
\/cmr/m/n/10 ~a 
 []


Overfull \hbox (90.3209pt too wide) detected at line 154
\OML/cmm/m/it/10 Q \/cmr/m/n/10 = [] \OMS/cmsy/m/n/10 ^^X \OML/cmm/m/it/10 t[]
 []

Missing character: There is no u in font nullfont!
Missing character: There is no m in font nullfont!
Missing character: There is no a in font nullfont!
Missing character: There is no q in font nullfont!
Missing character: There is no u in font nullfont!
Missing character: There is no a in font nullfont!
Missing character: There is no n in font nullfont!
Missing character: There is no t in font nullfont!
Missing character: There is no i in font nullfont!
Missing character: There is no d in font nullfont!
Missing character: There is no a in font nullfont!
Missing character: There is no d in font nullfont!
Missing character: There is no e in font nullfont!
Missing character: There is no p in font nullfont!
Missing character: There is no i in font nullfont!
Missing character: There is no v in font nullfont!
Missing character: There is no o in font nullfont!
Missing character: There is no t in font nullfont!
Missing character: There is no a in font nullfont!
Missing character: There is no l in font nullfont!
Missing character: There is no , in font nullfont!
Missing character: There is no e in font nullfont!

Overfull \hbox (4.44444pt too wide) in paragraph at lines 154--156
\/cmr/m/n/10 ^^Se
 []


Overfull \hbox (191.53978pt too wide) detected at line 158
[]
 []

Missing character: There is no u in font nullfont!
Missing character: There is no m in font nullfont!
Missing character: There is no i in font nullfont!
Missing character: There is no n in font nullfont!
Missing character: There is no t in font nullfont!
Missing character: There is no e in font nullfont!
Missing character: There is no r in font nullfont!
Missing character: There is no v in font nullfont!
Missing character: There is no a in font nullfont!
Missing character: There is no l in font nullfont!
Missing character: There is no o in font nullfont!
Missing character: There is no c in font nullfont!
Missing character: There is no o in font nullfont!
Missing character: There is no m in font nullfont!
Missing character: There is no d in font nullfont!
Missing character: There is no e in font nullfont!
Missing character: There is no c in font nullfont!
Missing character: There is no o in font nullfont!
Missing character: There is no n in font nullfont!
Missing character: There is no f in font nullfont!
Missing character: There is no i in font nullfont!
Missing character: There is no a in font nullfont!
Missing character: There is no n in font nullfont!
Missing character: There is no a in font nullfont!
Missing character: There is no p in font nullfont!
Missing character: There is no a in font nullfont!
Missing character: There is no r in font nullfont!
Missing character: There is no a in font nullfont!
Missing character: There is no . in font nullfont!

! LaTeX Error: \begin{document} ended by \end{theorem}.

See the LaTeX manual or LaTeX Companion for explanation.
Type  H <return>  for immediate help.
 ...                                              
                                                  
l.160 \end{theorem}
                   
Your command was ignored.
Type  I <command> <return>  to replace it with another command,
or  <return>  to continue without it.


Overfull \hbox (4.44444pt too wide) in paragraph at lines 158--162
\/cmr/m/n/10 ^^Se
 []


Overfull \hbox (29.06625pt too wide) in paragraph at lines 158--162
\/cmr/m/n/10 100\OML/cmm/m/it/10 ^^M\/cmr/m/n/10 %$
 []


Overfull \hbox (4.44444pt too wide) in paragraph at lines 158--162
\/cmr/m/n/10 ^^Xc
 []


Overfull \hbox (23.83476pt too wide) in paragraph at lines 158--162
\OML/cmm/m/it/10 ^^V[] \/cmr/m/n/10 =
 []


Overfull \hbox (18.28941pt too wide) in paragraph at lines 158--162
\OML/cmm/m/it/10 ^^V[] \OMS/cmsy/m/n/10 ^^@
 []


Overfull \hbox (10.51161pt too wide) in paragraph at lines 158--162
\OML/cmm/m/it/10 ^^V[]$
 []


! LaTeX Error: Environment theorem undefined.

See the LaTeX manual or LaTeX Companion for explanation.
Type  H <return>  for immediate help.
 ...                                              
                                                  
l.164 \begin{theorem}
                     [Existência de quantidade pivotal]
Your command was ignored.
Type  I <command> <return>  to replace it with another command,
or  <return>  to continue without it.


! LaTeX Error: Missing \begin{document}.

See the LaTeX manual or LaTeX Companion for explanation.
Type  H <return>  for immediate help.
 ...                                              
                                                  
l.164 \begin{theorem}[
                      Existência de quantidade pivotal]
You're in trouble here.  Try typing  <return>  to proceed.
If that doesn't work, type  X <return>  to quit.

Missing character: There is no [ in font nullfont!
Missing character: There is no E in font nullfont!
Missing character: There is no x in font nullfont!
Missing character: There is no i in font nullfont!
Missing character: There is no s in font nullfont!
Missing character: There is no t in font nullfont!
Missing character: There is no n in font nullfont!
Missing character: There is no c in font nullfont!
Missing character: There is no i in font nullfont!
Missing character: There is no a in font nullfont!
Missing character: There is no d in font nullfont!
Missing character: There is no e in font nullfont!
Missing character: There is no q in font nullfont!
Missing character: There is no u in font nullfont!
Missing character: There is no a in font nullfont!
Missing character: There is no n in font nullfont!
Missing character: There is no t in font nullfont!
Missing character: There is no i in font nullfont!
Missing character: There is no d in font nullfont!
Missing character: There is no a in font nullfont!
Missing character: There is no d in font nullfont!
Missing character: There is no e in font nullfont!
Missing character: There is no p in font nullfont!
Missing character: There is no i in font nullfont!
Missing character: There is no v in font nullfont!
Missing character: There is no o in font nullfont!
Missing character: There is no t in font nullfont!
Missing character: There is no a in font nullfont!
Missing character: There is no l in font nullfont!
Missing character: There is no ] in font nullfont!
Missing character: There is no S in font nullfont!
Missing character: There is no e in font nullfont!
Missing character: There is no j in font nullfont!
Missing character: There is no a in font nullfont!
Missing character: There is no m in font nullfont!
Missing character: There is no u in font nullfont!
Missing character: There is no m in font nullfont!
Missing character: There is no a in font nullfont!
Missing character: There is no A in font nullfont!
Missing character: There is no . in font nullfont!
Missing character: There is no A in font nullfont!
Missing character: There is no . in font nullfont!
Missing character: There is no o in font nullfont!
Missing character: There is no r in font nullfont!
Missing character: There is no i in font nullfont!
Missing character: There is no u in font nullfont!
Missing character: There is no n in font nullfont!
Missing character: There is no d in font nullfont!
Missing character: There is no a in font nullfont!
Missing character: There is no d in font nullfont!
Missing character: There is no e in font nullfont!
Missing character: There is no u in font nullfont!
Missing character: There is no m in font nullfont!
Missing character: There is no a in font nullfont!
Missing character: There is no p in font nullfont!
Missing character: There is no o in font nullfont!
Missing character: There is no p in font nullfont!
Missing character: There is no u in font nullfont!
Missing character: There is no l in font nullfont!
Missing character: There is no a in font nullfont!
Missing character: There is no o in font nullfont!
Missing character: There is no c in font nullfont!
Missing character: There is no o in font nullfont!
Missing character: There is no m in font nullfont!
Missing character: There is no f in font nullfont!
Missing character: There is no . in font nullfont!
Missing character: There is no d in font nullfont!
Missing character: There is no . in font nullfont!
Missing character: There is no p in font nullfont!
Missing character: There is no . in font nullfont!
Missing character: There is no e in font nullfont!
Missing character: There is no f in font nullfont!
Missing character: There is no . in font nullfont!
Missing character: There is no d in font nullfont!
Missing character: There is no . in font nullfont!
Missing character: There is no a in font nullfont!
Missing character: There is no . in font nullfont!
Missing character: There is no c in font nullfont!
Missing character: There is no o in font nullfont!
Missing character: There is no n in font nullfont!
Missing character: There is no t in font nullfont!
Missing character: There is no n in font nullfont!
Missing character: There is no u in font nullfont!
Missing character: There is no a in font nullfont!
Missing character: There is no . in font nullfont!
Missing character: There is no E in font nullfont!
Missing character: There is no n in font nullfont!
Missing character: There is no t in font nullfont!
Missing character: There is no o in font nullfont!

Overfull \hbox (24.44444pt too wide) in paragraph at lines 164--166
[]\/cmr/m/n/10 ^e
 []


Overfull \hbox (65.93625pt too wide) in paragraph at lines 164--166
\OML/cmm/m/it/10 X[]; X[]; [] ; X[]$
 []


Overfull \hbox (9.44446pt too wide) in paragraph at lines 164--166
\/cmr/m/n/10 ^^Xc~a
 []


Overfull \hbox (21.13193pt too wide) in paragraph at lines 164--166
\OML/cmm/m/it/10 f\/cmr/m/n/10 (\OML/cmm/m/it/10 x \OMS/cmsy/m/n/10 j
 []


Overfull \hbox (8.86113pt too wide) in paragraph at lines 164--166
\OML/cmm/m/it/10 ^^R\/cmr/m/n/10 )$
 []


Overfull \hbox (2.77779pt too wide) in paragraph at lines 164--166
\/cmr/m/n/10 ^^S^^P
 []


Overfull \hbox (22.97913pt too wide) in paragraph at lines 164--166
\OML/cmm/m/it/10 F\/cmr/m/n/10 (\OML/cmm/m/it/10 x \OMS/cmsy/m/n/10 j
 []


Overfull \hbox (8.86113pt too wide) in paragraph at lines 164--166
\OML/cmm/m/it/10 ^^R\/cmr/m/n/10 )$
 []


Overfull \hbox (5.00002pt too wide) in paragraph at lines 164--166
\/cmr/m/n/10 ~a 
 []

! Undefined control sequence.
l.167 ... \log F(X_i\mid\theta) \sim \operatorname
                                                  {gama}(n,1)
The control sequence at the end of the top line
of your error message was never \def'ed. If you have
misspelled it (e.g., `\hobx'), type `I' and the correct
spelling (e.g., `I\hbox'). Otherwise just continue,
and I'll forget about whatever was undefined.


Overfull \hbox (162.9325pt too wide) detected at line 168
\OML/cmm/m/it/10 Q \/cmr/m/n/10 = \OMS/cmsy/m/n/10 ^^@ [] [] \OML/cmm/m/it/10 F
\/cmr/m/n/10 (\OML/cmm/m/it/10 X[] \OMS/cmsy/m/n/10 j \OML/cmm/m/it/10 ^^R\/cmr
/m/n/10 ) \OMS/cmsy/m/n/10 ^^X []\/cmr/m/n/10 (\OML/cmm/m/it/10 n; \/cmr/m/n/10
 1)
 []

Missing character: There is no u in font nullfont!
Missing character: There is no m in font nullfont!
Missing character: There is no a in font nullfont!
Missing character: There is no q in font nullfont!
Missing character: There is no u in font nullfont!
Missing character: There is no a in font nullfont!
Missing character: There is no n in font nullfont!
Missing character: There is no t in font nullfont!
Missing character: There is no i in font nullfont!
Missing character: There is no d in font nullfont!
Missing character: There is no a in font nullfont!
Missing character: There is no d in font nullfont!
Missing character: There is no e in font nullfont!
Missing character: There is no p in font nullfont!
Missing character: There is no i in font nullfont!
Missing character: There is no v in font nullfont!
Missing character: There is no o in font nullfont!
Missing character: There is no t in font nullfont!
Missing character: There is no a in font nullfont!
Missing character: There is no l in font nullfont!
Missing character: There is no , in font nullfont!
Missing character: There is no e in font nullfont!
Missing character: There is no q in font nullfont!
Missing character: There is no u in font nullfont!
Missing character: There is no i in font nullfont!
Missing character: There is no v in font nullfont!
Missing character: There is no a in font nullfont!
Missing character: There is no l in font nullfont!
Missing character: There is no e in font nullfont!
Missing character: There is no n in font nullfont!
Missing character: There is no t in font nullfont!
Missing character: There is no e in font nullfont!
Missing character: There is no a in font nullfont!

Overfull \hbox (4.44444pt too wide) in paragraph at lines 168--170
\/cmr/m/n/10 ^^Se
 []


Overfull \hbox (81.95978pt too wide) detected at line 172
\OML/cmm/m/it/10 Q[] \/cmr/m/n/10 = [] \OML/cmm/m/it/10 F\/cmr/m/n/10 (\OML/cmm
/m/it/10 X[] \OMS/cmsy/m/n/10 j \OML/cmm/m/it/10 ^^R\/cmr/m/n/10 )\OML/cmm/m/it
/10 :
 []

Missing character: There is no O in font nullfont!
Missing character: There is no u in font nullfont!
Missing character: There is no s in font nullfont!
Missing character: There is no e in font nullfont!
Missing character: There is no j in font nullfont!
Missing character: There is no a in font nullfont!
Missing character: There is no , in font nullfont!
Missing character: There is no s in font nullfont!
Missing character: There is no e in font nullfont!
Missing character: There is no m in font nullfont!
Missing character: There is no p in font nullfont!
Missing character: There is no r in font nullfont!
Missing character: There is no e in font nullfont!
Missing character: There is no q in font nullfont!
Missing character: There is no u in font nullfont!
Missing character: There is no e in font nullfont!
Missing character: There is no a in font nullfont!
Missing character: There is no a in font nullfont!
Missing character: There is no m in font nullfont!
Missing character: There is no o in font nullfont!
Missing character: There is no s in font nullfont!
Missing character: There is no t in font nullfont!
Missing character: There is no r in font nullfont!
Missing character: There is no a in font nullfont!
Missing character: There is no v in font nullfont!
Missing character: There is no i in font nullfont!
Missing character: There is no e in font nullfont!
Missing character: There is no r in font nullfont!
Missing character: There is no d in font nullfont!
Missing character: There is no e in font nullfont!
Missing character: There is no u in font nullfont!
Missing character: There is no m in font nullfont!
Missing character: There is no a in font nullfont!
Missing character: There is no p in font nullfont!
Missing character: There is no o in font nullfont!
Missing character: There is no p in font nullfont!
Missing character: There is no u in font nullfont!
Missing character: There is no l in font nullfont!
Missing character: There is no a in font nullfont!
Missing character: There is no o in font nullfont!
Missing character: There is no c in font nullfont!
Missing character: There is no o in font nullfont!
Missing character: There is no m in font nullfont!
Missing character: There is no f in font nullfont!
Missing character: There is no . in font nullfont!
Missing character: There is no d in font nullfont!
Missing character: There is no . in font nullfont!
Missing character: There is no a in font nullfont!
Missing character: There is no . in font nullfont!
Missing character: There is no c in font nullfont!
Missing character: There is no o in font nullfont!
Missing character: There is no n in font nullfont!
Missing character: There is no t in font nullfont!
Missing character: There is no n in font nullfont!
Missing character: There is no u in font nullfont!
Missing character: There is no a in font nullfont!
Missing character: There is no , in font nullfont!
Missing character: There is no h in font nullfont!
Missing character: There is no u in font nullfont!
Missing character: There is no m in font nullfont!
Missing character: There is no a in font nullfont!
Missing character: There is no q in font nullfont!
Missing character: There is no u in font nullfont!
Missing character: There is no a in font nullfont!
Missing character: There is no n in font nullfont!
Missing character: There is no t in font nullfont!
Missing character: There is no i in font nullfont!
Missing character: There is no d in font nullfont!
Missing character: There is no a in font nullfont!
Missing character: There is no d in font nullfont!
Missing character: There is no e in font nullfont!
Missing character: There is no p in font nullfont!
Missing character: There is no i in font nullfont!
Missing character: There is no v in font nullfont!
Missing character: There is no o in font nullfont!
Missing character: There is no t in font nullfont!
Missing character: There is no a in font nullfont!
Missing character: There is no l in font nullfont!
Missing character: There is no . in font nullfont!

! LaTeX Error: \begin{document} ended by \end{theorem}.

See the LaTeX manual or LaTeX Companion for explanation.
Type  H <return>  for immediate help.
 ...                                              
                                                  
l.174 \end{theorem}
                   
Your command was ignored.
Type  I <command> <return>  to replace it with another command,
or  <return>  to continue without it.


Overfull \hbox (9.44446pt too wide) in paragraph at lines 172--176
         \/cmr/m/n/10 ^^Xc~a
 []


Overfull \hbox (2.77779pt too wide) in paragraph at lines 172--176
\/cmr/m/n/10 ^^S^^P
 []


Overfull \hbox (5.00002pt too wide) in paragraph at lines 172--176
\/cmr/m/n/10 ^^Sa
 []


! LaTeX Error: Environment note undefined.

See the LaTeX manual or LaTeX Companion for explanation.
Type  H <return>  for immediate help.
 ...                                              
                                                  
l.178 \begin{note}
                  
Your command was ignored.
Type  I <command> <return>  to replace it with another command,
or  <return>  to continue without it.


! LaTeX Error: Environment outline undefined.

See the LaTeX manual or LaTeX Companion for explanation.
Type  H <return>  for immediate help.
 ...                                              
                                                  
l.179 \begin{outline}
                     
Your command was ignored.
Type  I <command> <return>  to replace it with another command,
or  <return>  to continue without it.

! Undefined control sequence.
l.180 	\1
          Embora seja possível determinar uma quantidade pivotal sempre que...
The control sequence at the end of the top line
of your error message was never \def'ed. If you have
misspelled it (e.g., `\hobx'), type `I' and the correct
spelling (e.g., `I\hbox'). Otherwise just continue,
and I'll forget about whatever was undefined.


! LaTeX Error: Missing \begin{document}.

See the LaTeX manual or LaTeX Companion for explanation.
Type  H <return>  for immediate help.
 ...                                              
                                                  
l.180 	\1 E
           mbora seja possível determinar uma quantidade pivotal sempre que...

You're in trouble here.  Try typing  <return>  to proceed.
If that doesn't work, type  X <return>  to quit.

Missing character: There is no E in font nullfont!
Missing character: There is no m in font nullfont!
Missing character: There is no b in font nullfont!
Missing character: There is no o in font nullfont!
Missing character: There is no r in font nullfont!
Missing character: There is no a in font nullfont!
Missing character: There is no s in font nullfont!
Missing character: There is no e in font nullfont!
Missing character: There is no j in font nullfont!
Missing character: There is no a in font nullfont!
Missing character: There is no p in font nullfont!
Missing character: There is no o in font nullfont!
Missing character: There is no s in font nullfont!
Missing character: There is no s in font nullfont!
Missing character: There is no v in font nullfont!
Missing character: There is no e in font nullfont!
Missing character: There is no l in font nullfont!
Missing character: There is no d in font nullfont!
Missing character: There is no e in font nullfont!
Missing character: There is no t in font nullfont!
Missing character: There is no e in font nullfont!
Missing character: There is no r in font nullfont!
Missing character: There is no m in font nullfont!
Missing character: There is no i in font nullfont!
Missing character: There is no n in font nullfont!
Missing character: There is no a in font nullfont!
Missing character: There is no r in font nullfont!
Missing character: There is no u in font nullfont!
Missing character: There is no m in font nullfont!
Missing character: There is no a in font nullfont!
Missing character: There is no q in font nullfont!
Missing character: There is no u in font nullfont!
Missing character: There is no a in font nullfont!
Missing character: There is no n in font nullfont!
Missing character: There is no t in font nullfont!
Missing character: There is no i in font nullfont!
Missing character: There is no d in font nullfont!
Missing character: There is no a in font nullfont!
Missing character: There is no d in font nullfont!
Missing character: There is no e in font nullfont!
Missing character: There is no p in font nullfont!
Missing character: There is no i in font nullfont!
Missing character: There is no v in font nullfont!
Missing character: There is no o in font nullfont!
Missing character: There is no t in font nullfont!
Missing character: There is no a in font nullfont!
Missing character: There is no l in font nullfont!
Missing character: There is no s in font nullfont!
Missing character: There is no e in font nullfont!
Missing character: There is no m in font nullfont!
Missing character: There is no p in font nullfont!
Missing character: There is no r in font nullfont!
Missing character: There is no e in font nullfont!
Missing character: There is no q in font nullfont!
Missing character: There is no u in font nullfont!
Missing character: There is no e in font nullfont!
Missing character: There is no u in font nullfont!
Missing character: There is no m in font nullfont!
Missing character: There is no a in font nullfont!
Missing character: There is no a in font nullfont!
Missing character: There is no m in font nullfont!
Missing character: There is no o in font nullfont!
Missing character: There is no s in font nullfont!
Missing character: There is no t in font nullfont!
Missing character: There is no r in font nullfont!
Missing character: There is no a in font nullfont!
Missing character: There is no f in font nullfont!
Missing character: There is no o in font nullfont!
Missing character: There is no r in font nullfont!
Missing character: There is no o in font nullfont!
Missing character: There is no r in font nullfont!
Missing character: There is no i in font nullfont!
Missing character: There is no u in font nullfont!
Missing character: There is no n in font nullfont!
Missing character: There is no d in font nullfont!
Missing character: There is no a in font nullfont!
Missing character: There is no d in font nullfont!
Missing character: There is no e in font nullfont!
Missing character: There is no u in font nullfont!
Missing character: There is no m in font nullfont!
Missing character: There is no a in font nullfont!
Missing character: There is no p in font nullfont!
Missing character: There is no o in font nullfont!
Missing character: There is no p in font nullfont!
Missing character: There is no u in font nullfont!
Missing character: There is no l in font nullfont!
Missing character: There is no a in font nullfont!
Missing character: There is no o in font nullfont!
Missing character: There is no c in font nullfont!
Missing character: There is no o in font nullfont!
Missing character: There is no m in font nullfont!
Missing character: There is no f in font nullfont!
Missing character: There is no . in font nullfont!
Missing character: There is no d in font nullfont!
Missing character: There is no . in font nullfont!
Missing character: There is no a in font nullfont!
Missing character: There is no . in font nullfont!
Missing character: There is no c in font nullfont!
Missing character: There is no o in font nullfont!
Missing character: There is no n in font nullfont!
Missing character: There is no t in font nullfont!
Missing character: There is no n in font nullfont!
Missing character: There is no u in font nullfont!
Missing character: There is no a in font nullfont!
Missing character: There is no , in font nullfont!
Missing character: There is no n in font nullfont!
Missing character: There is no o in font nullfont!
Missing character: There is no h in font nullfont!
Missing character: There is no g in font nullfont!
Missing character: There is no a in font nullfont!
Missing character: There is no r in font nullfont!
Missing character: There is no a in font nullfont!
Missing character: There is no n in font nullfont!
Missing character: There is no t in font nullfont!
Missing character: There is no i in font nullfont!
Missing character: There is no a in font nullfont!
Missing character: There is no s in font nullfont!
Missing character: There is no d in font nullfont!
Missing character: There is no e in font nullfont!
Missing character: There is no q in font nullfont!
Missing character: There is no u in font nullfont!
Missing character: There is no e in font nullfont!
Missing character: There is no s in font nullfont!
Missing character: There is no e in font nullfont!
Missing character: There is no j in font nullfont!
Missing character: There is no a in font nullfont!
Missing character: There is no p in font nullfont!
Missing character: There is no o in font nullfont!
Missing character: There is no s in font nullfont!
Missing character: There is no s in font nullfont!
Missing character: There is no v in font nullfont!
Missing character: There is no e in font nullfont!
Missing character: There is no l in font nullfont!
Missing character: There is no d in font nullfont!
Missing character: There is no e in font nullfont!
Missing character: There is no t in font nullfont!
Missing character: There is no e in font nullfont!
Missing character: There is no r in font nullfont!
Missing character: There is no m in font nullfont!
Missing character: There is no i in font nullfont!
Missing character: There is no n in font nullfont!
Missing character: There is no a in font nullfont!
Missing character: There is no r in font nullfont!
Missing character: There is no u in font nullfont!
Missing character: There is no m in font nullfont!
Missing character: There is no I in font nullfont!
Missing character: There is no C in font nullfont!
Missing character: There is no a in font nullfont!
Missing character: There is no p in font nullfont!
Missing character: There is no a in font nullfont!
Missing character: There is no r in font nullfont!
Missing character: There is no t in font nullfont!
Missing character: There is no i in font nullfont!
Missing character: There is no r in font nullfont!
Missing character: There is no d in font nullfont!
Missing character: There is no e in font nullfont!
Missing character: There is no l in font nullfont!
Missing character: There is no a in font nullfont!
Missing character: There is no . in font nullfont!
Missing character: There is no E in font nullfont!
Missing character: There is no m in font nullfont!
Missing character: There is no o in font nullfont!
Missing character: There is no u in font nullfont!
Missing character: There is no t in font nullfont!
Missing character: There is no r in font nullfont!
Missing character: There is no a in font nullfont!
Missing character: There is no s in font nullfont!
Missing character: There is no p in font nullfont!
Missing character: There is no a in font nullfont!
Missing character: There is no l in font nullfont!
Missing character: There is no a in font nullfont!
Missing character: There is no v in font nullfont!
Missing character: There is no r in font nullfont!
Missing character: There is no a in font nullfont!
Missing character: There is no s in font nullfont!
Missing character: There is no , in font nullfont!
Missing character: There is no p in font nullfont!
Missing character: There is no o in font nullfont!
Missing character: There is no d in font nullfont!
Missing character: There is no e in font nullfont!
Missing character: There is no s in font nullfont!
Missing character: There is no e in font nullfont!
Missing character: There is no r in font nullfont!
Missing character: There is no i in font nullfont!
Missing character: There is no m in font nullfont!
Missing character: There is no p in font nullfont!
Missing character: There is no o in font nullfont!
Missing character: There is no s in font nullfont!
Missing character: There is no s in font nullfont!
Missing character: There is no v in font nullfont!
Missing character: There is no e in font nullfont!
Missing character: There is no l in font nullfont!
Missing character: There is no ` in font nullfont!
Missing character: There is no ` in font nullfont!
Missing character: There is no p in font nullfont!
Missing character: There is no i in font nullfont!
Missing character: There is no v in font nullfont!
Missing character: There is no o in font nullfont!
Missing character: There is no t in font nullfont!
Missing character: There is no a in font nullfont!
Missing character: There is no r in font nullfont!
Missing character: There is no ' in font nullfont!
Missing character: There is no ' in font nullfont!
Missing character: There is no e in font nullfont!
Missing character: There is no s in font nullfont!
Missing character: There is no s in font nullfont!
Missing character: There is no a in font nullfont!
Missing character: There is no q in font nullfont!
Missing character: There is no u in font nullfont!
Missing character: There is no a in font nullfont!
Missing character: There is no n in font nullfont!
Missing character: There is no t in font nullfont!
Missing character: There is no i in font nullfont!
Missing character: There is no d in font nullfont!
Missing character: There is no a in font nullfont!
Missing character: There is no d in font nullfont!
Missing character: There is no e in font nullfont!
Missing character: There is no . in font nullfont!
! Undefined control sequence.
l.181 	\1
          Se $F(x\mid\theta)$ for uma função monótona em $\theta$ para ca...
The control sequence at the end of the top line
of your error message was never \def'ed. If you have
misspelled it (e.g., `\hobx'), type `I' and the correct
spelling (e.g., `I\hbox'). Otherwise just continue,
and I'll forget about whatever was undefined.

Missing character: There is no S in font nullfont!
Missing character: There is no e in font nullfont!
Missing character: There is no f in font nullfont!
Missing character: There is no o in font nullfont!
Missing character: There is no r in font nullfont!
Missing character: There is no u in font nullfont!
Missing character: There is no m in font nullfont!
Missing character: There is no a in font nullfont!
Missing character: There is no f in font nullfont!
Missing character: There is no u in font nullfont!
Missing character: There is no n in font nullfont!
Missing character: There is no o in font nullfont!
Missing character: There is no m in font nullfont!
Missing character: There is no o in font nullfont!
Missing character: There is no n in font nullfont!
Missing character: There is no t in font nullfont!
Missing character: There is no o in font nullfont!
Missing character: There is no n in font nullfont!
Missing character: There is no a in font nullfont!
Missing character: There is no e in font nullfont!
Missing character: There is no m in font nullfont!
Missing character: There is no p in font nullfont!
Missing character: There is no a in font nullfont!
Missing character: There is no r in font nullfont!
Missing character: There is no a in font nullfont!
Missing character: There is no c in font nullfont!
Missing character: There is no a in font nullfont!
Missing character: There is no d in font nullfont!
Missing character: There is no a in font nullfont!
Missing character: There is no f in font nullfont!
Missing character: There is no i in font nullfont!
Missing character: There is no x in font nullfont!
Missing character: There is no a in font nullfont!
Missing character: There is no d in font nullfont!
Missing character: There is no o in font nullfont!
Missing character: There is no , in font nullfont!
Missing character: There is no e in font nullfont!
Missing character: There is no n in font nullfont!
Missing character: There is no t in font nullfont!
Missing character: There is no o in font nullfont!
Missing character: There is no t in font nullfont!
Missing character: There is no a in font nullfont!
Missing character: There is no m in font nullfont!
Missing character: There is no b in font nullfont!
Missing character: There is no m in font nullfont!
Missing character: There is no s in font nullfont!
Missing character: There is no e in font nullfont!
Missing character: There is no r in font nullfont!
Missing character: There is no . in font nullfont!
Missing character: There is no E in font nullfont!
Missing character: There is no s in font nullfont!
Missing character: There is no s in font nullfont!
Missing character: There is no a in font nullfont!
Missing character: There is no u in font nullfont!
Missing character: There is no m in font nullfont!
Missing character: There is no a in font nullfont!
Missing character: There is no c in font nullfont!
Missing character: There is no o in font nullfont!
Missing character: There is no n in font nullfont!
Missing character: There is no d in font nullfont!
Missing character: There is no i in font nullfont!
Missing character: There is no o in font nullfont!
Missing character: There is no s in font nullfont!
Missing character: There is no u in font nullfont!
Missing character: There is no f in font nullfont!
Missing character: There is no i in font nullfont!
Missing character: There is no c in font nullfont!
Missing character: There is no i in font nullfont!
Missing character: There is no e in font nullfont!
Missing character: There is no n in font nullfont!
Missing character: There is no t in font nullfont!
Missing character: There is no e in font nullfont!
Missing character: There is no p in font nullfont!
Missing character: There is no a in font nullfont!
Missing character: There is no r in font nullfont!
Missing character: There is no a in font nullfont!
Missing character: There is no q in font nullfont!
Missing character: There is no u in font nullfont!
Missing character: There is no e in font nullfont!
Missing character: There is no s in font nullfont!
Missing character: There is no e in font nullfont!
Missing character: There is no j in font nullfont!
Missing character: There is no a in font nullfont!
Missing character: There is no p in font nullfont!
Missing character: There is no o in font nullfont!
Missing character: There is no s in font nullfont!
Missing character: There is no s in font nullfont!
Missing character: There is no v in font nullfont!
Missing character: There is no e in font nullfont!
Missing character: There is no l in font nullfont!
Missing character: There is no d in font nullfont!
Missing character: There is no e in font nullfont!
Missing character: There is no t in font nullfont!
Missing character: There is no e in font nullfont!
Missing character: There is no r in font nullfont!
Missing character: There is no m in font nullfont!
Missing character: There is no i in font nullfont!
Missing character: There is no n in font nullfont!
Missing character: There is no a in font nullfont!
Missing character: There is no r in font nullfont!
Missing character: There is no i in font nullfont!
Missing character: There is no n in font nullfont!
Missing character: There is no t in font nullfont!
Missing character: There is no e in font nullfont!
Missing character: There is no r in font nullfont!
Missing character: There is no v in font nullfont!
Missing character: There is no a in font nullfont!
Missing character: There is no l in font nullfont!
Missing character: There is no o in font nullfont!
Missing character: There is no s in font nullfont!
Missing character: There is no d in font nullfont!
Missing character: There is no e in font nullfont!
Missing character: There is no c in font nullfont!
Missing character: There is no o in font nullfont!
Missing character: There is no n in font nullfont!
Missing character: There is no f in font nullfont!
Missing character: There is no i in font nullfont!
Missing character: There is no a in font nullfont!
Missing character: There is no n in font nullfont!
Missing character: There is no a in font nullfont!
Missing character: There is no . in font nullfont!

! LaTeX Error: \begin{document} ended by \end{outline}.

See the LaTeX manual or LaTeX Companion for explanation.
Type  H <return>  for immediate help.
 ...                                              
                                                  
l.182 \end{outline}
                   
Your command was ignored.
Type  I <command> <return>  to replace it with another command,
or  <return>  to continue without it.


! LaTeX Error: \begin{document} ended by \end{note}.

See the LaTeX manual or LaTeX Companion for explanation.
Type  H <return>  for immediate help.
 ...                                              
                                                  
l.183 \end{note}
                
Your command was ignored.
Type  I <command> <return>  to replace it with another command,
or  <return>  to continue without it.


Overfull \hbox (20.0pt too wide) in paragraph at lines 180--185
[]
 []


Overfull \hbox (2.77779pt too wide) in paragraph at lines 180--185
\/cmr/m/n/10 ^^S^^P
 []


Overfull \hbox (9.44446pt too wide) in paragraph at lines 180--185
\/cmr/m/n/10 ^^Xc~a
 []


Overfull \hbox (2.77779pt too wide) in paragraph at lines 180--185
\/cmr/m/n/10 ^^S^^P
 []


Overfull \hbox (5.00002pt too wide) in paragraph at lines 180--185
\/cmr/m/n/10 ~a
 []


Overfull \hbox (5.00002pt too wide) in paragraph at lines 180--185
\/cmr/m/n/10 ^^Sa
 []


Overfull \hbox (2.77779pt too wide) in paragraph at lines 180--185
\/cmr/m/n/10 ^^S^^P
 []


Overfull \hbox (2.77779pt too wide) in paragraph at lines 180--185
\/cmr/m/n/10 ^^S^^P
 []


Overfull \hbox (22.97913pt too wide) in paragraph at lines 180--185
\OML/cmm/m/it/10 F\/cmr/m/n/10 (\OML/cmm/m/it/10 x \OMS/cmsy/m/n/10 j
 []


Overfull \hbox (8.86113pt too wide) in paragraph at lines 180--185
\OML/cmm/m/it/10 ^^R\/cmr/m/n/10 )$
 []


Overfull \hbox (9.44446pt too wide) in paragraph at lines 180--185
\/cmr/m/n/10 ^^Xc~a
 []


Overfull \hbox (5.00002pt too wide) in paragraph at lines 180--185
\/cmr/m/n/10 ^^So
 []


Overfull \hbox (4.97223pt too wide) in paragraph at lines 180--185
\OML/cmm/m/it/10 ^^R$
 []


Overfull \hbox (5.71527pt too wide) in paragraph at lines 180--185
\OML/cmm/m/it/10 x$
 []


Overfull \hbox (5.00002pt too wide) in paragraph at lines 180--185
\/cmr/m/n/10 ~a
 []


Overfull \hbox (53.4433pt too wide) in paragraph at lines 180--185
[][] \OML/cmm/m/it/10 F\/cmr/m/n/10 (\OML/cmm/m/it/10 X[] \OMS/cmsy/m/n/10 j
 []


Overfull \hbox (8.86113pt too wide) in paragraph at lines 180--185
\OML/cmm/m/it/10 ^^R\/cmr/m/n/10 )$
 []


Overfull \hbox (4.44444pt too wide) in paragraph at lines 180--185
\/cmr/m/n/10 ^^Se
 []


Overfull \hbox (5.00002pt too wide) in paragraph at lines 180--185
\/cmr/m/n/10 ^^Sa
 []


Overfull \hbox (4.44444pt too wide) in paragraph at lines 180--185
\/cmr/m/n/10 ^^Se
 []


Overfull \hbox (9.44446pt too wide) in paragraph at lines 180--185
\/cmr/m/n/10 ^^Xc~a
 []


Overfull \hbox (2.77779pt too wide) in paragraph at lines 180--185
\/cmr/m/n/10 ^^S^^P
 []


Overfull \hbox (4.44444pt too wide) in paragraph at lines 180--185
\/cmr/m/n/10 ^^Xc
 []


! LaTeX Error: Environment note undefined.

See the LaTeX manual or LaTeX Companion for explanation.
Type  H <return>  for immediate help.
 ...                                              
                                                  
l.187 \begin{note}
                  
Your command was ignored.
Type  I <command> <return>  to replace it with another command,
or  <return>  to continue without it.


! LaTeX Error: Missing \begin{document}.

See the LaTeX manual or LaTeX Companion for explanation.
Type  H <return>  for immediate help.
 ...                                              
                                                  
l.188 S
       e $\theta$ for um parâmetro de locação, então a distribuição de...

You're in trouble here.  Try typing  <return>  to proceed.
If that doesn't work, type  X <return>  to quit.

Missing character: There is no S in font nullfont!
Missing character: There is no e in font nullfont!
Missing character: There is no f in font nullfont!
Missing character: There is no o in font nullfont!
Missing character: There is no r in font nullfont!
Missing character: There is no u in font nullfont!
Missing character: There is no m in font nullfont!
Missing character: There is no p in font nullfont!
Missing character: There is no a in font nullfont!
Missing character: There is no r in font nullfont!
Missing character: There is no m in font nullfont!
Missing character: There is no e in font nullfont!
Missing character: There is no t in font nullfont!
Missing character: There is no r in font nullfont!
Missing character: There is no o in font nullfont!
Missing character: There is no d in font nullfont!
Missing character: There is no e in font nullfont!
Missing character: There is no l in font nullfont!
Missing character: There is no o in font nullfont!
Missing character: There is no c in font nullfont!
Missing character: There is no a in font nullfont!
Missing character: There is no o in font nullfont!
Missing character: There is no , in font nullfont!
Missing character: There is no e in font nullfont!
Missing character: There is no n in font nullfont!
Missing character: There is no t in font nullfont!
Missing character: There is no o in font nullfont!
Missing character: There is no a in font nullfont!
Missing character: There is no d in font nullfont!
Missing character: There is no i in font nullfont!
Missing character: There is no s in font nullfont!
Missing character: There is no t in font nullfont!
Missing character: There is no r in font nullfont!
Missing character: There is no i in font nullfont!
Missing character: There is no b in font nullfont!
Missing character: There is no u in font nullfont!
Missing character: There is no i in font nullfont!
Missing character: There is no o in font nullfont!
Missing character: There is no d in font nullfont!
Missing character: There is no e in font nullfont!
Missing character: There is no n in font nullfont!
Missing character: There is no o in font nullfont!
Missing character: There is no d in font nullfont!
Missing character: There is no e in font nullfont!
Missing character: There is no p in font nullfont!
Missing character: There is no e in font nullfont!
Missing character: There is no n in font nullfont!
Missing character: There is no d in font nullfont!
Missing character: There is no e in font nullfont!
Missing character: There is no d in font nullfont!
Missing character: There is no e in font nullfont!
Missing character: There is no ; in font nullfont!
Missing character: There is no e in font nullfont!
Missing character: There is no x in font nullfont!
Missing character: There is no e in font nullfont!
Missing character: There is no m in font nullfont!
Missing character: There is no p in font nullfont!
Missing character: There is no l in font nullfont!
Missing character: There is no o in font nullfont!
Missing character: There is no s in font nullfont!
Missing character: There is no d in font nullfont!
Missing character: There is no e in font nullfont!
Missing character: There is no q in font nullfont!
Missing character: There is no u in font nullfont!
Missing character: There is no a in font nullfont!
Missing character: There is no n in font nullfont!
Missing character: There is no t in font nullfont!
Missing character: There is no i in font nullfont!
Missing character: There is no d in font nullfont!
Missing character: There is no a in font nullfont!
Missing character: There is no d in font nullfont!
Missing character: There is no e in font nullfont!
Missing character: There is no p in font nullfont!
Missing character: There is no i in font nullfont!
Missing character: There is no v in font nullfont!
Missing character: There is no o in font nullfont!
Missing character: There is no t in font nullfont!
Missing character: There is no a in font nullfont!
Missing character: There is no l in font nullfont!
Missing character: There is no s in font nullfont!
Missing character: There is no o in font nullfont!
Missing character: There is no , in font nullfont!
Missing character: There is no , in font nullfont!
Missing character: There is no , in font nullfont!
! Undefined control sequence.
<recently read> \dfrac 
                       
l.188 ...bar{X}-\theta$, $X_{(k)}-\theta$, $\dfrac
                                                  {X_{(1)}+X_{(n)}}{2}-\thet...
The control sequence at the end of the top line
of your error message was never \def'ed. If you have
misspelled it (e.g., `\hobx'), type `I' and the correct
spelling (e.g., `I\hbox'). Otherwise just continue,
and I'll forget about whatever was undefined.

Missing character: There is no , in font nullfont!
Missing character: There is no e in font nullfont!
Missing character: There is no t in font nullfont!
Missing character: There is no c in font nullfont!
Missing character: There is no . in font nullfont!

Overfull \hbox (20.0pt too wide) in paragraph at lines 188--189
[]
 []


Overfull \hbox (4.97223pt too wide) in paragraph at lines 188--189
\OML/cmm/m/it/10 ^^R$
 []


Overfull \hbox (5.00002pt too wide) in paragraph at lines 188--189
\/cmr/m/n/10 ^a
 []


Overfull \hbox (9.44446pt too wide) in paragraph at lines 188--189
\/cmr/m/n/10 ^^Xc~a
 []


Overfull \hbox (5.00002pt too wide) in paragraph at lines 188--189
\/cmr/m/n/10 ~a
 []


Overfull \hbox (9.44446pt too wide) in paragraph at lines 188--189
\/cmr/m/n/10 ^^Xc~a
 []


Overfull \hbox (19.39182pt too wide) in paragraph at lines 188--189
\OML/cmm/m/it/10 X[] \OMS/cmsy/m/n/10 ^^@
 []


Overfull \hbox (4.97223pt too wide) in paragraph at lines 188--189
\OML/cmm/m/it/10 ^^R$
 []


Overfull \hbox (5.00002pt too wide) in paragraph at lines 188--189
\/cmr/m/n/10 ~a
 []


Overfull \hbox (4.97223pt too wide) in paragraph at lines 188--189
\OML/cmm/m/it/10 ^^R$
 []


Overfull \hbox (5.00002pt too wide) in paragraph at lines 188--189
\/cmr/m/n/10 ~a
 []


Overfull \hbox (45.06836pt too wide) in paragraph at lines 188--189
[][] \OML/cmm/m/it/10 X[] \OMS/cmsy/m/n/10 ^^@
 []


Overfull \hbox (10.97458pt too wide) in paragraph at lines 188--189
\OML/cmm/m/it/10 n^^R$
 []


Overfull \hbox (16.84723pt too wide) in paragraph at lines 188--189
[] \OMS/cmsy/m/n/10 ^^@
 []


Overfull \hbox (4.97223pt too wide) in paragraph at lines 188--189
\OML/cmm/m/it/10 ^^R$
 []


Overfull \hbox (27.23273pt too wide) in paragraph at lines 188--189
\OML/cmm/m/it/10 X[] \OMS/cmsy/m/n/10 ^^@
 []


Overfull \hbox (4.97223pt too wide) in paragraph at lines 188--189
\OML/cmm/m/it/10 ^^R$
 []


Overfull \hbox (63.99893pt too wide) in paragraph at lines 188--189
[]\/cmr/m/n/10 2 \OMS/cmsy/m/n/10 ^^@
 []


Overfull \hbox (4.97223pt too wide) in paragraph at lines 188--189
\OML/cmm/m/it/10 ^^R$
 []


! LaTeX Error: Missing \begin{document}.

See the LaTeX manual or LaTeX Companion for explanation.
Type  H <return>  for immediate help.
 ...                                              
                                                  
l.190 S
       e $\theta$ for um parâmetro de escala, a distribuição de $X_i/\the...

You're in trouble here.  Try typing  <return>  to proceed.
If that doesn't work, type  X <return>  to quit.

Missing character: There is no S in font nullfont!
Missing character: There is no e in font nullfont!
Missing character: There is no f in font nullfont!
Missing character: There is no o in font nullfont!
Missing character: There is no r in font nullfont!
Missing character: There is no u in font nullfont!
Missing character: There is no m in font nullfont!
Missing character: There is no p in font nullfont!
Missing character: There is no a in font nullfont!
Missing character: There is no r in font nullfont!
Missing character: There is no m in font nullfont!
Missing character: There is no e in font nullfont!
Missing character: There is no t in font nullfont!
Missing character: There is no r in font nullfont!
Missing character: There is no o in font nullfont!
Missing character: There is no d in font nullfont!
Missing character: There is no e in font nullfont!
Missing character: There is no e in font nullfont!
Missing character: There is no s in font nullfont!
Missing character: There is no c in font nullfont!
Missing character: There is no a in font nullfont!
Missing character: There is no l in font nullfont!
Missing character: There is no a in font nullfont!
Missing character: There is no , in font nullfont!
Missing character: There is no a in font nullfont!
Missing character: There is no d in font nullfont!
Missing character: There is no i in font nullfont!
Missing character: There is no s in font nullfont!
Missing character: There is no t in font nullfont!
Missing character: There is no r in font nullfont!
Missing character: There is no i in font nullfont!
Missing character: There is no b in font nullfont!
Missing character: There is no u in font nullfont!
Missing character: There is no i in font nullfont!
Missing character: There is no o in font nullfont!
Missing character: There is no d in font nullfont!
Missing character: There is no e in font nullfont!
Missing character: There is no n in font nullfont!
Missing character: There is no o in font nullfont!
Missing character: There is no d in font nullfont!
Missing character: There is no e in font nullfont!
Missing character: There is no p in font nullfont!
Missing character: There is no e in font nullfont!
Missing character: There is no n in font nullfont!
Missing character: There is no d in font nullfont!
Missing character: There is no e in font nullfont!
Missing character: There is no d in font nullfont!
Missing character: There is no e in font nullfont!
Missing character: There is no ; in font nullfont!
Missing character: There is no e in font nullfont!
Missing character: There is no x in font nullfont!
Missing character: There is no e in font nullfont!
Missing character: There is no m in font nullfont!
Missing character: There is no p in font nullfont!
Missing character: There is no l in font nullfont!
Missing character: There is no o in font nullfont!
Missing character: There is no s in font nullfont!
Missing character: There is no d in font nullfont!
Missing character: There is no e in font nullfont!
Missing character: There is no q in font nullfont!
Missing character: There is no u in font nullfont!
Missing character: There is no a in font nullfont!
Missing character: There is no n in font nullfont!
Missing character: There is no t in font nullfont!
Missing character: There is no i in font nullfont!
Missing character: There is no d in font nullfont!
Missing character: There is no a in font nullfont!
Missing character: There is no d in font nullfont!
Missing character: There is no e in font nullfont!
Missing character: There is no p in font nullfont!
Missing character: There is no i in font nullfont!
Missing character: There is no v in font nullfont!
Missing character: There is no o in font nullfont!
Missing character: There is no t in font nullfont!
Missing character: There is no a in font nullfont!
Missing character: There is no l in font nullfont!
Missing character: There is no s in font nullfont!
Missing character: There is no o in font nullfont!
Missing character: There is no , in font nullfont!
Missing character: There is no , in font nullfont!
Missing character: There is no e in font nullfont!
Missing character: There is no t in font nullfont!
Missing character: There is no c in font nullfont!
Missing character: There is no . in font nullfont!

! LaTeX Error: \begin{document} ended by \end{note}.

See the LaTeX manual or LaTeX Companion for explanation.
Type  H <return>  for immediate help.
 ...                                              
                                                  
l.191 \end{note}
                
Your command was ignored.
Type  I <command> <return>  to replace it with another command,
or  <return>  to continue without it.


Overfull \hbox (20.0pt too wide) in paragraph at lines 190--193
[]
 []


Overfull \hbox (4.97223pt too wide) in paragraph at lines 190--193
\OML/cmm/m/it/10 ^^R$
 []


Overfull \hbox (5.00002pt too wide) in paragraph at lines 190--193
\/cmr/m/n/10 ^a
 []


Overfull \hbox (9.44446pt too wide) in paragraph at lines 190--193
\/cmr/m/n/10 ^^Xc~a
 []


Overfull \hbox (21.58626pt too wide) in paragraph at lines 190--193
\OML/cmm/m/it/10 X[]=^^R$
 []


Overfull \hbox (5.00002pt too wide) in paragraph at lines 190--193
\/cmr/m/n/10 ~a
 []


Overfull \hbox (4.97223pt too wide) in paragraph at lines 190--193
\OML/cmm/m/it/10 ^^R$
 []


Overfull \hbox (5.00002pt too wide) in paragraph at lines 190--193
\/cmr/m/n/10 ~a
 []


Overfull \hbox (47.2628pt too wide) in paragraph at lines 190--193
[][] \OML/cmm/m/it/10 X[]=^^R$
 []


Overfull \hbox (29.42717pt too wide) in paragraph at lines 190--193
\OML/cmm/m/it/10 X[]=^^R$
 []


! LaTeX Error: Environment theorem undefined.

See the LaTeX manual or LaTeX Companion for explanation.
Type  H <return>  for immediate help.
 ...                                              
                                                  
l.195 \begin{theorem}
                     [Distribuição assintótica de EMV's]
Your command was ignored.
Type  I <command> <return>  to replace it with another command,
or  <return>  to continue without it.


! LaTeX Error: Missing \begin{document}.

See the LaTeX manual or LaTeX Companion for explanation.
Type  H <return>  for immediate help.
 ...                                              
                                                  
l.195 \begin{theorem}[
                      Distribuição assintótica de EMV's]
You're in trouble here.  Try typing  <return>  to proceed.
If that doesn't work, type  X <return>  to quit.

Missing character: There is no [ in font nullfont!
Missing character: There is no D in font nullfont!
Missing character: There is no i in font nullfont!
Missing character: There is no s in font nullfont!
Missing character: There is no t in font nullfont!
Missing character: There is no r in font nullfont!
Missing character: There is no i in font nullfont!
Missing character: There is no b in font nullfont!
Missing character: There is no u in font nullfont!
Missing character: There is no i in font nullfont!
Missing character: There is no o in font nullfont!
Missing character: There is no a in font nullfont!
Missing character: There is no s in font nullfont!
Missing character: There is no s in font nullfont!
Missing character: There is no i in font nullfont!
Missing character: There is no n in font nullfont!
Missing character: There is no t in font nullfont!
Missing character: There is no t in font nullfont!
Missing character: There is no i in font nullfont!
Missing character: There is no c in font nullfont!
Missing character: There is no a in font nullfont!
Missing character: There is no d in font nullfont!
Missing character: There is no e in font nullfont!
Missing character: There is no E in font nullfont!
Missing character: There is no M in font nullfont!
Missing character: There is no V in font nullfont!
Missing character: There is no ' in font nullfont!
Missing character: There is no s in font nullfont!
Missing character: There is no ] in font nullfont!
Missing character: There is no S in font nullfont!
Missing character: There is no e in font nullfont!
Missing character: There is no j in font nullfont!
Missing character: There is no a in font nullfont!
Missing character: There is no m in font nullfont!
Missing character: There is no u in font nullfont!
Missing character: There is no m in font nullfont!
Missing character: There is no a in font nullfont!
Missing character: There is no A in font nullfont!
Missing character: There is no . in font nullfont!
Missing character: There is no A in font nullfont!
Missing character: There is no . in font nullfont!
Missing character: There is no o in font nullfont!
Missing character: There is no r in font nullfont!
Missing character: There is no i in font nullfont!
Missing character: There is no u in font nullfont!
Missing character: There is no n in font nullfont!
Missing character: There is no d in font nullfont!
Missing character: There is no a in font nullfont!
Missing character: There is no d in font nullfont!
Missing character: There is no e in font nullfont!
Missing character: There is no u in font nullfont!
Missing character: There is no m in font nullfont!
Missing character: There is no a in font nullfont!
Missing character: There is no p in font nullfont!
Missing character: There is no o in font nullfont!
Missing character: There is no p in font nullfont!
Missing character: There is no u in font nullfont!
Missing character: There is no l in font nullfont!
Missing character: There is no a in font nullfont!
Missing character: There is no o in font nullfont!
Missing character: There is no c in font nullfont!
Missing character: There is no o in font nullfont!
Missing character: There is no m in font nullfont!
Missing character: There is no f in font nullfont!
Missing character: There is no . in font nullfont!
Missing character: There is no d in font nullfont!
Missing character: There is no . in font nullfont!
Missing character: There is no a in font nullfont!
Missing character: There is no . in font nullfont!
Missing character: There is no . in font nullfont!
Missing character: There is no D in font nullfont!
Missing character: There is no e in font nullfont!
Missing character: There is no n in font nullfont!
Missing character: There is no o in font nullfont!
Missing character: There is no t in font nullfont!
Missing character: There is no e in font nullfont!
Missing character: There is no m in font nullfont!
Missing character: There is no o in font nullfont!
Missing character: There is no s in font nullfont!
Missing character: There is no p in font nullfont!
Missing character: There is no o in font nullfont!
Missing character: There is no r in font nullfont!
Missing character: There is no o in font nullfont!
Missing character: There is no E in font nullfont!
Missing character: There is no M in font nullfont!
Missing character: There is no V in font nullfont!
Missing character: There is no d in font nullfont!
Missing character: There is no e in font nullfont!
Missing character: There is no . in font nullfont!
Missing character: There is no S in font nullfont!
Missing character: There is no o in font nullfont!
Missing character: There is no b in font nullfont!
Missing character: There is no c in font nullfont!
Missing character: There is no e in font nullfont!
Missing character: There is no r in font nullfont!
Missing character: There is no t in font nullfont!
Missing character: There is no a in font nullfont!
Missing character: There is no s in font nullfont!
Missing character: There is no c in font nullfont!
Missing character: There is no o in font nullfont!
Missing character: There is no n in font nullfont!
Missing character: There is no d in font nullfont!
Missing character: There is no i in font nullfont!
Missing character: There is no e in font nullfont!
Missing character: There is no s in font nullfont!
Missing character: There is no d in font nullfont!
Missing character: There is no e in font nullfont!
Missing character: There is no r in font nullfont!
Missing character: There is no e in font nullfont!
Missing character: There is no g in font nullfont!
Missing character: There is no u in font nullfont!
Missing character: There is no l in font nullfont!
Missing character: There is no a in font nullfont!
Missing character: There is no r in font nullfont!
Missing character: There is no i in font nullfont!
Missing character: There is no d in font nullfont!
Missing character: There is no a in font nullfont!
Missing character: There is no d in font nullfont!
Missing character: There is no e in font nullfont!
Missing character: There is no , in font nullfont!

Overfull \hbox (29.44446pt too wide) in paragraph at lines 195--197
[]\/cmr/m/n/10 ^^Xc~a
 []


Overfull \hbox (5.00002pt too wide) in paragraph at lines 195--197
\/cmr/m/n/10 ^^So
 []


Overfull \hbox (65.93625pt too wide) in paragraph at lines 195--197
\OML/cmm/m/it/10 X[]; X[]; [] ; X[]$
 []


Overfull \hbox (9.44446pt too wide) in paragraph at lines 195--197
\/cmr/m/n/10 ^^Xc~a
 []


Overfull \hbox (22.97913pt too wide) in paragraph at lines 195--197
\OML/cmm/m/it/10 F\/cmr/m/n/10 (\OML/cmm/m/it/10 x \OMS/cmsy/m/n/10 j
 []


Overfull \hbox (8.86113pt too wide) in paragraph at lines 195--197
\OML/cmm/m/it/10 ^^R\/cmr/m/n/10 )$
 []


Overfull \hbox (10.13777pt too wide) in paragraph at lines 195--197
[]$
 []


Overfull \hbox (4.97223pt too wide) in paragraph at lines 195--197
\OML/cmm/m/it/10 ^^R$
 []


Overfull \hbox (9.44446pt too wide) in paragraph at lines 195--197
\/cmr/m/n/10 ^^Xc~o
 []

! Undefined control sequence.
l.198 ...n-\theta}{\sqrt{\sigma_n^2(\theta)}} \dto
                                                   \normdist(0,1),
The control sequence at the end of the top line
of your error message was never \def'ed. If you have
misspelled it (e.g., `\hobx'), type `I' and the correct
spelling (e.g., `I\hbox'). Otherwise just continue,
and I'll forget about whatever was undefined.

! Undefined control sequence.
l.198 ...\sqrt{\sigma_n^2(\theta)}} \dto \normdist
                                                  (0,1),
The control sequence at the end of the top line
of your error message was never \def'ed. If you have
misspelled it (e.g., `\hobx'), type `I' and the correct
spelling (e.g., `I\hbox'). Otherwise just continue,
and I'll forget about whatever was undefined.


Overfull \hbox (61.30753pt too wide) detected at line 199
[]\/cmr/m/n/10 (0\OML/cmm/m/it/10 ; \/cmr/m/n/10 1)\OML/cmm/m/it/10 ;
 []

Missing character: There is no q in font nullfont!
Missing character: There is no u in font nullfont!
Missing character: There is no a in font nullfont!
Missing character: There is no n in font nullfont!
Missing character: There is no d in font nullfont!
Missing character: There is no o in font nullfont!
Missing character: There is no , in font nullfont!
Missing character: There is no e in font nullfont!
Missing character: There is no m in font nullfont!
Missing character: There is no q in font nullfont!
Missing character: There is no u in font nullfont!
Missing character: There is no e in font nullfont!
Missing character: There is no c in font nullfont!
Missing character: There is no o in font nullfont!
Missing character: There is no r in font nullfont!
Missing character: There is no r in font nullfont!
Missing character: There is no e in font nullfont!
Missing character: There is no s in font nullfont!
Missing character: There is no p in font nullfont!
Missing character: There is no o in font nullfont!
Missing character: There is no n in font nullfont!
Missing character: There is no d in font nullfont!
Missing character: There is no e in font nullfont!
Missing character: There is no i in font nullfont!
Missing character: There is no n in font nullfont!
Missing character: There is no f in font nullfont!
Missing character: There is no o in font nullfont!
Missing character: There is no r in font nullfont!
Missing character: There is no m in font nullfont!
Missing character: There is no a in font nullfont!
Missing character: There is no o in font nullfont!
Missing character: There is no d in font nullfont!
Missing character: There is no e in font nullfont!
Missing character: There is no F in font nullfont!
Missing character: There is no i in font nullfont!
Missing character: There is no s in font nullfont!
Missing character: There is no h in font nullfont!
Missing character: There is no e in font nullfont!
Missing character: There is no r in font nullfont!
Missing character: There is no , in font nullfont!
Missing character: There is no o in font nullfont!
Missing character: There is no u in font nullfont!
Missing character: There is no s in font nullfont!
Missing character: There is no e in font nullfont!
Missing character: There is no j in font nullfont!
Missing character: There is no a in font nullfont!
Missing character: There is no , in font nullfont!

Overfull \hbox (18.78008pt too wide) in paragraph at lines 199--201
 $\OML/cmm/m/it/10 n \OMS/cmsy/m/n/10 !
 []


Overfull \hbox (10.00002pt too wide) in paragraph at lines 199--201
\OMS/cmsy/m/n/10 1$
 []


Overfull \hbox (44.46303pt too wide) in paragraph at lines 199--201
\/cmr/m/n/10 1\OML/cmm/m/it/10 =^^[[]\/cmr/m/n/10 (\OML/cmm/m/it/10 ^^R\/cmr/m/
n/10 ) =
 []


Overfull \hbox (22.5892pt too wide) in paragraph at lines 199--201
\OML/cmm/m/it/10 I[]\/cmr/m/n/10 (\OML/cmm/m/it/10 ^^R\/cmr/m/n/10 )$
 []


Overfull \hbox (5.00002pt too wide) in paragraph at lines 199--201
\/cmr/m/n/10 ^^Ra
 []


Overfull \hbox (9.44446pt too wide) in paragraph at lines 199--201
\/cmr/m/n/10 ^^Xc~a
 []

! Undefined control sequence.
l.202 I_n(\theta) = n\E
                       _\theta\left\{\left[\frac{\partial}{\partial\theta}\l...
The control sequence at the end of the top line
of your error message was never \def'ed. If you have
misspelled it (e.g., `\hobx'), type `I' and the correct
spelling (e.g., `I\hbox'). Otherwise just continue,
and I'll forget about whatever was undefined.

! Undefined control sequence.
l.202 ...og f(X\mid\theta)\right]^2\right\} = -n\E
                                                  _\theta\left[\frac{\partia...
The control sequence at the end of the top line
of your error message was never \def'ed. If you have
misspelled it (e.g., `\hobx'), type `I' and the correct
spelling (e.g., `I\hbox'). Otherwise just continue,
and I'll forget about whatever was undefined.


Overfull \hbox (263.28233pt too wide) detected at line 203
\OML/cmm/m/it/10 I[]\/cmr/m/n/10 (\OML/cmm/m/it/10 ^^R\/cmr/m/n/10 ) = \OML/cmm
/m/it/10 n[] [] \/cmr/m/n/10 = \OMS/cmsy/m/n/10 ^^@\OML/cmm/m/it/10 n[] [] :
 []


! LaTeX Error: \begin{document} ended by \end{theorem}.

See the LaTeX manual or LaTeX Companion for explanation.
Type  H <return>  for immediate help.
 ...                                              
                                                  
l.204 \end{theorem}
                   
Your command was ignored.
Type  I <command> <return>  to replace it with another command,
or  <return>  to continue without it.


! LaTeX Error: Environment note undefined.

See the LaTeX manual or LaTeX Companion for explanation.
Type  H <return>  for immediate help.
 ...                                              
                                                  
l.208 \begin{note}
                  
Your command was ignored.
Type  I <command> <return>  to replace it with another command,
or  <return>  to continue without it.


! LaTeX Error: Missing \begin{document}.

See the LaTeX manual or LaTeX Companion for explanation.
Type  H <return>  for immediate help.
 ...                                              
                                                  
l.209 S
       eja $\hat{\theta}_n$ um estimador tal que
You're in trouble here.  Try typing  <return>  to proceed.
If that doesn't work, type  X <return>  to quit.

Missing character: There is no S in font nullfont!
Missing character: There is no e in font nullfont!
Missing character: There is no j in font nullfont!
Missing character: There is no a in font nullfont!
Missing character: There is no u in font nullfont!
Missing character: There is no m in font nullfont!
Missing character: There is no e in font nullfont!
Missing character: There is no s in font nullfont!
Missing character: There is no t in font nullfont!
Missing character: There is no i in font nullfont!
Missing character: There is no m in font nullfont!
Missing character: There is no a in font nullfont!
Missing character: There is no d in font nullfont!
Missing character: There is no o in font nullfont!
Missing character: There is no r in font nullfont!
Missing character: There is no t in font nullfont!
Missing character: There is no a in font nullfont!
Missing character: There is no l in font nullfont!
Missing character: There is no q in font nullfont!
Missing character: There is no u in font nullfont!
Missing character: There is no e in font nullfont!

Overfull \hbox (20.0pt too wide) in paragraph at lines 209--210
[]
 []


Overfull \hbox (10.13777pt too wide) in paragraph at lines 209--210
[]$
 []

! Undefined control sequence.
l.211 ...{\theta}_n-\theta}{\sigma_n(\theta)} \dto
                                                   \normdist(0,1),
The control sequence at the end of the top line
of your error message was never \def'ed. If you have
misspelled it (e.g., `\hobx'), type `I' and the correct
spelling (e.g., `I\hbox'). Otherwise just continue,
and I'll forget about whatever was undefined.

! Undefined control sequence.
l.211 ...-\theta}{\sigma_n(\theta)} \dto \normdist
                                                  (0,1),
The control sequence at the end of the top line
of your error message was never \def'ed. If you have
misspelled it (e.g., `\hobx'), type `I' and the correct
spelling (e.g., `I\hbox'). Otherwise just continue,
and I'll forget about whatever was undefined.


Overfull \hbox (81.41426pt too wide) detected at line 212
\OML/cmm/m/it/10 Q[] \/cmr/m/n/10 = [](0\OML/cmm/m/it/10 ; \/cmr/m/n/10 1)\OML/
cmm/m/it/10 ;
 []

Missing character: There is no q in font nullfont!
Missing character: There is no u in font nullfont!
Missing character: There is no a in font nullfont!
Missing character: There is no n in font nullfont!
Missing character: There is no d in font nullfont!
Missing character: There is no o in font nullfont!
Missing character: There is no , in font nullfont!
Missing character: There is no e in font nullfont!
Missing character: There is no m in font nullfont!
Missing character: There is no q in font nullfont!
Missing character: There is no u in font nullfont!
Missing character: There is no e in font nullfont!
Missing character: There is no u in font nullfont!
Missing character: There is no m in font nullfont!
Missing character: There is no a in font nullfont!
Missing character: There is no f in font nullfont!
Missing character: There is no u in font nullfont!
Missing character: There is no n in font nullfont!
Missing character: There is no o in font nullfont!
Missing character: There is no d in font nullfont!
Missing character: There is no e in font nullfont!
Missing character: There is no q in font nullfont!
Missing character: There is no u in font nullfont!
Missing character: There is no e in font nullfont!
Missing character: There is no d in font nullfont!
Missing character: There is no e in font nullfont!
Missing character: There is no p in font nullfont!
Missing character: There is no e in font nullfont!
Missing character: There is no n in font nullfont!
Missing character: There is no d in font nullfont!
Missing character: There is no e in font nullfont!
Missing character: There is no d in font nullfont!
Missing character: There is no e in font nullfont!
Missing character: There is no . in font nullfont!
Missing character: There is no E in font nullfont!
Missing character: There is no n in font nullfont!
Missing character: There is no t in font nullfont!
Missing character: There is no o in font nullfont!
Missing character: There is no p in font nullfont!
Missing character: There is no o in font nullfont!
Missing character: There is no d in font nullfont!
Missing character: There is no e in font nullfont!
Missing character: There is no s in font nullfont!
Missing character: There is no e in font nullfont!
Missing character: There is no r in font nullfont!
Missing character: There is no t in font nullfont!
Missing character: There is no r in font nullfont!
Missing character: There is no a in font nullfont!
Missing character: There is no t in font nullfont!
Missing character: There is no a in font nullfont!
Missing character: There is no d in font nullfont!
Missing character: There is no a in font nullfont!
Missing character: There is no c in font nullfont!
Missing character: There is no o in font nullfont!
Missing character: There is no m in font nullfont!
Missing character: There is no o in font nullfont!
Missing character: There is no u in font nullfont!
Missing character: There is no m in font nullfont!
Missing character: There is no a in font nullfont!
Missing character: There is no q in font nullfont!
Missing character: There is no u in font nullfont!
Missing character: There is no a in font nullfont!
Missing character: There is no n in font nullfont!
Missing character: There is no t in font nullfont!
Missing character: There is no i in font nullfont!
Missing character: There is no d in font nullfont!
Missing character: There is no a in font nullfont!
Missing character: There is no d in font nullfont!
Missing character: There is no e in font nullfont!
Missing character: There is no p in font nullfont!
Missing character: There is no i in font nullfont!
Missing character: There is no v in font nullfont!
Missing character: There is no o in font nullfont!
Missing character: There is no t in font nullfont!
Missing character: There is no a in font nullfont!
Missing character: There is no l in font nullfont!
Missing character: There is no a in font nullfont!
Missing character: There is no p in font nullfont!
Missing character: There is no r in font nullfont!
Missing character: There is no o in font nullfont!
Missing character: There is no x in font nullfont!
Missing character: There is no i in font nullfont!
Missing character: There is no m in font nullfont!
Missing character: There is no a in font nullfont!
Missing character: There is no d in font nullfont!
Missing character: There is no a in font nullfont!
Missing character: There is no , in font nullfont!
Missing character: There is no e in font nullfont!
Missing character: There is no u in font nullfont!
Missing character: There is no m in font nullfont!
Missing character: There is no I in font nullfont!
Missing character: There is no C in font nullfont!
Missing character: There is no c in font nullfont!
Missing character: There is no o in font nullfont!
Missing character: There is no m in font nullfont!
Missing character: There is no u in font nullfont!
Missing character: There is no m in font nullfont!
Missing character: There is no n in font nullfont!
Missing character: There is no v in font nullfont!
Missing character: There is no e in font nullfont!
Missing character: There is no l in font nullfont!
Missing character: There is no d in font nullfont!
Missing character: There is no e in font nullfont!
Missing character: There is no a in font nullfont!
Missing character: There is no p in font nullfont!
Missing character: There is no r in font nullfont!
Missing character: There is no o in font nullfont!
Missing character: There is no x in font nullfont!
Missing character: There is no i in font nullfont!
Missing character: There is no m in font nullfont!
Missing character: There is no a in font nullfont!
Missing character: There is no d in font nullfont!
Missing character: There is no a in font nullfont!
Missing character: There is no m in font nullfont!
Missing character: There is no e in font nullfont!
Missing character: There is no n in font nullfont!
Missing character: There is no t in font nullfont!
Missing character: There is no e in font nullfont!
Missing character: There is no d in font nullfont!
Missing character: There is no e in font nullfont!
Missing character: There is no c in font nullfont!
Missing character: There is no o in font nullfont!
Missing character: There is no n in font nullfont!
Missing character: There is no f in font nullfont!
Missing character: There is no i in font nullfont!
Missing character: There is no a in font nullfont!
Missing character: There is no n in font nullfont!
Missing character: There is no a in font nullfont!
Missing character: There is no p in font nullfont!
Missing character: There is no o in font nullfont!
Missing character: There is no d in font nullfont!
Missing character: There is no e in font nullfont!
Missing character: There is no s in font nullfont!
Missing character: There is no e in font nullfont!
Missing character: There is no r in font nullfont!
Missing character: There is no d in font nullfont!
Missing character: There is no e in font nullfont!
Missing character: There is no t in font nullfont!
Missing character: There is no e in font nullfont!
Missing character: There is no r in font nullfont!
Missing character: There is no m in font nullfont!
Missing character: There is no i in font nullfont!
Missing character: There is no n in font nullfont!
Missing character: There is no a in font nullfont!
Missing character: There is no d in font nullfont!
Missing character: There is no o in font nullfont!
Missing character: There is no i in font nullfont!
Missing character: There is no n in font nullfont!
Missing character: There is no v in font nullfont!
Missing character: There is no e in font nullfont!
Missing character: There is no r in font nullfont!
Missing character: There is no t in font nullfont!
Missing character: There is no e in font nullfont!
Missing character: There is no n in font nullfont!
Missing character: There is no d in font nullfont!
Missing character: There is no o in font nullfont!

Overfull \hbox (18.78008pt too wide) in paragraph at lines 212--214
 $\OML/cmm/m/it/10 n \OMS/cmsy/m/n/10 !
 []


Overfull \hbox (10.00002pt too wide) in paragraph at lines 212--214
\OMS/cmsy/m/n/10 1$
 []


Overfull \hbox (23.90749pt too wide) in paragraph at lines 212--214
\OML/cmm/m/it/10 ^^[[]\/cmr/m/n/10 (\OML/cmm/m/it/10 ^^R\/cmr/m/n/10 )$
 []


Overfull \hbox (4.44444pt too wide) in paragraph at lines 212--214
\/cmr/m/n/10 ^^Se
 []


Overfull \hbox (9.44446pt too wide) in paragraph at lines 212--214
\/cmr/m/n/10 ^^Xc~a
 []


Overfull \hbox (4.97223pt too wide) in paragraph at lines 212--214
\OML/cmm/m/it/10 ^^R$
 []


Overfull \hbox (6.00235pt too wide) in paragraph at lines 212--214
\OML/cmm/m/it/10 n$
 []


Overfull \hbox (5.00002pt too wide) in paragraph at lines 212--214
\/cmr/m/n/10 ~a
 []


Overfull \hbox (13.34888pt too wide) in paragraph at lines 212--214
\OML/cmm/m/it/10 Q[]$
 []


Overfull \hbox (2.77779pt too wide) in paragraph at lines 212--214
\/cmr/m/n/10 ^^S^^P
 []


Overfull \hbox (29.06625pt too wide) in paragraph at lines 212--214
\/cmr/m/n/10 100\OML/cmm/m/it/10 ^^M\/cmr/m/n/10 %$
 []


Overfull \hbox (4.44444pt too wide) in paragraph at lines 212--214
\/cmr/m/n/10 ^^Xc
 []




! LaTeX Error: The font size command \normalsize is not defined:
               there is probably something wrong with the class file.

See the LaTeX manual or LaTeX Companion for explanation.
Type  H <return>  for immediate help.
 ...                                              
                                                  
l.214 \begin{equation}
                      
Your command was ignored.
Type  I <command> <return>  to replace it with another command,
or  <return>  to continue without it.

[2
! Undefined control sequence.
<write> \newlabel{eq:util-pub-1}{{4}{\thepage 
                                              }{}{equation.4}{}}
l.214 \begin{equation}
                      
The control sequence at the end of the top line
of your error message was never \def'ed. If you have
misspelled it (e.g., `\hobx'), type `I' and the correct
spelling (e.g., `I\hbox'). Otherwise just continue,
and I'll forget about whatever was undefined.

\newlabel{eq:util-pub-1}{{4}{}{}{equation.4}{}}
! Undefined control sequence.
<write> \newlabel{eq:dq2dq1}{{7}{\thepage 
                                          }{}{equation.7}{}}
l.214 \begin{equation}
                      
The control sequence at the end of the top line
of your error message was never \def'ed. If you have
misspelled it (e.g., `\hobx'), type `I' and the correct
spelling (e.g., `I\hbox'). Otherwise just continue,
and I'll forget about whatever was undefined.

\newlabel{eq:dq2dq1}{{7}{}{}{equation.7}{}}
]
Overfull \hbox (119.05092pt too wide) detected at line 216
\OMS/cmsy/m/n/10 ^^@\OML/cmm/m/it/10 z[] \OMS/cmsy/m/n/10 ^^T \OML/cmm/m/it/10 
Q[] \OMS/cmsy/m/n/10 ^^T \OML/cmm/m/it/10 z[];
 []

Missing character: There is no e in font nullfont!
Missing character: There is no m in font nullfont!
Missing character: There is no q in font nullfont!
Missing character: There is no u in font nullfont!
Missing character: There is no e in font nullfont!
! Undefined control sequence.
<recently read> \Pro 
                     
l.217 em que $\Pro
                  (Z\leq z_{(1+\gamma)/2})=(1+\gamma)/2$, desde que a quanti...
The control sequence at the end of the top line
of your error message was never \def'ed. If you have
misspelled it (e.g., `\hobx'), type `I' and the correct
spelling (e.g., `I\hbox'). Otherwise just continue,
and I'll forget about whatever was undefined.

Missing character: There is no , in font nullfont!
Missing character: There is no d in font nullfont!
Missing character: There is no e in font nullfont!
Missing character: There is no s in font nullfont!
Missing character: There is no d in font nullfont!
Missing character: There is no e in font nullfont!
Missing character: There is no q in font nullfont!
Missing character: There is no u in font nullfont!
Missing character: There is no e in font nullfont!
Missing character: There is no a in font nullfont!
Missing character: There is no q in font nullfont!
Missing character: There is no u in font nullfont!
Missing character: There is no a in font nullfont!
Missing character: There is no n in font nullfont!
Missing character: There is no t in font nullfont!
Missing character: There is no i in font nullfont!
Missing character: There is no d in font nullfont!
Missing character: There is no a in font nullfont!
Missing character: There is no d in font nullfont!
Missing character: There is no e in font nullfont!
Missing character: There is no p in font nullfont!
Missing character: There is no i in font nullfont!
Missing character: There is no v in font nullfont!
Missing character: There is no o in font nullfont!
Missing character: There is no t in font nullfont!
Missing character: There is no a in font nullfont!
Missing character: There is no l in font nullfont!
Missing character: There is no p in font nullfont!
Missing character: There is no o in font nullfont!
Missing character: There is no s in font nullfont!
Missing character: There is no s in font nullfont!
Missing character: There is no a in font nullfont!
Missing character: There is no s in font nullfont!
Missing character: There is no e in font nullfont!
Missing character: There is no r in font nullfont!
Missing character: There is no ` in font nullfont!
Missing character: There is no ` in font nullfont!
Missing character: There is no p in font nullfont!
Missing character: There is no i in font nullfont!
Missing character: There is no v in font nullfont!
Missing character: There is no o in font nullfont!
Missing character: There is no t in font nullfont!
Missing character: There is no a in font nullfont!
Missing character: There is no d in font nullfont!
Missing character: There is no a in font nullfont!
Missing character: There is no ' in font nullfont!
Missing character: There is no ' in font nullfont!
Missing character: There is no n in font nullfont!
Missing character: There is no a in font nullfont!
Missing character: There is no d in font nullfont!
Missing character: There is no e in font nullfont!
Missing character: There is no s in font nullfont!
Missing character: There is no i in font nullfont!
Missing character: There is no g in font nullfont!
Missing character: There is no u in font nullfont!
Missing character: There is no a in font nullfont!
Missing character: There is no l in font nullfont!
Missing character: There is no d in font nullfont!
Missing character: There is no a in font nullfont!
Missing character: There is no d in font nullfont!
Missing character: There is no e in font nullfont!
Missing character: There is no a in font nullfont!
Missing character: There is no c in font nullfont!
Missing character: There is no i in font nullfont!
Missing character: There is no m in font nullfont!
Missing character: There is no a in font nullfont!
Missing character: There is no . in font nullfont!

! LaTeX Error: \begin{document} ended by \end{note}.

See the LaTeX manual or LaTeX Companion for explanation.
Type  H <return>  for immediate help.
 ...                                              
                                                  
l.218 \end{note}
                
Your command was ignored.
Type  I <command> <return>  to replace it with another command,
or  <return>  to continue without it.

)
Overfull \hbox (21.98608pt too wide) in paragraph at lines 216--393
  $\/cmr/m/n/10 (\OML/cmm/m/it/10 Z \OMS/cmsy/m/n/10 ^^T
 []


Overfull \hbox (48.68442pt too wide) in paragraph at lines 216--393
\OML/cmm/m/it/10 z[]\/cmr/m/n/10 ) =
 []


Overfull \hbox (16.66672pt too wide) in paragraph at lines 216--393
\/cmr/m/n/10 (1 +
 []


Overfull \hbox (19.62178pt too wide) in paragraph at lines 216--393
\OML/cmm/m/it/10 ^^M\/cmr/m/n/10 )\OML/cmm/m/it/10 =\/cmr/m/n/10 2$
 []


Overfull \hbox (13.34888pt too wide) in paragraph at lines 216--393
\OML/cmm/m/it/10 Q[]$
 []

! Undefined control sequence.
l.394 \section
              {Testes de hipóteses I}
The control sequence at the end of the top line
of your error message was never \def'ed. If you have
misspelled it (e.g., `\hobx'), type `I' and the correct
spelling (e.g., `I\hbox'). Otherwise just continue,
and I'll forget about whatever was undefined.


! LaTeX Error: Missing \begin{document}.

See the LaTeX manual or LaTeX Companion for explanation.
Type  H <return>  for immediate help.
 ...                                              
                                                  
l.394 \section{T
                estes de hipóteses I}
You're in trouble here.  Try typing  <return>  to proceed.
If that doesn't work, type  X <return>  to quit.

Missing character: There is no T in font nullfont!
Missing character: There is no e in font nullfont!
Missing character: There is no s in font nullfont!
Missing character: There is no t in font nullfont!
Missing character: There is no e in font nullfont!
Missing character: There is no s in font nullfont!
Missing character: There is no d in font nullfont!
Missing character: There is no e in font nullfont!
Missing character: There is no h in font nullfont!
Missing character: There is no i in font nullfont!
Missing character: There is no p in font nullfont!
Missing character: There is no t in font nullfont!
Missing character: There is no e in font nullfont!
Missing character: There is no s in font nullfont!
Missing character: There is no e in font nullfont!
Missing character: There is no s in font nullfont!
Missing character: There is no I in font nullfont!

Overfull \hbox (20.0pt too wide) in paragraph at lines 394--395
[]
 []


Overfull \hbox (5.00002pt too wide) in paragraph at lines 394--395
\/cmr/m/n/10 ^^So
 []

! Undefined control sequence.
l.396 \section
              {Testes de hipóteses II}
The control sequence at the end of the top line
of your error message was never \def'ed. If you have
misspelled it (e.g., `\hobx'), type `I' and the correct
spelling (e.g., `I\hbox'). Otherwise just continue,
and I'll forget about whatever was undefined.


! LaTeX Error: Missing \begin{document}.

See the LaTeX manual or LaTeX Companion for explanation.
Type  H <return>  for immediate help.
 ...                                              
                                                  
l.396 \section{T
                estes de hipóteses II}
You're in trouble here.  Try typing  <return>  to proceed.
If that doesn't work, type  X <return>  to quit.

Missing character: There is no T in font nullfont!
Missing character: There is no e in font nullfont!
Missing character: There is no s in font nullfont!
Missing character: There is no t in font nullfont!
Missing character: There is no e in font nullfont!
Missing character: There is no s in font nullfont!
Missing character: There is no d in font nullfont!
Missing character: There is no e in font nullfont!
Missing character: There is no h in font nullfont!
Missing character: There is no i in font nullfont!
Missing character: There is no p in font nullfont!
Missing character: There is no t in font nullfont!
Missing character: There is no e in font nullfont!
Missing character: There is no s in font nullfont!
Missing character: There is no e in font nullfont!
Missing character: There is no s in font nullfont!
Missing character: There is no I in font nullfont!
Missing character: There is no I in font nullfont!
)
! Emergency stop.
<*> inferencia.tex
                  
*** (job aborted, no legal \end found)

 
Here is how much of TeX's memory you used:
 70 strings out of 475085
 1294 string characters out of 5764177
 489710 words of memory out of 5000000
 23173 multiletter control sequences out of 15000+600000
 558837 words of font info for 36 fonts, out of 8000000 for 9000
 61 hyphenation exceptions out of 8191
 28i,14n,32p,719b,173s stack positions out of 10000i,1000n,20000p,200000b,200000s
!  ==> Fatal error occurred, no output PDF file produced!
